dex,name,name_fix,type_1,type_2,total,hp,attack,defense,sp_atk,sp_def,speed,height_m,weight_kgs,bmi
1,Bulbasaur,Bulbasaur,Grass,Poison,318,45,49,49,65,65,45,0.7,6.9,14.1
2,Ivysaur,Ivysaur,Grass,Poison,405,60,62,63,80,80,60,1,13,13
3,Venusaur,Venusaur,Grass,Poison,525,80,82,83,100,100,80,2,100,25
3,VenusaurMega Venusaur,Mega Venusaur,Grass,Poison,625,80,100,123,122,120,80,2.4,155.5,27
4,Charmander,Charmander,Fire,NA,309,39,52,43,60,50,65,0.6,8.5,23.6
5,Charmeleon,Charmeleon,Fire,NA,405,58,64,58,80,65,80,1.1,19,15.7
6,Charizard,Charizard,Fire,Flying,534,78,84,78,109,85,100,1.7,90.5,31.3
6,CharizardMega Charizard Y,Mega Charizard Y,Fire,Flying,634,78,104,78,159,115,100,1.7,100.5,34.8
6,CharizardMega Charizard X,Mega Charizard X,Fire,Dragon,634,78,130,111,130,85,100,1.7,110.5,38.2
7,Squirtle,Squirtle,Water,NA,314,44,48,65,50,64,43,0.5,9,36
8,Wartortle,Wartortle,Water,NA,405,59,63,80,65,80,58,1,22.5,22.5
9,Blastoise,Blastoise,Water,NA,530,79,83,100,85,105,78,1.6,85.5,33.4
9,BlastoiseMega Blastoise,Mega Blastoise,Water,NA,630,79,103,120,135,115,78,1.6,101.1,39.5
10,Caterpie,Caterpie,Bug,NA,195,45,30,35,20,20,45,0.3,2.9,32.2
11,Metapod,Metapod,Bug,NA,205,50,20,55,25,25,30,0.7,9.9,20.2
12,Butterfree,Butterfree,Bug,Flying,395,60,45,50,90,80,70,1.1,32,26.4
13,Weedle,Weedle,Bug,Poison,195,40,35,30,20,20,50,0.3,3.2,35.6
14,Kakuna,Kakuna,Bug,Poison,205,45,25,50,25,25,35,0.6,10,27.8
15,BeedrillMega Beedrill,Mega Beedrill,Bug,Poison,495,65,150,40,15,80,145,1.4,40.5,20.7
15,Beedrill,Beedrill,Bug,Poison,395,65,90,40,45,80,75,1,29.5,29.5
16,Pidgey,Pidgey,Normal,Flying,251,40,45,40,35,35,56,0.3,1.8,20
17,Pidgeotto,Pidgeotto,Normal,Flying,349,63,60,55,50,50,71,1.1,30,24.8
18,PidgeotMega Pidgeot,Mega Pidgeot,Normal,Flying,579,83,80,80,135,80,121,2.2,50.5,10.4
18,Pidgeot,Pidgeot,Normal,Flying,479,83,80,75,70,70,101,1.5,39.5,17.6
19,Rattata,Rattata,Normal,NA,253,30,56,35,25,35,72,0.3,3.5,38.9
19,RattataAlolan Rattata,Alolan Rattata,Dark,Normal,253,30,56,35,25,35,72,0.3,3.8,42.2
20,Raticate,Raticate,Normal,NA,413,55,81,60,50,70,97,0.7,18.5,37.8
20,RaticateAlolan Raticate,Alolan Raticate,Dark,Normal,413,75,71,70,40,80,77,0.7,25.5,52
21,Spearow,Spearow,Normal,Flying,262,40,60,30,31,31,70,0.3,2,22.2
22,Fearow,Fearow,Normal,Flying,442,65,90,65,61,61,100,1.2,38,26.4
23,Ekans,Ekans,Poison,NA,288,35,60,44,40,54,55,2,6.9,1.7
24,Arbok,Arbok,Poison,NA,448,60,95,69,65,79,80,3.5,65,5.3
25,Pikachu,Pikachu,Electric,NA,320,35,55,40,50,50,90,0.4,6,37.5
25,PikachuPartner Pikachu,Partner Pikachu,Electric,NA,430,45,80,50,75,60,120,0.4,6,37.5
26,RaichuAlolan Raichu,Alolan Raichu,Electric,Psychic,485,60,85,50,95,85,110,0.7,21,42.9
26,Raichu,Raichu,Electric,NA,485,60,90,55,90,80,110,0.8,30,46.9
27,Sandshrew,Sandshrew,Ground,NA,300,50,75,85,20,30,40,0.6,12,33.3
27,SandshrewAlolan Sandshrew,Alolan Sandshrew,Ice,Steel,300,50,75,90,10,35,40,0.7,40,81.6
28,Sandslash,Sandslash,Ground,NA,450,75,100,110,45,55,65,1,29.5,29.5
28,SandslashAlolan Sandslash,Alolan Sandslash,Ice,Steel,450,75,100,120,25,65,65,1.2,55,38.2
29,Nidoranâ,Nidoranâ,Poison,NA,275,55,47,52,40,40,41,0.4,7,43.8
30,Nidorina,Nidorina,Poison,NA,365,70,62,67,55,55,56,0.8,20,31.3
31,Nidoqueen,Nidoqueen,Poison,Ground,505,90,92,87,75,85,76,1.3,60,35.5
32,Nidoranâ,Nidoranâ,Poison,NA,273,46,57,40,40,40,50,0.5,9,36
33,Nidorino,Nidorino,Poison,NA,365,61,72,57,55,55,65,0.9,19.5,24.1
34,Nidoking,Nidoking,Poison,Ground,505,81,102,77,85,75,85,1.4,62,31.6
35,Clefairy,Clefairy,Fairy,NA,323,70,45,48,60,65,35,0.6,7.5,20.8
36,Clefable,Clefable,Fairy,NA,483,95,70,73,95,90,60,1.3,40,23.7
37,Vulpix,Vulpix,Fire,NA,299,38,41,40,50,65,65,0.6,9.9,27.5
37,VulpixAlolan Vulpix,Alolan Vulpix,Ice,NA,299,38,41,40,50,65,65,0.6,9.9,27.5
38,Ninetales,Ninetales,Fire,NA,505,73,76,75,81,100,100,1.1,19.9,16.4
38,NinetalesAlolan Ninetales,Alolan Ninetales,Ice,Fairy,505,73,67,75,81,100,109,1.1,19.9,16.4
39,Jigglypuff,Jigglypuff,Normal,Fairy,270,115,45,20,45,25,20,0.5,5.5,22
40,Wigglytuff,Wigglytuff,Normal,Fairy,435,140,70,45,85,50,45,1,12,12
41,Zubat,Zubat,Poison,Flying,245,40,45,35,30,40,55,0.8,7.5,11.7
42,Golbat,Golbat,Poison,Flying,455,75,80,70,65,75,90,1.6,55,21.5
43,Oddish,Oddish,Grass,Poison,320,45,50,55,75,65,30,0.5,5.4,21.6
44,Gloom,Gloom,Grass,Poison,395,60,65,70,85,75,40,0.8,8.6,13.4
45,Vileplume,Vileplume,Grass,Poison,490,75,80,85,110,90,50,1.2,18.6,12.9
46,Paras,Paras,Bug,Grass,285,35,70,55,45,55,25,0.3,5.4,60
47,Parasect,Parasect,Bug,Grass,405,60,95,80,60,80,30,1,29.5,29.5
48,Venonat,Venonat,Bug,Poison,305,60,55,50,40,55,45,1,30,30
49,Venomoth,Venomoth,Bug,Poison,450,70,65,60,90,75,90,1.5,12.5,5.6
50,Diglett,Diglett,Ground,NA,265,10,55,25,35,45,95,0.2,0.8,20
50,DiglettAlolan Diglett,Alolan Diglett,Ground,Steel,265,10,55,30,35,45,90,0.2,1,25
51,Dugtrio,Dugtrio,Ground,NA,425,35,100,50,50,70,120,0.7,33.3,68
51,DugtrioAlolan Dugtrio,Alolan Dugtrio,Ground,Steel,425,35,100,60,50,70,110,0.7,66.6,135.9
52,Meowth,Meowth,Normal,NA,290,40,45,35,40,40,90,0.4,4.2,26.3
52,MeowthAlolan Meowth,Alolan Meowth,Dark,NA,290,40,35,35,50,40,90,0.4,4.2,26.3
52,MeowthGalarian Meowth,Galarian Meowth,Steel,NA,290,50,65,55,40,40,40,0.4,7.5,46.9
53,PersianAlolan Persian,Alolan Persian,Dark,NA,440,65,60,60,75,65,115,1.1,33,27.3
53,Persian,Persian,Normal,NA,440,65,70,60,65,65,115,1,32,32
54,Psyduck,Psyduck,Water,NA,320,50,52,48,65,50,55,0.8,19.6,30.6
55,Golduck,Golduck,Water,NA,500,80,82,78,95,80,85,1.7,76.6,26.5
56,Mankey,Mankey,Fighting,NA,305,40,80,35,35,45,70,0.5,28,112
57,Primeape,Primeape,Fighting,NA,455,65,105,60,60,70,95,1,32,32
58,GrowlitheHisuian Growlithe,Hisuian Growlithe,Fire,Rock,350,60,75,45,65,50,55,0.8,22.7,35.5
58,Growlithe,Growlithe,Fire,NA,350,55,70,45,70,50,60,0.7,19,38.8
59,ArcanineHisuian Arcanine,Hisuian Arcanine,Fire,Rock,555,95,115,80,95,80,90,2,168,42
59,Arcanine,Arcanine,Fire,NA,555,90,110,80,100,80,95,1.9,155,42.9
60,Poliwag,Poliwag,Water,NA,300,40,50,40,40,40,90,0.6,12.4,34.4
61,Poliwhirl,Poliwhirl,Water,NA,385,65,65,65,50,50,90,1,20,20
62,Poliwrath,Poliwrath,Water,Fighting,510,90,95,95,70,90,70,1.3,54,32
63,Abra,Abra,Psychic,NA,310,25,20,15,105,55,90,0.9,19.5,24.1
64,Kadabra,Kadabra,Psychic,NA,400,40,35,30,120,70,105,1.3,56.5,33.4
65,Alakazam,Alakazam,Psychic,NA,500,55,50,45,135,95,120,1.5,48,21.3
65,AlakazamMega Alakazam,Mega Alakazam,Psychic,NA,600,55,50,65,175,105,150,1.2,48,33.3
66,Machop,Machop,Fighting,NA,305,70,80,50,35,35,35,0.8,19.5,30.5
67,Machoke,Machoke,Fighting,NA,405,80,100,70,50,60,45,1.5,70.5,31.3
68,Machamp,Machamp,Fighting,NA,505,90,130,80,65,85,55,1.6,130,50.8
69,Bellsprout,Bellsprout,Grass,Poison,300,50,75,35,70,30,40,0.7,4,8.2
70,Weepinbell,Weepinbell,Grass,Poison,390,65,90,50,85,45,55,1,6.4,6.4
71,Victreebel,Victreebel,Grass,Poison,490,80,105,65,100,70,70,1.7,15.5,5.4
71,VictreebelMega Victreebel,Mega Victreebel,Grass,Poison,590,80,125,85,135,95,70,4.5,125.5,6.2
72,Tentacool,Tentacool,Water,Poison,335,40,40,35,50,100,70,0.9,45.5,56.2
73,Tentacruel,Tentacruel,Water,Poison,515,80,70,65,80,120,100,1.6,55,21.5
74,Geodude,Geodude,Rock,Ground,300,40,80,100,30,30,20,0.4,20,125
74,GeodudeAlolan Geodude,Alolan Geodude,Rock,Electric,300,40,80,100,30,30,20,0.4,20.3,126.9
75,Graveler,Graveler,Rock,Ground,390,55,95,115,45,45,35,1,105,105
75,GravelerAlolan Graveler,Alolan Graveler,Rock,Electric,390,55,95,115,45,45,35,1,110,110
76,GolemAlolan Golem,Alolan Golem,Rock,Electric,495,80,120,130,55,65,45,1.7,316,109.3
76,Golem,Golem,Rock,Ground,495,80,120,130,55,65,45,1.4,300,153.1
77,Ponyta,Ponyta,Fire,NA,410,50,85,55,65,65,90,1,30,30
77,PonytaGalarian Ponyta,Galarian Ponyta,Psychic,NA,410,50,85,55,65,65,90,0.8,24,37.5
78,RapidashGalarian Rapidash,Galarian Rapidash,Psychic,Fairy,500,65,100,70,80,80,105,1.7,80,27.7
78,Rapidash,Rapidash,Fire,NA,500,65,100,70,80,80,105,1.7,95,32.9
79,Slowpoke,Slowpoke,Water,Psychic,315,90,65,65,40,40,15,1.2,36,25
79,SlowpokeGalarian Slowpoke,Galarian Slowpoke,Psychic,NA,315,90,65,65,40,40,15,1.2,36,25
80,SlowbroGalarian Slowbro,Galarian Slowbro,Poison,Psychic,490,95,100,95,100,70,30,1.6,70.5,27.5
80,SlowbroMega Slowbro,Mega Slowbro,Water,Psychic,590,95,75,180,130,80,30,2,120,30
80,Slowbro,Slowbro,Water,Psychic,490,95,75,110,100,80,30,1.6,78.5,30.7
81,Magnemite,Magnemite,Electric,Steel,325,25,35,70,95,55,45,0.3,6,66.7
82,Magneton,Magneton,Electric,Steel,465,50,60,95,120,70,70,1,60,60
83,Farfetch'd,Farfetch'd,Normal,Flying,377,52,90,55,58,62,60,0.8,15,23.4
83,Farfetch'dGalarian Farfetch'd,Galarian Farfetch'd,Fighting,NA,377,52,95,55,58,62,55,0.8,42,65.6
84,Doduo,Doduo,Normal,Flying,310,35,85,45,35,35,75,1.4,39.2,20
85,Dodrio,Dodrio,Normal,Flying,470,60,110,70,60,60,110,1.8,85.2,26.3
86,Seel,Seel,Water,NA,325,65,45,55,45,70,45,1.1,90,74.4
87,Dewgong,Dewgong,Water,Ice,475,90,70,80,70,95,70,1.7,120,41.5
88,Grimer,Grimer,Poison,NA,325,80,80,50,40,50,25,0.9,30,37
88,GrimerAlolan Grimer,Alolan Grimer,Poison,Dark,325,80,80,50,40,50,25,0.7,42,85.7
89,Muk,Muk,Poison,NA,500,105,105,75,65,100,50,1.2,30,20.8
89,MukAlolan Muk,Alolan Muk,Poison,Dark,500,105,105,75,65,100,50,1,52,52
90,Shellder,Shellder,Water,NA,305,30,65,100,45,25,40,0.3,4,44.4
91,Cloyster,Cloyster,Water,Ice,525,50,95,180,85,45,70,1.5,132.5,58.9
92,Gastly,Gastly,Ghost,Poison,310,30,35,30,100,35,80,1.3,0.1,0.1
93,Haunter,Haunter,Ghost,Poison,405,45,50,45,115,55,95,1.6,0.1,0
94,Gengar,Gengar,Ghost,Poison,500,60,65,60,130,75,110,1.5,40.5,18
94,GengarMega Gengar,Mega Gengar,Ghost,Poison,600,60,65,80,170,95,130,1.4,40.5,20.7
95,Onix,Onix,Rock,Ground,385,35,45,160,30,45,70,8.8,210,2.7
96,Drowzee,Drowzee,Psychic,NA,328,60,48,45,43,90,42,1,32.4,32.4
97,Hypno,Hypno,Psychic,NA,483,85,73,70,73,115,67,1.6,75.6,29.5
98,Krabby,Krabby,Water,NA,325,30,105,90,25,25,50,0.4,6.5,40.6
99,Kingler,Kingler,Water,NA,475,55,130,115,50,50,75,1.3,60,35.5
100,Voltorb,Voltorb,Electric,NA,330,40,30,50,55,55,100,0.5,10.4,41.6
100,VoltorbHisuian Voltorb,Hisuian Voltorb,Electric,Grass,330,40,30,50,55,55,100,0.5,13,52
101,Electrode,Electrode,Electric,NA,490,60,50,70,80,80,150,1.2,66.6,46.3
101,ElectrodeHisuian Electrode,Hisuian Electrode,Electric,Grass,490,60,50,70,80,80,150,1.2,71,49.3
102,Exeggcute,Exeggcute,Grass,Psychic,325,60,40,80,60,45,40,0.4,2.5,15.6
103,ExeggutorAlolan Exeggutor,Alolan Exeggutor,Grass,Dragon,530,95,105,85,125,75,45,10.9,415.6,3.5
103,Exeggutor,Exeggutor,Grass,Psychic,530,95,95,85,125,75,55,2,120,30
104,Cubone,Cubone,Ground,NA,320,50,50,95,40,50,35,0.4,6.5,40.6
105,MarowakAlolan Marowak,Alolan Marowak,Fire,Ghost,425,60,80,110,50,80,45,1,34,34
105,Marowak,Marowak,Ground,NA,425,60,80,110,50,80,45,1,45,45
106,Hitmonlee,Hitmonlee,Fighting,NA,455,50,120,53,35,110,87,1.5,49.8,22.1
107,Hitmonchan,Hitmonchan,Fighting,NA,455,50,105,79,35,110,76,1.4,50.2,25.6
108,Lickitung,Lickitung,Normal,NA,385,90,55,75,60,75,30,1.2,65.5,45.5
109,Koffing,Koffing,Poison,NA,340,40,65,95,60,45,35,0.6,1,2.8
110,WeezingGalarian Weezing,Galarian Weezing,Poison,Fairy,490,65,90,120,85,70,60,3,16,1.8
110,Weezing,Weezing,Poison,NA,490,65,90,120,85,70,60,1.2,9.5,6.6
111,Rhyhorn,Rhyhorn,Ground,Rock,345,80,85,95,30,30,25,1,115,115
112,Rhydon,Rhydon,Ground,Rock,485,105,130,120,45,45,40,1.9,120,33.2
113,Chansey,Chansey,Normal,NA,450,250,5,5,35,105,50,1.1,34.6,28.6
114,Tangela,Tangela,Grass,NA,435,65,55,115,100,40,60,1,35,35
115,Kangaskhan,Kangaskhan,Normal,NA,490,105,95,80,40,80,90,2.2,80,16.5
115,KangaskhanMega Kangaskhan,Mega Kangaskhan,Normal,NA,590,105,125,100,60,100,100,2.2,100,20.7
116,Horsea,Horsea,Water,NA,295,30,40,70,70,25,60,0.4,8,50
117,Seadra,Seadra,Water,NA,440,55,65,95,95,45,85,1.2,25,17.4
118,Goldeen,Goldeen,Water,NA,320,45,67,60,35,50,63,0.6,15,41.7
119,Seaking,Seaking,Water,NA,450,80,92,65,65,80,68,1.3,39,23.1
120,Staryu,Staryu,Water,NA,340,30,45,55,70,55,85,0.8,34.5,53.9
121,Starmie,Starmie,Water,Psychic,520,60,75,85,100,85,115,1.1,80,66.1
122,Mr. MimeGalarian Mr. Mime,Mr. MimeGalarian Mr. Mime,Ice,Psychic,460,50,65,65,90,90,100,1.4,56.8,29
122,Mr. Mime,Mr. Mime,Psychic,Fairy,460,40,45,65,100,120,90,1.3,54.5,32.2
123,Scyther,Scyther,Bug,Flying,500,70,110,80,55,80,105,1.5,56,24.9
124,Jynx,Jynx,Ice,Psychic,455,65,50,35,115,95,95,1.4,40.6,20.7
125,Electabuzz,Electabuzz,Electric,NA,490,65,83,57,95,85,105,1.1,30,24.8
126,Magmar,Magmar,Fire,NA,495,65,95,57,100,85,93,1.3,44.5,26.3
127,PinsirMega Pinsir,Mega Pinsir,Bug,Flying,600,65,155,120,65,90,105,1.7,59,20.4
127,Pinsir,Pinsir,Bug,NA,500,65,125,100,55,70,85,1.5,55,24.4
128,TaurosBlaze Breed,TaurosBlaze Breed,Fighting,Fire,490,75,110,105,30,70,100,1.4,85,43.4
128,Tauros,Tauros,Normal,NA,490,75,100,95,40,70,110,1.4,88.4,45.1
128,TaurosAqua Breed,TaurosAqua Breed,Fighting,Water,490,75,110,105,30,70,100,1.4,110,56.1
128,TaurosCombat Breed,TaurosCombat Breed,Fighting,NA,490,75,110,105,30,70,100,1.4,115,58.7
129,Magikarp,Magikarp,Water,NA,200,20,10,55,15,20,80,0.9,10,12.3
130,Gyarados,Gyarados,Water,Flying,540,95,125,79,60,100,81,6.5,235,5.6
130,GyaradosMega Gyarados,Mega Gyarados,Water,Dark,640,95,155,109,70,130,81,6.5,305,7.2
131,Lapras,Lapras,Water,Ice,535,130,85,80,85,95,60,2.5,220,35.2
132,Ditto,Ditto,Normal,NA,288,48,48,48,48,48,48,0.3,4,44.4
133,Eevee,Eevee,Normal,NA,325,55,55,50,45,65,55,0.3,6.5,72.2
133,EeveePartner Eevee,Partner Eevee,Normal,NA,435,65,75,70,65,85,75,0.3,6.5,72.2
134,Vaporeon,Vaporeon,Water,NA,525,130,65,60,110,95,65,1,29,29
135,Jolteon,Jolteon,Electric,NA,525,65,65,60,110,95,130,0.8,24.5,38.3
136,Flareon,Flareon,Fire,NA,525,65,130,60,95,110,65,0.9,25,30.9
137,Porygon,Porygon,Normal,NA,395,65,60,70,85,75,40,0.8,36.5,57
138,Omanyte,Omanyte,Rock,Water,355,35,40,100,90,55,35,0.4,7.5,46.9
139,Omastar,Omastar,Rock,Water,495,70,60,125,115,70,55,1,35,35
140,Kabuto,Kabuto,Rock,Water,355,30,80,90,55,45,55,0.5,11.5,46
141,Kabutops,Kabutops,Rock,Water,495,60,115,105,65,70,80,1.3,40.5,24
142,AerodactylMega Aerodactyl,Mega Aerodactyl,Rock,Flying,615,80,135,85,70,95,150,2.1,79,17.9
142,Aerodactyl,Aerodactyl,Rock,Flying,515,80,105,65,60,75,130,1.8,59,18.2
143,Snorlax,Snorlax,Normal,NA,540,160,110,65,65,110,30,2.1,460,104.3
144,ArticunoGalarian Articuno,Galarian Articuno,Psychic,Flying,580,90,85,85,125,100,95,1.7,50.9,17.6
144,Articuno,Articuno,Ice,Flying,580,90,85,100,95,125,85,1.7,55.4,19.2
145,Zapdos,Zapdos,Electric,Flying,580,90,90,85,125,90,100,1.6,52.6,20.5
145,ZapdosGalarian Zapdos,Galarian Zapdos,Fighting,Flying,580,90,125,90,85,90,100,1.6,58.2,22.7
146,Moltres,Moltres,Fire,Flying,580,90,100,90,125,85,90,2,60,15
146,MoltresGalarian Moltres,Galarian Moltres,Dark,Flying,580,90,85,90,100,125,90,2,66,16.5
147,Dratini,Dratini,Dragon,NA,300,41,64,45,50,50,50,1.8,3.3,1
148,Dragonair,Dragonair,Dragon,NA,420,61,84,65,70,70,70,4,16.5,1
149,Dragonite,Dragonite,Dragon,Flying,600,91,134,95,100,100,80,2.2,210,43.4
149,DragoniteMega Dragonite,Mega Dragonite,Dragon,Flying,700,91,124,115,145,125,100,2.2,290,59.9
150,MewtwoMega Mewtwo Y,Mega Mewtwo Y,Psychic,NA,780,106,150,70,194,120,140,1.5,33,14.7
150,MewtwoMega Mewtwo X,Mega Mewtwo X,Psychic,Fighting,780,106,190,100,154,100,130,2.3,127,24
150,Mewtwo,Mewtwo,Psychic,NA,680,106,110,90,154,90,130,2,122,30.5
151,Mew,Mew,Psychic,NA,600,100,100,100,100,100,100,0.4,4,25
152,Chikorita,Chikorita,Grass,NA,318,45,49,65,49,65,45,0.9,6.4,7.9
153,Bayleef,Bayleef,Grass,NA,405,60,62,80,63,80,60,1.2,15.8,11
154,Meganium,Meganium,Grass,NA,525,80,82,100,83,100,80,1.8,100.5,31
155,Cyndaquil,Cyndaquil,Fire,NA,309,39,52,43,60,50,65,0.5,7.9,31.6
156,Quilava,Quilava,Fire,NA,405,58,64,58,80,65,80,0.9,19,23.5
157,TyphlosionHisuian Typhlosion,Hisuian Typhlosion,Fire,Ghost,534,73,84,78,119,85,95,1.6,69.8,27.3
157,Typhlosion,Typhlosion,Fire,NA,534,78,84,78,109,85,100,1.7,79.5,27.5
158,Totodile,Totodile,Water,NA,314,50,65,64,44,48,43,0.6,9.5,26.4
159,Croconaw,Croconaw,Water,NA,405,65,80,80,59,63,58,1.1,25,20.7
160,Feraligatr,Feraligatr,Water,NA,530,85,105,100,79,83,78,2.3,88.8,16.8
161,Sentret,Sentret,Normal,NA,215,35,46,34,35,45,20,0.8,6,9.4
162,Furret,Furret,Normal,NA,415,85,76,64,45,55,90,1.8,32.5,10
163,Hoothoot,Hoothoot,Normal,Flying,262,60,30,30,36,56,50,0.7,21.2,43.3
164,Noctowl,Noctowl,Normal,Flying,452,100,50,50,86,96,70,1.6,40.8,15.9
165,Ledyba,Ledyba,Bug,Flying,265,40,20,30,40,80,55,1,10.8,10.8
166,Ledian,Ledian,Bug,Flying,390,55,35,50,55,110,85,1.4,35.6,18.2
167,Spinarak,Spinarak,Bug,Poison,250,40,60,40,40,40,30,0.5,8.5,34
168,Ariados,Ariados,Bug,Poison,400,70,90,70,60,70,40,1.1,33.5,27.7
169,Crobat,Crobat,Poison,Flying,535,85,90,80,70,80,130,1.8,75,23.1
170,Chinchou,Chinchou,Water,Electric,330,75,38,38,56,56,67,0.5,12,48
171,Lanturn,Lanturn,Water,Electric,460,125,58,58,76,76,67,1.2,22.5,15.6
172,Pichu,Pichu,Electric,NA,205,20,40,15,35,35,60,0.3,2,22.2
173,Cleffa,Cleffa,Fairy,NA,218,50,25,28,45,55,15,0.3,3,33.3
174,Igglybuff,Igglybuff,Normal,Fairy,210,90,30,15,40,20,15,0.3,1,11.1
175,Togepi,Togepi,Fairy,NA,245,35,20,65,40,65,20,0.3,1.5,16.7
176,Togetic,Togetic,Fairy,Flying,405,55,40,85,80,105,40,0.6,3.2,8.9
177,Natu,Natu,Psychic,Flying,320,40,50,45,70,45,70,0.2,2,50
178,Xatu,Xatu,Psychic,Flying,470,65,75,70,95,70,95,1.5,15,6.7
179,Mareep,Mareep,Electric,NA,280,55,40,40,65,45,35,0.6,7.8,21.7
180,Flaaffy,Flaaffy,Electric,NA,365,70,55,55,80,60,45,0.8,13.3,20.8
181,Ampharos,Ampharos,Electric,NA,510,90,75,85,115,90,55,1.4,61.5,31.4
181,AmpharosMega Ampharos,Mega Ampharos,Electric,Dragon,610,90,95,105,165,110,45,1.4,61.5,31.4
182,Bellossom,Bellossom,Grass,NA,490,75,80,95,90,100,50,0.4,5.8,36.3
183,Marill,Marill,Water,Fairy,250,70,20,50,20,50,40,0.4,8.5,53.1
184,Azumarill,Azumarill,Water,Fairy,420,100,50,80,60,80,50,0.8,28.5,44.5
185,Sudowoodo,Sudowoodo,Rock,NA,410,70,100,115,30,65,30,1.2,38,26.4
186,Politoed,Politoed,Water,NA,500,90,75,75,90,100,70,1.1,33.9,28
187,Hoppip,Hoppip,Grass,Flying,250,35,35,40,35,55,50,0.4,0.5,3.1
188,Skiploom,Skiploom,Grass,Flying,340,55,45,50,45,65,80,0.6,1,2.8
189,Jumpluff,Jumpluff,Grass,Flying,460,75,55,70,55,95,110,0.8,3,4.7
190,Aipom,Aipom,Normal,NA,360,55,70,55,40,55,85,0.8,11.5,18
191,Sunkern,Sunkern,Grass,NA,180,30,30,30,30,30,30,0.3,1.8,20
192,Sunflora,Sunflora,Grass,NA,425,75,75,55,105,85,30,0.8,8.5,13.3
193,Yanma,Yanma,Bug,Flying,390,65,65,45,75,45,95,1.2,38,26.4
194,Wooper,Wooper,Water,Ground,210,55,45,45,25,25,15,0.4,8.5,53.1
194,WooperPaldean Wooper,Paldean Wooper,Poison,Ground,210,55,45,45,25,25,15,0.4,11,68.8
195,Quagsire,Quagsire,Water,Ground,430,95,85,85,65,65,35,1.4,75,38.3
196,Espeon,Espeon,Psychic,NA,525,65,65,60,130,95,110,0.9,26.5,32.7
197,Umbreon,Umbreon,Dark,NA,525,95,65,110,60,130,65,1,27,27
198,Murkrow,Murkrow,Dark,Flying,405,60,85,42,85,42,91,0.5,2.1,8.4
199,Slowking,Slowking,Water,Psychic,490,95,75,80,100,110,30,2,79.5,19.9
199,SlowkingGalarian Slowking,Galarian Slowking,Poison,Psychic,490,95,65,80,110,110,30,1.8,79.5,24.5
200,Misdreavus,Misdreavus,Ghost,NA,435,60,60,60,85,85,85,0.7,1,2
201,Unown,Unown,Psychic,NA,336,48,72,48,72,48,48,0.5,5,20
202,Wobbuffet,Wobbuffet,Psychic,NA,405,190,33,58,33,58,33,1.3,28.5,16.9
203,Girafarig,Girafarig,Normal,Psychic,455,70,80,65,90,65,85,1.5,41.5,18.4
204,Pineco,Pineco,Bug,NA,290,50,65,90,35,35,15,0.6,7.2,20
205,Forretress,Forretress,Bug,Steel,465,75,90,140,60,60,40,1.2,125.8,87.4
206,Dunsparce,Dunsparce,Normal,NA,415,100,70,70,65,65,45,1.5,14,6.2
207,Gligar,Gligar,Ground,Flying,430,65,75,105,35,65,85,1.1,64.8,53.6
208,Steelix,Steelix,Steel,Ground,510,75,85,200,55,65,30,9.2,400,4.7
208,SteelixMega Steelix,Mega Steelix,Steel,Ground,610,75,125,230,55,95,30,10.5,740,6.7
209,Snubbull,Snubbull,Fairy,NA,300,60,80,50,40,40,30,0.6,7.8,21.7
210,Granbull,Granbull,Fairy,NA,450,90,120,75,60,60,45,1.4,48.7,24.8
211,Qwilfish,Qwilfish,Water,Poison,440,65,95,85,55,55,85,0.5,3.9,15.6
211,QwilfishHisuian Qwilfish,Hisuian Qwilfish,Dark,Poison,440,65,95,85,55,55,85,0.5,3.9,15.6
212,ScizorMega Scizor,Mega Scizor,Bug,Steel,600,70,150,140,65,100,75,2,125,31.3
212,Scizor,Scizor,Bug,Steel,500,70,130,100,55,80,65,1.8,118,36.4
213,Shuckle,Shuckle,Bug,Rock,505,20,10,230,10,230,5,0.6,20.5,56.9
214,HeracrossMega Heracross,Mega Heracross,Bug,Fighting,600,80,185,115,40,105,75,1.7,62.5,21.6
214,Heracross,Heracross,Bug,Fighting,500,80,125,75,40,95,85,1.5,54,24
215,SneaselHisuian Sneasel,Hisuian Sneasel,Fighting,Poison,430,55,95,55,35,75,115,0.9,27,33.3
215,Sneasel,Sneasel,Dark,Ice,430,55,95,55,35,75,115,0.9,28,34.6
216,Teddiursa,Teddiursa,Normal,NA,330,60,80,50,50,50,40,0.6,8.8,24.4
217,Ursaring,Ursaring,Normal,NA,500,90,130,75,75,75,55,1.8,125.8,38.8
218,Slugma,Slugma,Fire,NA,250,40,40,40,70,40,20,0.7,35,71.4
219,Magcargo,Magcargo,Fire,Rock,430,60,50,120,90,80,30,0.8,55,85.9
220,Swinub,Swinub,Ice,Ground,250,50,50,40,30,30,50,0.4,6.5,40.6
221,Piloswine,Piloswine,Ice,Ground,450,100,100,80,60,60,50,1.1,55.8,46.1
222,CorsolaGalarian Corsola,Galarian Corsola,Ghost,NA,410,60,55,100,65,100,30,0.6,0.5,1.4
222,Corsola,Corsola,Water,Rock,410,65,55,95,65,95,35,0.6,5,13.9
223,Remoraid,Remoraid,Water,NA,300,35,65,35,65,35,65,0.6,12,33.3
224,Octillery,Octillery,Water,NA,480,75,105,75,105,75,45,0.9,28.5,35.2
225,Delibird,Delibird,Ice,Flying,330,45,55,45,65,45,75,0.9,16,19.8
226,Mantine,Mantine,Water,Flying,485,85,40,70,80,140,70,2.1,220,49.9
227,Skarmory,Skarmory,Steel,Flying,465,65,80,140,40,70,70,1.7,50.5,17.5
228,Houndour,Houndour,Dark,Fire,330,45,60,30,80,50,65,0.6,10.8,30
229,HoundoomMega Houndoom,Mega Houndoom,Dark,Fire,600,75,90,90,140,90,115,1.9,49.5,13.7
229,Houndoom,Houndoom,Dark,Fire,500,75,90,50,110,80,95,1.4,35,17.9
230,Kingdra,Kingdra,Water,Dragon,540,75,95,95,95,95,85,1.8,152,46.9
231,Phanpy,Phanpy,Ground,NA,330,90,60,60,40,40,40,0.5,33.5,134
232,Donphan,Donphan,Ground,NA,500,90,120,120,60,60,50,1.1,120,99.2
233,Porygon2,Porygon2,Normal,NA,515,85,80,90,105,95,60,0.6,32.5,90.3
234,Stantler,Stantler,Normal,NA,465,73,95,62,85,65,85,1.4,71.2,36.3
235,Smeargle,Smeargle,Normal,NA,250,55,20,35,20,45,75,1.2,58,40.3
236,Tyrogue,Tyrogue,Fighting,NA,210,35,35,35,35,35,35,0.7,21,42.9
237,Hitmontop,Hitmontop,Fighting,NA,455,50,95,95,35,110,70,1.4,48,24.5
238,Smoochum,Smoochum,Ice,Psychic,305,45,30,15,85,65,65,0.4,6,37.5
239,Elekid,Elekid,Electric,NA,360,45,63,37,65,55,95,0.6,23.5,65.3
240,Magby,Magby,Fire,NA,365,45,75,37,70,55,83,0.7,21.4,43.7
241,Miltank,Miltank,Normal,NA,490,95,80,105,40,70,100,1.2,75.5,52.4
242,Blissey,Blissey,Normal,NA,540,255,10,10,75,135,55,1.5,46.8,20.8
243,Raikou,Raikou,Electric,NA,580,90,85,75,115,100,115,1.9,178,49.3
244,Entei,Entei,Fire,NA,580,115,115,85,90,75,100,2.1,198,44.9
245,Suicune,Suicune,Water,NA,580,100,75,115,90,115,85,2,187,46.8
246,Larvitar,Larvitar,Rock,Ground,300,50,64,50,45,50,41,0.6,72,200
247,Pupitar,Pupitar,Rock,Ground,410,70,84,70,65,70,51,1.2,152,105.6
248,TyranitarMega Tyranitar,Mega Tyranitar,Rock,Dark,700,100,164,150,95,120,71,2.5,255,40.8
248,Tyranitar,Tyranitar,Rock,Dark,600,100,134,110,95,100,61,2,202,50.5
249,Lugia,Lugia,Psychic,Flying,680,106,90,130,90,154,110,5.2,216,8
250,Ho-oh,Ho-oh,Fire,Flying,680,106,130,90,110,154,90,3.8,199,13.8
251,Celebi,Celebi,Psychic,Grass,600,100,100,100,100,100,100,0.6,5,13.9
252,Treecko,Treecko,Grass,NA,310,40,45,35,65,55,70,0.5,5,20
253,Grovyle,Grovyle,Grass,NA,405,50,65,45,85,65,95,0.9,21.6,26.7
254,SceptileMega Sceptile,Mega Sceptile,Grass,Dragon,630,70,110,75,145,85,145,1.9,55.2,15.3
254,Sceptile,Sceptile,Grass,NA,530,70,85,65,105,85,120,1.7,52.2,18.1
255,Torchic,Torchic,Fire,NA,310,45,60,40,70,50,45,0.4,2.5,15.6
256,Combusken,Combusken,Fire,Fighting,405,60,85,60,85,60,55,0.9,19.5,24.1
257,Blaziken,Blaziken,Fire,Fighting,530,80,120,70,110,70,80,1.9,52,14.4
257,BlazikenMega Blaziken,Mega Blaziken,Fire,Fighting,630,80,160,80,130,80,100,1.9,52,14.4
258,Mudkip,Mudkip,Water,NA,310,50,70,50,50,50,40,0.4,7.6,47.5
259,Marshtomp,Marshtomp,Water,Ground,405,70,85,70,60,70,50,0.7,28,57.1
260,SwampertMega Swampert,Mega Swampert,Water,Ground,635,100,150,110,95,110,70,1.9,102,28.3
260,Swampert,Swampert,Water,Ground,535,100,110,90,85,90,60,1.5,81.9,36.4
261,Poochyena,Poochyena,Dark,NA,220,35,55,35,30,30,35,0.5,13.6,54.4
262,Mightyena,Mightyena,Dark,NA,420,70,90,70,60,60,70,1,37,37
263,Zigzagoon,Zigzagoon,Normal,NA,240,38,30,41,30,41,60,0.4,17.5,109.4
263,ZigzagoonGalarian Zigzagoon,Galarian Zigzagoon,Dark,Normal,240,38,30,41,30,41,60,0.4,17.5,109.4
264,Linoone,Linoone,Normal,NA,420,78,70,61,50,61,100,0.5,32.5,130
264,LinooneGalarian Linoone,Galarian Linoone,Dark,Normal,420,78,70,61,50,61,100,0.5,32.5,130
265,Wurmple,Wurmple,Bug,NA,195,45,45,35,20,30,20,0.3,3.6,40
266,Silcoon,Silcoon,Bug,NA,205,50,35,55,25,25,15,0.6,10,27.8
267,Beautifly,Beautifly,Bug,Flying,395,60,70,50,100,50,65,1,28.4,28.4
268,Cascoon,Cascoon,Bug,NA,205,50,35,55,25,25,15,0.7,11.5,23.5
269,Dustox,Dustox,Bug,Poison,385,60,50,70,50,90,65,1.2,31.6,21.9
270,Lotad,Lotad,Water,Grass,220,40,30,30,40,50,30,0.5,2.6,10.4
271,Lombre,Lombre,Water,Grass,340,60,50,50,60,70,50,1.2,32.5,22.6
272,Ludicolo,Ludicolo,Water,Grass,480,80,70,70,90,100,70,1.5,55,24.4
273,Seedot,Seedot,Grass,NA,220,40,40,50,30,30,30,0.5,4,16
274,Nuzleaf,Nuzleaf,Grass,Dark,340,70,70,40,60,40,60,1,28,28
275,Shiftry,Shiftry,Grass,Dark,480,90,100,60,90,60,80,1.3,59.6,35.3
276,Taillow,Taillow,Normal,Flying,270,40,55,30,30,30,85,0.3,2.3,25.6
277,Swellow,Swellow,Normal,Flying,455,60,85,60,75,50,125,0.7,19.8,40.4
278,Wingull,Wingull,Water,Flying,270,40,30,30,55,30,85,0.6,9.5,26.4
279,Pelipper,Pelipper,Water,Flying,440,60,50,100,95,70,65,1.2,28,19.4
280,Ralts,Ralts,Psychic,Fairy,198,28,25,25,45,35,40,0.4,6.6,41.3
281,Kirlia,Kirlia,Psychic,Fairy,278,38,35,35,65,55,50,0.8,20.2,31.6
282,Gardevoir,Gardevoir,Psychic,Fairy,518,68,65,65,125,115,80,1.6,48.4,18.9
282,GardevoirMega Gardevoir,Mega Gardevoir,Psychic,Fairy,618,68,85,65,165,135,100,1.6,48.4,18.9
283,Surskit,Surskit,Bug,Water,269,40,30,32,50,52,65,0.5,1.7,6.8
284,Masquerain,Masquerain,Bug,Flying,454,70,60,62,100,82,80,0.8,3.6,5.6
285,Shroomish,Shroomish,Grass,NA,295,60,40,60,40,60,35,0.4,4.5,28.1
286,Breloom,Breloom,Grass,Fighting,460,60,130,80,60,60,70,1.2,39.2,27.2
287,Slakoth,Slakoth,Normal,NA,280,60,60,60,35,35,30,0.8,24,37.5
288,Vigoroth,Vigoroth,Normal,NA,440,80,80,80,55,55,90,1.4,46.5,23.7
289,Slaking,Slaking,Normal,NA,670,150,160,100,95,65,100,2,130.5,32.6
290,Nincada,Nincada,Bug,Ground,266,31,45,90,30,30,40,0.5,5.5,22
291,Ninjask,Ninjask,Bug,Flying,456,61,90,45,50,50,160,0.8,12,18.8
292,Shedinja,Shedinja,Bug,Ghost,236,1,90,45,30,30,40,0.8,1.2,1.9
293,Whismur,Whismur,Normal,NA,240,64,51,23,51,23,28,0.6,16.3,45.3
294,Loudred,Loudred,Normal,NA,360,84,71,43,71,43,48,1,40.5,40.5
295,Exploud,Exploud,Normal,NA,490,104,91,63,91,73,68,1.5,84,37.3
296,Makuhita,Makuhita,Fighting,NA,237,72,60,30,20,30,25,1,86.4,86.4
297,Hariyama,Hariyama,Fighting,NA,474,144,120,60,40,60,50,2.3,253.8,48
298,Azurill,Azurill,Normal,Fairy,190,50,20,40,20,40,20,0.2,2,50
299,Nosepass,Nosepass,Rock,NA,375,30,45,135,45,90,30,1,97,97
300,Skitty,Skitty,Normal,NA,260,50,45,45,35,35,50,0.6,11,30.6
301,Delcatty,Delcatty,Normal,NA,400,70,65,65,55,55,90,1.1,32.6,26.9
302,Sableye,Sableye,Dark,Ghost,380,50,75,75,65,65,50,0.5,11,44
302,SableyeMega Sableye,Mega Sableye,Dark,Ghost,480,50,85,125,85,115,20,0.5,161,644
303,MawileMega Mawile,Mega Mawile,Steel,Fairy,480,50,105,125,55,95,50,1,23.5,23.5
303,Mawile,Mawile,Steel,Fairy,380,50,85,85,55,55,50,0.6,11.5,31.9
304,Aron,Aron,Steel,Rock,330,50,70,100,40,40,30,0.4,60,375
305,Lairon,Lairon,Steel,Rock,430,60,90,140,50,50,40,0.9,120,148.1
306,Aggron,Aggron,Steel,Rock,530,70,110,180,60,60,50,2.1,360,81.6
306,AggronMega Aggron,Mega Aggron,Steel,NA,630,70,140,230,60,80,50,2.2,395,81.6
307,Meditite,Meditite,Fighting,Psychic,280,30,40,55,40,55,60,0.6,11.2,31.1
308,Medicham,Medicham,Fighting,Psychic,410,60,60,75,60,75,80,1.3,31.5,18.6
308,MedichamMega Medicham,Mega Medicham,Fighting,Psychic,510,60,100,85,80,85,100,1.3,31.5,18.6
309,Electrike,Electrike,Electric,NA,295,40,45,40,65,40,65,0.6,15.2,42.2
310,ManectricMega Manectric,Mega Manectric,Electric,NA,575,70,75,80,135,80,135,1.8,44,13.6
310,Manectric,Manectric,Electric,NA,475,70,75,60,105,60,105,1.5,40.2,17.9
311,Plusle,Plusle,Electric,NA,405,60,50,40,85,75,95,0.4,4.2,26.3
312,Minun,Minun,Electric,NA,405,60,40,50,75,85,95,0.4,4.2,26.3
313,Volbeat,Volbeat,Bug,NA,430,65,73,75,47,85,85,0.7,17.7,36.1
314,Illumise,Illumise,Bug,NA,430,65,47,75,73,85,85,0.6,17.7,49.2
315,Roselia,Roselia,Grass,Poison,400,50,60,45,100,80,65,0.3,2,22.2
316,Gulpin,Gulpin,Poison,NA,302,70,43,53,43,53,40,0.4,10.3,64.4
317,Swalot,Swalot,Poison,NA,467,100,73,83,73,83,55,1.7,80,27.7
318,Carvanha,Carvanha,Water,Dark,305,45,90,20,65,20,65,0.8,20.8,32.5
319,SharpedoMega Sharpedo,Mega Sharpedo,Water,Dark,560,70,140,70,110,65,105,2.5,130.3,20.8
319,Sharpedo,Sharpedo,Water,Dark,460,70,120,40,95,40,95,1.8,88.8,27.4
320,Wailmer,Wailmer,Water,NA,400,130,70,35,70,35,60,2,130,32.5
321,Wailord,Wailord,Water,NA,500,170,90,45,90,45,60,14.5,398,1.9
322,Numel,Numel,Fire,Ground,305,60,60,40,65,45,35,0.7,24,49
323,CameruptMega Camerupt,Mega Camerupt,Fire,Ground,560,70,120,100,145,105,20,2.5,320.5,51.3
323,Camerupt,Camerupt,Fire,Ground,460,70,100,70,105,75,40,1.9,220,60.9
324,Torkoal,Torkoal,Fire,NA,470,70,85,140,85,70,20,0.5,80.4,321.6
325,Spoink,Spoink,Psychic,NA,330,60,25,35,70,80,60,0.7,30.6,62.4
326,Grumpig,Grumpig,Psychic,NA,470,80,45,65,90,110,80,0.9,71.5,88.3
327,Spinda,Spinda,Normal,NA,360,60,60,60,60,60,60,1.1,5,4.1
328,Trapinch,Trapinch,Ground,NA,290,45,100,45,45,45,10,0.7,15,30.6
329,Vibrava,Vibrava,Ground,Dragon,340,50,70,50,50,50,70,1.1,15.3,12.6
330,Flygon,Flygon,Ground,Dragon,520,80,100,80,80,80,100,2,82,20.5
331,Cacnea,Cacnea,Grass,NA,335,50,85,40,85,40,35,0.4,51.3,320.6
332,Cacturne,Cacturne,Grass,Dark,475,70,115,60,115,60,55,1.3,77.4,45.8
333,Swablu,Swablu,Normal,Flying,310,45,40,60,40,75,50,0.4,1.2,7.5
334,AltariaMega Altaria,Mega Altaria,Dragon,Fairy,590,75,110,110,110,105,80,1.5,20.6,9.2
334,Altaria,Altaria,Dragon,Flying,490,75,70,90,70,105,80,1.1,20.6,17
335,Zangoose,Zangoose,Normal,NA,458,73,115,60,60,60,90,1.3,40.3,23.8
336,Seviper,Seviper,Poison,NA,458,73,100,60,100,60,65,2.7,52.5,7.2
337,Lunatone,Lunatone,Rock,Psychic,460,90,55,65,95,85,70,1,168,168
338,Solrock,Solrock,Rock,Psychic,460,90,95,85,55,65,70,1.2,154,106.9
339,Barboach,Barboach,Water,Ground,288,50,48,43,46,41,60,0.4,1.9,11.9
340,Whiscash,Whiscash,Water,Ground,468,110,78,73,76,71,60,0.9,23.6,29.1
341,Corphish,Corphish,Water,NA,308,43,80,65,50,35,35,0.6,11.5,31.9
342,Crawdaunt,Crawdaunt,Water,Dark,468,63,120,85,90,55,55,1.1,32.8,27.1
343,Baltoy,Baltoy,Ground,Psychic,300,40,40,55,40,70,55,0.5,21.5,86
344,Claydol,Claydol,Ground,Psychic,500,60,70,105,70,120,75,1.5,108,48
345,Lileep,Lileep,Rock,Grass,355,66,41,77,61,87,23,1,23.8,23.8
346,Cradily,Cradily,Rock,Grass,495,86,81,97,81,107,43,1.5,60.4,26.8
347,Anorith,Anorith,Rock,Bug,355,45,95,50,40,50,75,0.7,12.5,25.5
348,Armaldo,Armaldo,Rock,Bug,495,75,125,100,70,80,45,1.5,68.2,30.3
349,Feebas,Feebas,Water,NA,200,20,15,20,10,55,80,0.6,7.4,20.6
350,Milotic,Milotic,Water,NA,540,95,60,79,100,125,81,6.2,162,4.2
351,Castform,Castform,Normal,NA,420,70,70,70,70,70,70,0.3,0.8,8.9
351,CastformSunny Form,CastformSunny Form,Fire,NA,420,70,70,70,70,70,70,0.3,0.8,8.9
351,CastformRainy Form,CastformRainy Form,Water,NA,420,70,70,70,70,70,70,0.3,0.8,8.9
351,CastformSnowy Form,CastformSnowy Form,Ice,NA,420,70,70,70,70,70,70,0.3,0.8,8.9
352,Kecleon,Kecleon,Normal,NA,440,60,90,70,60,120,40,1,22,22
353,Shuppet,Shuppet,Ghost,NA,295,44,75,35,63,33,45,0.6,2.3,6.4
354,BanetteMega Banette,Mega Banette,Ghost,NA,555,64,165,75,93,83,75,1.2,13,9
354,Banette,Banette,Ghost,NA,455,64,115,65,83,63,65,1.1,12.5,10.3
355,Duskull,Duskull,Ghost,NA,295,20,40,90,30,90,25,0.8,15,23.4
356,Dusclops,Dusclops,Ghost,NA,455,40,70,130,60,130,25,1.6,30.6,12
357,Tropius,Tropius,Grass,Flying,460,99,68,83,72,87,51,2,100,25
358,Chimecho,Chimecho,Psychic,NA,455,75,50,80,95,90,65,0.6,1,2.8
359,Absol,Absol,Dark,NA,465,65,130,60,75,60,75,1.2,47,32.6
359,AbsolMega Absol,Mega Absol,Dark,NA,565,65,150,60,115,60,115,1.2,49,34
360,Wynaut,Wynaut,Psychic,NA,260,95,23,48,23,48,23,0.6,14,38.9
361,Snorunt,Snorunt,Ice,NA,300,50,50,50,50,50,50,0.7,16.8,34.3
362,GlalieMega Glalie,Mega Glalie,Ice,NA,580,80,120,80,120,80,100,2.1,350.2,79.4
362,Glalie,Glalie,Ice,NA,480,80,80,80,80,80,80,1.5,256.5,114
363,Spheal,Spheal,Ice,Water,290,70,40,50,55,50,25,0.8,39.5,61.7
364,Sealeo,Sealeo,Ice,Water,410,90,60,70,75,70,45,1.1,87.6,72.4
365,Walrein,Walrein,Ice,Water,530,110,80,90,95,90,65,1.4,150.6,76.8
366,Clamperl,Clamperl,Water,NA,345,35,64,85,74,55,32,0.4,52.5,328.1
367,Huntail,Huntail,Water,NA,485,55,104,105,94,75,52,1.7,27,9.3
368,Gorebyss,Gorebyss,Water,NA,485,55,84,105,114,75,52,1.8,22.6,7
369,Relicanth,Relicanth,Water,Rock,485,100,90,130,45,65,55,1,23.4,23.4
370,Luvdisc,Luvdisc,Water,NA,330,43,30,55,40,65,97,0.6,8.7,24.2
371,Bagon,Bagon,Dragon,NA,300,45,75,60,40,30,50,0.6,42.1,116.9
372,Shelgon,Shelgon,Dragon,NA,420,65,95,100,60,50,50,1.1,110.5,91.3
373,SalamenceMega Salamence,Mega Salamence,Dragon,Flying,700,95,145,130,120,90,120,1.8,112.6,34.8
373,Salamence,Salamence,Dragon,Flying,600,95,135,80,110,80,100,1.5,102.6,45.6
374,Beldum,Beldum,Steel,Psychic,300,40,55,80,35,60,30,0.6,95.2,264.4
375,Metang,Metang,Steel,Psychic,420,60,75,100,55,80,50,1.2,202.5,140.6
376,MetagrossMega Metagross,Mega Metagross,Steel,Psychic,700,80,145,150,105,110,110,2.5,942.9,150.9
376,Metagross,Metagross,Steel,Psychic,600,80,135,130,95,90,70,1.6,550,214.8
377,Regirock,Regirock,Rock,NA,580,80,100,200,50,100,50,1.7,230,79.6
378,Regice,Regice,Ice,NA,580,80,50,100,100,200,50,1.8,175,54
379,Registeel,Registeel,Steel,NA,580,80,75,150,75,150,50,1.9,205,56.8
380,LatiasMega Latias,Mega Latias,Dragon,Psychic,700,80,100,120,140,150,110,1.8,52,16
380,Latias,Latias,Dragon,Psychic,600,80,80,90,110,130,110,1.4,40,20.4
381,LatiosMega Latios,Mega Latios,Dragon,Psychic,700,80,130,100,160,120,110,2.3,70,13.2
381,Latios,Latios,Dragon,Psychic,600,80,90,80,130,110,110,2,60,15
382,KyogrePrimal Kyogre,Primal Kyogre,Water,NA,770,100,150,90,180,160,90,9.8,430,4.5
382,Kyogre,Kyogre,Water,NA,670,100,100,90,150,140,90,4.5,352,17.4
383,GroudonPrimal Groudon,Primal Groudon,Ground,Fire,770,100,180,160,150,90,90,5,999.7,40
383,Groudon,Groudon,Ground,NA,670,100,150,140,100,90,90,3.5,950,77.6
384,RayquazaMega Rayquaza,Mega Rayquaza,Dragon,Flying,780,105,180,100,180,100,115,10.8,392,3.4
384,Rayquaza,Rayquaza,Dragon,Flying,680,105,150,90,150,90,95,7,206.5,4.2
385,Jirachi,Jirachi,Steel,Psychic,600,100,100,100,100,100,100,0.3,1.1,12.2
386,DeoxysNormal Forme,DeoxysNormal Forme,Psychic,NA,600,50,150,50,150,50,150,1.7,60.8,21
386,DeoxysAttack Forme,DeoxysAttack Forme,Psychic,NA,600,50,180,20,180,20,150,1.7,60.8,21
386,DeoxysDefense Forme,DeoxysDefense Forme,Psychic,NA,600,50,70,160,70,160,90,1.7,60.8,21
386,DeoxysSpeed Forme,DeoxysSpeed Forme,Psychic,NA,600,50,95,90,95,90,180,1.7,60.8,21
387,Turtwig,Turtwig,Grass,NA,318,55,68,64,45,55,31,0.4,10.2,63.8
388,Grotle,Grotle,Grass,NA,405,75,89,85,55,65,36,1.1,97,80.2
389,Torterra,Torterra,Grass,Ground,525,95,109,105,75,85,56,2.2,310,64
390,Chimchar,Chimchar,Fire,NA,309,44,58,44,58,44,61,0.5,6.2,24.8
391,Monferno,Monferno,Fire,Fighting,405,64,78,52,78,52,81,0.9,22,27.2
392,Infernape,Infernape,Fire,Fighting,534,76,104,71,104,71,108,1.2,55,38.2
393,Piplup,Piplup,Water,NA,314,53,51,53,61,56,40,0.4,5.2,32.5
394,Prinplup,Prinplup,Water,NA,405,64,66,68,81,76,50,0.8,23,35.9
395,Empoleon,Empoleon,Water,Steel,530,84,86,88,111,101,60,1.7,84.5,29.2
396,Starly,Starly,Normal,Flying,245,40,55,30,30,30,60,0.3,2,22.2
397,Staravia,Staravia,Normal,Flying,340,55,75,50,40,40,80,0.6,15.5,43.1
398,Staraptor,Staraptor,Normal,Flying,485,85,120,70,50,60,100,1.2,24.9,17.3
399,Bidoof,Bidoof,Normal,NA,250,59,45,40,35,40,31,0.5,20,80
400,Bibarel,Bibarel,Normal,Water,410,79,85,60,55,60,71,1,31.5,31.5
401,Kricketot,Kricketot,Bug,NA,194,37,25,41,25,41,25,0.3,2.2,24.4
402,Kricketune,Kricketune,Bug,NA,384,77,85,51,55,51,65,1,25.5,25.5
403,Shinx,Shinx,Electric,NA,263,45,65,34,40,34,45,0.5,9.5,38
404,Luxio,Luxio,Electric,NA,363,60,85,49,60,49,60,0.9,30.5,37.7
405,Luxray,Luxray,Electric,NA,523,80,120,79,95,79,70,1.4,42,21.4
406,Budew,Budew,Grass,Poison,280,40,30,35,50,70,55,0.2,1.2,30
407,Roserade,Roserade,Grass,Poison,515,60,70,65,125,105,90,0.9,14.5,17.9
408,Cranidos,Cranidos,Rock,NA,350,67,125,40,30,30,58,0.9,31.5,38.9
409,Rampardos,Rampardos,Rock,NA,495,97,165,60,65,50,58,1.6,102.5,40
410,Shieldon,Shieldon,Rock,Steel,350,30,42,118,42,88,30,0.5,57,228
411,Bastiodon,Bastiodon,Rock,Steel,495,60,52,168,47,138,30,1.3,149.5,88.5
412,BurmyPlant Cloak,BurmyPlant Cloak,Bug,NA,224,40,29,45,29,45,36,0.2,3.4,85
412,BurmySandy Cloak,BurmySandy Cloak,Bug,NA,224,40,29,45,29,45,36,0.2,3.4,85
412,BurmyTrash Cloak,BurmyTrash Cloak,Bug,NA,224,40,29,45,29,45,36,0.2,3.4,85
413,WormadamPlant Cloak,WormadamPlant Cloak,Bug,Grass,424,60,59,85,79,105,36,0.5,6.5,26
413,WormadamSandy Cloak,WormadamSandy Cloak,Bug,Ground,424,60,79,105,59,85,36,0.5,6.5,26
413,WormadamTrash Cloak,WormadamTrash Cloak,Bug,Steel,424,60,69,95,69,95,36,0.5,6.5,26
414,Mothim,Mothim,Bug,Flying,424,70,94,50,94,50,66,0.9,23.3,28.8
415,Combee,Combee,Bug,Flying,244,30,30,42,30,42,70,0.3,5.5,61.1
416,Vespiquen,Vespiquen,Bug,Flying,474,70,80,102,80,102,40,1.2,38.5,26.7
417,Pachirisu,Pachirisu,Electric,NA,405,60,45,70,45,90,95,0.4,3.9,24.4
418,Buizel,Buizel,Water,NA,330,55,65,35,60,30,85,0.7,29.5,60.2
419,Floatzel,Floatzel,Water,NA,495,85,105,55,85,50,115,1.1,33.5,27.7
420,Cherubi,Cherubi,Grass,NA,275,45,35,45,62,53,35,0.4,3.3,20.6
421,Cherrim,Cherrim,Grass,NA,450,70,60,70,87,78,85,0.5,9.3,37.2
422,Shellos,Shellos,Water,NA,325,76,48,48,57,62,34,0.3,6.3,70
423,Gastrodon,Gastrodon,Water,Ground,475,111,83,68,92,82,39,0.9,29.9,36.9
424,Ambipom,Ambipom,Normal,NA,482,75,100,66,60,66,115,1.2,20.3,14.1
425,Drifloon,Drifloon,Ghost,Flying,348,90,50,34,60,44,70,0.4,1.2,7.5
426,Drifblim,Drifblim,Ghost,Flying,498,150,80,44,90,54,80,1.2,15,10.4
427,Buneary,Buneary,Normal,NA,350,55,66,44,44,56,85,0.4,5.5,34.4
428,LopunnyMega Lopunny,Mega Lopunny,Normal,Fighting,580,65,136,94,54,96,135,1.3,28.3,16.7
428,Lopunny,Lopunny,Normal,NA,480,65,76,84,54,96,105,1.2,33.3,23.1
429,Mismagius,Mismagius,Ghost,NA,495,60,60,60,105,105,105,0.9,4.4,5.4
430,Honchkrow,Honchkrow,Dark,Flying,505,100,125,52,105,52,71,0.9,27.3,33.7
431,Glameow,Glameow,Normal,NA,310,49,55,42,42,37,85,0.5,3.9,15.6
432,Purugly,Purugly,Normal,NA,452,71,82,64,64,59,112,1,43.8,43.8
433,Chingling,Chingling,Psychic,NA,285,45,30,50,65,50,45,0.2,0.6,15
434,Stunky,Stunky,Poison,Dark,329,63,63,47,41,41,74,0.4,19.2,120
435,Skuntank,Skuntank,Poison,Dark,479,103,93,67,71,61,84,1,38,38
436,Bronzor,Bronzor,Steel,Psychic,300,57,24,86,24,86,23,0.5,60.5,242
437,Bronzong,Bronzong,Steel,Psychic,500,67,89,116,79,116,33,1.3,187,110.7
438,Bonsly,Bonsly,Rock,NA,290,50,80,95,10,45,10,0.5,15,60
439,Mime Jr.,Mime Jr.,Psychic,Fairy,310,20,25,45,70,90,60,0.6,13,36.1
440,Happiny,Happiny,Normal,NA,220,100,5,5,15,65,30,0.6,24.4,67.8
441,Chatot,Chatot,Normal,Flying,411,76,65,45,92,42,91,0.5,1.9,7.6
442,Spiritomb,Spiritomb,Ghost,Dark,485,50,92,108,92,108,35,1,108,108
443,Gible,Gible,Dragon,Ground,300,58,70,45,40,45,42,0.7,20.5,41.8
444,Gabite,Gabite,Dragon,Ground,410,68,90,65,50,55,82,1.4,56,28.6
445,Garchomp,Garchomp,Dragon,Ground,600,108,130,95,80,85,102,1.9,95,26.3
445,GarchompMega Garchomp,Mega Garchomp,Dragon,Ground,700,108,170,115,120,95,92,1.9,95,26.3
446,Munchlax,Munchlax,Normal,NA,390,135,85,40,40,85,5,0.6,105,291.7
447,Riolu,Riolu,Fighting,NA,285,40,70,40,35,40,60,0.7,20.2,41.2
448,LucarioMega Lucario,Mega Lucario,Fighting,Steel,625,70,145,88,140,70,112,1.3,57.5,34
448,Lucario,Lucario,Fighting,Steel,525,70,110,70,115,70,90,1.2,54,37.5
449,Hippopotas,Hippopotas,Ground,NA,330,68,72,78,38,42,32,0.8,49.5,77.3
450,Hippowdon,Hippowdon,Ground,NA,525,108,112,118,68,72,47,2,300,75
451,Skorupi,Skorupi,Poison,Bug,330,40,50,90,30,55,65,0.8,12,18.8
452,Drapion,Drapion,Poison,Dark,500,70,90,110,60,75,95,1.3,61.5,36.4
453,Croagunk,Croagunk,Poison,Fighting,300,48,61,40,61,40,50,0.7,23,46.9
454,Toxicroak,Toxicroak,Poison,Fighting,490,83,106,65,86,65,85,1.3,44.4,26.3
455,Carnivine,Carnivine,Grass,NA,454,74,100,72,90,72,46,1.4,27,13.8
456,Finneon,Finneon,Water,NA,330,49,49,56,49,61,66,0.4,7,43.8
457,Lumineon,Lumineon,Water,NA,460,69,69,76,69,86,91,1.2,24,16.7
458,Mantyke,Mantyke,Water,Flying,345,45,20,50,60,120,50,1,65,65
459,Snover,Snover,Grass,Ice,334,60,62,50,62,60,40,1,50.5,50.5
460,AbomasnowMega Abomasnow,Mega Abomasnow,Grass,Ice,594,90,132,105,132,105,30,2.7,185,25.4
460,Abomasnow,Abomasnow,Grass,Ice,494,90,92,75,92,85,60,2.2,135.5,28
461,Weavile,Weavile,Dark,Ice,510,70,120,65,45,85,125,1.1,34,28.1
462,Magnezone,Magnezone,Electric,Steel,535,70,70,115,130,90,60,1.2,180,125
463,Lickilicky,Lickilicky,Normal,NA,515,110,85,95,80,95,50,1.7,140,48.4
464,Rhyperior,Rhyperior,Ground,Rock,535,115,140,130,55,55,40,2.4,282.8,49.1
465,Tangrowth,Tangrowth,Grass,NA,535,100,100,125,110,50,50,2,128.6,32.2
466,Electivire,Electivire,Electric,NA,540,75,123,67,95,85,95,1.8,138.6,42.8
467,Magmortar,Magmortar,Fire,NA,540,75,95,67,125,95,83,1.6,68,26.6
468,Togekiss,Togekiss,Fairy,Flying,545,85,50,95,120,115,80,1.5,38,16.9
469,Yanmega,Yanmega,Bug,Flying,515,86,76,86,116,56,95,1.9,51.5,14.3
470,Leafeon,Leafeon,Grass,NA,525,65,110,130,60,65,95,1,25.5,25.5
471,Glaceon,Glaceon,Ice,NA,525,65,60,110,130,95,65,0.8,25.9,40.5
472,Gliscor,Gliscor,Ground,Flying,510,75,95,125,45,75,95,2,42.5,10.6
473,Mamoswine,Mamoswine,Ice,Ground,530,110,130,80,70,60,80,2.5,291,46.6
474,Porygon-Z,Porygon-Z,Normal,NA,535,85,80,70,135,75,90,0.9,34,42
475,Gallade,Gallade,Psychic,Fighting,518,68,125,65,65,115,80,1.6,52,20.3
475,GalladeMega Gallade,Mega Gallade,Psychic,Fighting,618,68,165,95,65,115,110,1.6,56.4,22
476,Probopass,Probopass,Rock,Steel,525,60,55,145,75,150,40,1.4,340,173.5
477,Dusknoir,Dusknoir,Ghost,NA,525,45,100,135,65,135,45,2.2,106.6,22
478,Froslass,Froslass,Ice,Ghost,480,70,80,70,80,70,110,1.3,26.6,15.7
479,Rotom,Rotom,Electric,Ghost,440,50,50,77,95,77,91,0.3,0.3,3.3
479,RotomHeat Rotom,Heat Rotom,Electric,Fire,520,50,65,107,105,107,86,0.3,0.3,3.3
479,RotomWash Rotom,Wash Rotom,Electric,Water,520,50,65,107,105,107,86,0.3,0.3,3.3
479,RotomFrost Rotom,Frost Rotom,Electric,Ice,520,50,65,107,105,107,86,0.3,0.3,3.3
479,RotomFan Rotom,Fan Rotom,Electric,Flying,520,50,65,107,105,107,86,0.3,0.3,3.3
479,RotomMow Rotom,Mow Rotom,Electric,Grass,520,50,65,107,105,107,86,0.3,0.3,3.3
480,Uxie,Uxie,Psychic,NA,580,75,75,130,75,130,95,0.3,0.3,3.3
481,Mesprit,Mesprit,Psychic,NA,580,80,105,105,105,105,80,0.3,0.3,3.3
482,Azelf,Azelf,Psychic,NA,580,75,125,70,125,70,115,0.3,0.3,3.3
483,DialgaOrigin Forme,DialgaOrigin Forme,Steel,Dragon,680,100,100,120,150,120,90,7,850,17.3
483,Dialga,Dialga,Steel,Dragon,680,100,120,120,150,100,90,5.4,683,23.4
484,PalkiaOrigin Forme,PalkiaOrigin Forme,Water,Dragon,680,90,100,100,150,120,120,6.3,660,16.6
484,Palkia,Palkia,Water,Dragon,680,90,120,100,150,120,100,4.2,336,19
485,Heatran,Heatran,Fire,Steel,600,91,90,106,130,106,77,1.7,430,148.8
486,Regigigas,Regigigas,Normal,NA,670,110,160,110,80,110,100,3.7,420,30.7
487,GiratinaOrigin Forme,GiratinaOrigin Forme,Ghost,Dragon,680,150,120,100,120,100,90,6.9,650,13.7
487,GiratinaAltered Forme,GiratinaAltered Forme,Ghost,Dragon,680,150,100,120,100,120,90,4.5,750,37
488,Cresselia,Cresselia,Psychic,NA,580,120,70,110,75,120,85,1.5,85.6,38
489,Phione,Phione,Water,NA,480,80,80,80,80,80,80,0.4,3.1,19.4
490,Manaphy,Manaphy,Water,NA,600,100,100,100,100,100,100,0.3,1.4,15.6
491,Darkrai,Darkrai,Dark,NA,600,70,90,90,135,90,125,1.5,50.5,22.4
492,ShayminSky Forme,ShayminSky Forme,Grass,Flying,600,100,103,75,120,75,127,0.4,5.2,32.5
492,ShayminLand Forme,ShayminLand Forme,Grass,NA,600,100,100,100,100,100,100,0.2,2.1,52.5
493,Arceus,Arceus,Normal,NA,720,120,120,120,120,120,120,3.2,320,31.3
494,Victini,Victini,Psychic,Fire,600,100,100,100,100,100,100,0.4,4,25
495,Snivy,Snivy,Grass,NA,308,45,45,55,45,55,63,0.6,8.1,22.5
496,Servine,Servine,Grass,NA,413,60,60,75,60,75,83,0.8,16,25
497,Serperior,Serperior,Grass,NA,528,75,75,95,75,95,113,3.3,63,5.8
498,Tepig,Tepig,Fire,NA,308,65,63,45,45,45,45,0.5,9.9,39.6
499,Pignite,Pignite,Fire,Fighting,418,90,93,55,70,55,55,1,55.5,55.5
500,Emboar,Emboar,Fire,Fighting,528,110,123,65,100,65,65,1.6,150,58.6
501,Oshawott,Oshawott,Water,NA,308,55,55,45,63,45,45,0.5,5.9,23.6
502,Dewott,Dewott,Water,NA,413,75,75,60,83,60,60,0.8,24.5,38.3
503,SamurottHisuian Samurott,Hisuian Samurott,Water,Dark,528,90,108,80,100,65,85,1.5,58.2,25.9
503,Samurott,Samurott,Water,NA,528,95,100,85,108,70,70,1.5,94.6,42
504,Patrat,Patrat,Normal,NA,255,45,55,39,35,39,42,0.5,11.6,46.4
505,Watchog,Watchog,Normal,NA,420,60,85,69,60,69,77,1.1,27,22.3
506,Lillipup,Lillipup,Normal,NA,275,45,60,45,25,45,55,0.4,4.1,25.6
507,Herdier,Herdier,Normal,NA,370,65,80,65,35,65,60,0.9,14.7,18.1
508,Stoutland,Stoutland,Normal,NA,500,85,110,90,45,90,80,1.2,61,42.4
509,Purrloin,Purrloin,Dark,NA,281,41,50,37,50,37,66,0.4,10.1,63.1
510,Liepard,Liepard,Dark,NA,446,64,88,50,88,50,106,1.1,37.5,31
511,Pansage,Pansage,Grass,NA,316,50,53,48,53,48,64,0.6,10.5,29.2
512,Simisage,Simisage,Grass,NA,498,75,98,63,98,63,101,1.1,30.5,25.2
513,Pansear,Pansear,Fire,NA,316,50,53,48,53,48,64,0.6,11,30.6
514,Simisear,Simisear,Fire,NA,498,75,98,63,98,63,101,1,28,28
515,Panpour,Panpour,Water,NA,316,50,53,48,53,48,64,0.6,13.5,37.5
516,Simipour,Simipour,Water,NA,498,75,98,63,98,63,101,1,29,29
517,Munna,Munna,Psychic,NA,292,76,25,45,67,55,24,0.6,23.3,64.7
518,Musharna,Musharna,Psychic,NA,487,116,55,85,107,95,29,1.1,60.5,50
519,Pidove,Pidove,Normal,Flying,264,50,55,50,36,30,43,0.3,2.1,23.3
520,Tranquill,Tranquill,Normal,Flying,358,62,77,62,50,42,65,0.6,15,41.7
521,Unfezant,Unfezant,Normal,Flying,488,80,115,80,65,55,93,1.2,29,20.1
522,Blitzle,Blitzle,Electric,NA,295,45,60,32,50,32,76,0.8,29.8,46.6
523,Zebstrika,Zebstrika,Electric,NA,497,75,100,63,80,63,116,1.6,79.5,31.1
524,Roggenrola,Roggenrola,Rock,NA,280,55,75,85,25,25,15,0.4,18,112.5
525,Boldore,Boldore,Rock,NA,390,70,105,105,50,40,20,0.9,102,125.9
526,Gigalith,Gigalith,Rock,NA,515,85,135,130,60,80,25,1.7,260,90
527,Woobat,Woobat,Psychic,Flying,323,65,45,43,55,43,72,0.4,2.1,13.1
528,Swoobat,Swoobat,Psychic,Flying,425,67,57,55,77,55,114,0.9,10.5,13
529,Drilbur,Drilbur,Ground,NA,328,60,85,40,30,45,68,0.3,8.5,94.4
530,Excadrill,Excadrill,Ground,Steel,508,110,135,60,50,65,88,0.7,40.4,82.4
531,AudinoMega Audino,Mega Audino,Normal,Fairy,545,103,60,126,80,126,50,1.5,32,14.2
531,Audino,Audino,Normal,NA,445,103,60,86,60,86,50,1.1,31,25.6
532,Timburr,Timburr,Fighting,NA,305,75,80,55,25,35,35,0.6,12.5,34.7
533,Gurdurr,Gurdurr,Fighting,NA,405,85,105,85,40,50,40,1.2,40,27.8
534,Conkeldurr,Conkeldurr,Fighting,NA,505,105,140,95,55,65,45,1.4,87,44.4
535,Tympole,Tympole,Water,NA,294,50,50,40,50,40,64,0.5,4.5,18
536,Palpitoad,Palpitoad,Water,Ground,384,75,65,55,65,55,69,0.8,17,26.6
537,Seismitoad,Seismitoad,Water,Ground,509,105,95,75,85,75,74,1.5,62,27.6
538,Throh,Throh,Fighting,NA,465,120,100,85,30,85,45,1.3,55.5,32.8
539,Sawk,Sawk,Fighting,NA,465,75,125,75,30,75,85,1.4,51,26
540,Sewaddle,Sewaddle,Bug,Grass,310,45,53,70,40,60,42,0.3,2.5,27.8
541,Swadloon,Swadloon,Bug,Grass,380,55,63,90,50,80,42,0.5,7.3,29.2
542,Leavanny,Leavanny,Bug,Grass,500,75,103,80,70,80,92,1.2,20.5,14.2
543,Venipede,Venipede,Bug,Poison,260,30,45,59,30,39,57,0.4,5.3,33.1
544,Whirlipede,Whirlipede,Bug,Poison,360,40,55,99,40,79,47,1.2,58.5,40.6
545,Scolipede,Scolipede,Bug,Poison,485,60,100,89,55,69,112,2.5,200.5,32.1
546,Cottonee,Cottonee,Grass,Fairy,280,40,27,60,37,50,66,0.3,0.6,6.7
547,Whimsicott,Whimsicott,Grass,Fairy,480,60,67,85,77,75,116,0.7,6.6,13.5
548,Petilil,Petilil,Grass,NA,280,45,35,50,70,50,30,0.5,6.6,26.4
549,LilligantHisuian Lilligant,Hisuian Lilligant,Grass,Fighting,480,70,105,75,50,75,105,1.2,19.2,13.3
549,Lilligant,Lilligant,Grass,NA,480,70,60,75,110,75,90,1.1,16.3,13.5
550,BasculinRed-Striped Form,BasculinRed-Striped Form,Water,NA,460,70,92,65,80,55,98,1,18,18
550,BasculinBlue-Striped Form,BasculinBlue-Striped Form,Water,NA,460,70,92,65,80,55,98,1,18,18
550,BasculinWhite-Striped Form,BasculinWhite-Striped Form,Water,NA,460,70,92,65,80,55,98,1,18,18
551,Sandile,Sandile,Ground,Dark,292,50,72,35,35,35,65,0.7,15.2,31
552,Krokorok,Krokorok,Ground,Dark,351,60,82,45,45,45,74,1,33.4,33.4
553,Krookodile,Krookodile,Ground,Dark,519,95,117,80,65,70,92,1.5,96.3,42.8
554,DarumakaGalarian Darumaka,Galarian Darumaka,Ice,NA,315,70,90,45,15,45,50,0.7,40,81.6
554,Darumaka,Darumaka,Fire,NA,315,70,90,45,15,45,50,0.6,37.5,104.2
555,DarmanitanGalarian Standard Mode,DarmanitanGalarian Standard Mode,Ice,NA,480,105,140,55,30,55,95,1.7,120,41.5
555,DarmanitanGalarian Zen Mode,DarmanitanGalarian Zen Mode,Ice,Fire,540,105,160,55,30,55,135,1.7,120,41.5
555,DarmanitanStandard Mode,DarmanitanStandard Mode,Fire,NA,480,105,140,55,30,55,95,1.3,92.9,55
555,DarmanitanZen Mode,DarmanitanZen Mode,Fire,Psychic,540,105,30,105,140,105,55,1.3,92.9,55
556,Maractus,Maractus,Grass,NA,461,75,86,67,106,67,60,1,28,28
557,Dwebble,Dwebble,Bug,Rock,325,50,65,85,35,35,55,0.3,14.5,161.1
558,Crustle,Crustle,Bug,Rock,485,70,105,125,65,75,45,1.4,200,102
559,Scraggy,Scraggy,Dark,Fighting,348,50,75,70,35,70,48,0.6,11.8,32.8
560,Scrafty,Scrafty,Dark,Fighting,488,65,90,115,45,115,58,1.1,30,24.8
561,Sigilyph,Sigilyph,Psychic,Flying,490,72,58,80,103,80,97,1.4,14,7.1
562,Yamask,Yamask,Ghost,NA,303,38,30,85,55,65,30,0.5,1.5,6
562,YamaskGalarian Yamask,Galarian Yamask,Ground,Ghost,303,38,55,85,30,65,30,0.5,1.5,6
563,Cofagrigus,Cofagrigus,Ghost,NA,483,58,50,145,95,105,30,1.7,76.5,26.5
564,Tirtouga,Tirtouga,Water,Rock,355,54,78,103,53,45,22,0.7,16.5,33.7
565,Carracosta,Carracosta,Water,Rock,495,74,108,133,83,65,32,1.2,81,56.3
566,Archen,Archen,Rock,Flying,401,55,112,45,74,45,70,0.5,9.5,38
567,Archeops,Archeops,Rock,Flying,567,75,140,65,112,65,110,1.4,32,16.3
568,Trubbish,Trubbish,Poison,NA,329,50,50,62,40,62,65,0.6,31,86.1
569,Garbodor,Garbodor,Poison,NA,474,80,95,82,60,82,75,1.9,107.3,29.7
570,Zorua,Zorua,Dark,NA,330,40,65,40,80,40,65,0.7,12.5,25.5
570,ZoruaHisuian Zorua,Hisuian Zorua,Normal,Ghost,330,35,60,40,85,40,70,0.7,12.5,25.5
571,ZoroarkHisuian Zoroark,Hisuian Zoroark,Normal,Ghost,510,55,100,60,125,60,110,1.6,73,28.5
571,Zoroark,Zoroark,Dark,NA,510,60,105,60,120,60,105,1.6,81.1,31.7
572,Minccino,Minccino,Normal,NA,300,55,50,40,40,40,75,0.4,5.8,36.3
573,Cinccino,Cinccino,Normal,NA,470,75,95,60,65,60,115,0.5,7.5,30
574,Gothita,Gothita,Psychic,NA,290,45,30,50,55,65,45,0.4,5.8,36.3
575,Gothorita,Gothorita,Psychic,NA,390,60,45,70,75,85,55,0.7,18,36.7
576,Gothitelle,Gothitelle,Psychic,NA,490,70,55,95,95,110,65,1.5,44,19.6
577,Solosis,Solosis,Psychic,NA,290,45,30,40,105,50,20,0.3,1,11.1
578,Duosion,Duosion,Psychic,NA,370,65,40,50,125,60,30,0.6,8,22.2
579,Reuniclus,Reuniclus,Psychic,NA,490,110,65,75,125,85,30,1,20.1,20.1
580,Ducklett,Ducklett,Water,Flying,305,62,44,50,44,50,55,0.5,5.5,22
581,Swanna,Swanna,Water,Flying,473,75,87,63,87,63,98,1.3,24.2,14.3
582,Vanillite,Vanillite,Ice,NA,305,36,50,50,65,60,44,0.4,5.7,35.6
583,Vanillish,Vanillish,Ice,NA,395,51,65,65,80,75,59,1.1,41,33.9
584,Vanilluxe,Vanilluxe,Ice,NA,535,71,95,85,110,95,79,1.3,57.5,34
585,Deerling,Deerling,Normal,Grass,335,60,60,50,40,50,75,0.6,19.5,54.2
586,Sawsbuck,Sawsbuck,Normal,Grass,475,80,100,70,60,70,95,1.9,92.5,25.6
587,Emolga,Emolga,Electric,Flying,428,55,75,60,75,60,103,0.4,5,31.3
588,Karrablast,Karrablast,Bug,NA,315,50,75,45,40,45,60,0.5,5.9,23.6
589,Escavalier,Escavalier,Bug,Steel,495,70,135,105,60,105,20,1,33,33
590,Foongus,Foongus,Grass,Poison,294,69,55,45,55,55,15,0.2,1,25
591,Amoonguss,Amoonguss,Grass,Poison,464,114,85,70,85,80,30,0.6,10.5,29.2
592,Frillish,Frillish,Water,Ghost,335,55,40,50,65,85,40,1.2,33,22.9
593,Jellicent,Jellicent,Water,Ghost,480,100,60,70,85,105,60,2.2,135,27.9
594,Alomomola,Alomomola,Water,NA,470,165,75,80,40,45,65,1.2,31.6,21.9
595,Joltik,Joltik,Bug,Electric,319,50,47,50,57,50,65,0.1,0.6,60
596,Galvantula,Galvantula,Bug,Electric,472,70,77,60,97,60,108,0.8,14.3,22.3
597,Ferroseed,Ferroseed,Grass,Steel,305,44,50,91,24,86,10,0.6,18.8,52.2
598,Ferrothorn,Ferrothorn,Grass,Steel,489,74,94,131,54,116,20,1,110,110
599,Klink,Klink,Steel,NA,300,40,55,70,45,60,30,0.3,21,233.3
600,Klang,Klang,Steel,NA,440,60,80,95,70,85,50,0.6,51,141.7
601,Klinklang,Klinklang,Steel,NA,520,60,100,115,70,85,90,0.6,81,225
602,Tynamo,Tynamo,Electric,NA,275,35,55,40,45,40,60,0.2,0.3,7.5
603,Eelektrik,Eelektrik,Electric,NA,405,65,85,70,75,70,40,1.2,22,15.3
604,Eelektross,Eelektross,Electric,NA,515,85,115,80,105,80,50,2.1,80.5,18.3
605,Elgyem,Elgyem,Psychic,NA,335,55,55,55,85,55,30,0.5,9,36
606,Beheeyem,Beheeyem,Psychic,NA,485,75,75,75,125,95,40,1,34.5,34.5
607,Litwick,Litwick,Ghost,Fire,275,50,30,55,65,55,20,0.3,3.1,34.4
608,Lampent,Lampent,Ghost,Fire,370,60,40,60,95,60,55,0.6,13,36.1
609,Chandelure,Chandelure,Ghost,Fire,520,60,55,90,145,90,80,1,34.3,34.3
610,Axew,Axew,Dragon,NA,320,46,87,60,30,40,57,0.6,18,50
611,Fraxure,Fraxure,Dragon,NA,410,66,117,70,40,50,67,1,36,36
612,Haxorus,Haxorus,Dragon,NA,540,76,147,90,60,70,97,1.8,105.5,32.6
613,Cubchoo,Cubchoo,Ice,NA,305,55,70,40,60,40,40,0.5,8.5,34
614,Beartic,Beartic,Ice,NA,505,95,130,80,70,80,50,2.6,260,38.5
615,Cryogonal,Cryogonal,Ice,NA,515,80,50,50,95,135,105,1.1,148,122.3
616,Shelmet,Shelmet,Bug,NA,305,50,40,85,40,65,25,0.4,7.7,48.1
617,Accelgor,Accelgor,Bug,NA,495,80,70,40,100,60,145,0.8,25.3,39.5
618,Stunfisk,Stunfisk,Ground,Electric,471,109,66,84,81,99,32,0.7,11,22.4
618,StunfiskGalarian Stunfisk,Galarian Stunfisk,Ground,Steel,471,109,81,99,66,84,32,0.7,20.5,41.8
619,Mienfoo,Mienfoo,Fighting,NA,350,45,85,50,55,50,65,0.9,20,24.7
620,Mienshao,Mienshao,Fighting,NA,510,65,125,60,95,60,105,1.4,35.5,18.1
621,Druddigon,Druddigon,Dragon,NA,485,77,120,90,60,90,48,1.6,139,54.3
622,Golett,Golett,Ground,Ghost,303,59,74,50,35,50,35,1,92,92
623,Golurk,Golurk,Ground,Ghost,483,89,124,80,55,80,55,2.8,330,42.1
624,Pawniard,Pawniard,Dark,Steel,340,45,85,70,40,40,60,0.5,10.2,40.8
625,Bisharp,Bisharp,Dark,Steel,490,65,125,100,60,70,70,1.6,70,27.3
626,Bouffalant,Bouffalant,Normal,NA,490,95,110,95,40,95,55,1.6,94.6,37
627,Rufflet,Rufflet,Normal,Flying,350,70,83,50,37,50,60,0.5,10.5,42
628,BraviaryHisuian Braviary,Hisuian Braviary,Psychic,Flying,510,110,83,70,112,70,65,1.7,43.4,15
628,Braviary,Braviary,Normal,Flying,510,100,123,75,57,75,80,1.5,41,18.2
629,Vullaby,Vullaby,Dark,Flying,370,70,55,75,45,65,60,0.5,9,36
630,Mandibuzz,Mandibuzz,Dark,Flying,510,110,65,105,55,95,80,1.2,39.5,27.4
631,Heatmor,Heatmor,Fire,NA,484,85,97,66,105,66,65,1.4,58,29.6
632,Durant,Durant,Bug,Steel,484,58,109,112,48,48,109,0.3,33,366.7
633,Deino,Deino,Dark,Dragon,300,52,65,50,45,50,38,0.8,17.3,27
634,Zweilous,Zweilous,Dark,Dragon,420,72,85,70,65,70,58,1.4,50,25.5
635,Hydreigon,Hydreigon,Dark,Dragon,600,92,105,90,125,90,98,1.8,160,49.4
636,Larvesta,Larvesta,Bug,Fire,360,55,85,55,50,55,60,1.1,28.8,23.8
637,Volcarona,Volcarona,Bug,Fire,550,85,60,65,135,105,100,1.6,46,18
638,Cobalion,Cobalion,Steel,Fighting,580,91,90,129,90,72,108,2.1,250,56.7
639,Terrakion,Terrakion,Rock,Fighting,580,91,129,90,72,90,108,1.9,260,72
640,Virizion,Virizion,Grass,Fighting,580,91,90,72,90,129,108,2,200,50
641,TornadusIncarnate Forme,TornadusIncarnate Forme,Flying,NA,580,79,115,70,125,80,111,1.5,63,28
641,TornadusTherian Forme,TornadusTherian Forme,Flying,NA,580,79,100,80,110,90,121,1.4,63,32.1
642,ThundurusTherian Forme,ThundurusTherian Forme,Electric,Flying,580,79,105,70,145,80,101,3,61,6.8
642,ThundurusIncarnate Forme,ThundurusIncarnate Forme,Electric,Flying,580,79,115,70,125,80,111,1.5,61,27.1
643,Reshiram,Reshiram,Dragon,Fire,680,100,120,100,150,120,90,3.2,330,32.2
644,Zekrom,Zekrom,Dragon,Electric,680,100,150,120,120,100,90,2.9,345,41
645,LandorusIncarnate Forme,LandorusIncarnate Forme,Ground,Flying,600,89,125,90,115,80,101,1.5,68,30.2
645,LandorusTherian Forme,LandorusTherian Forme,Ground,Flying,600,89,145,90,105,80,91,1.3,68,40.2
646,KyuremWhite Kyurem,White Kyurem,Dragon,Ice,700,125,120,90,170,100,95,3.6,325,25.1
646,KyuremBlack Kyurem,Black Kyurem,Dragon,Ice,700,125,170,100,120,90,95,3.3,325,29.8
646,Kyurem,Kyurem,Dragon,Ice,660,125,130,90,130,90,95,3,325,36.1
647,KeldeoOrdinary Form,KeldeoOrdinary Form,Water,Fighting,580,91,72,90,129,90,108,1.4,48.5,24.7
647,KeldeoResolute Form,KeldeoResolute Form,Water,Fighting,580,91,72,90,129,90,108,1.4,48.5,24.7
648,MeloettaAria Forme,MeloettaAria Forme,Normal,Psychic,600,100,77,77,128,128,90,0.6,6.5,18.1
648,MeloettaPirouette Forme,MeloettaPirouette Forme,Normal,Fighting,600,100,128,90,77,77,128,0.6,6.5,18.1
649,Genesect,Genesect,Bug,Steel,600,71,120,95,120,95,99,1.5,82.5,36.7
650,Chespin,Chespin,Grass,NA,313,56,61,65,48,45,38,0.4,9,56.3
651,Quilladin,Quilladin,Grass,NA,405,61,78,95,56,58,57,0.7,29,59.2
652,Chesnaught,Chesnaught,Grass,Fighting,530,88,107,122,74,75,64,1.6,90,35.2
653,Fennekin,Fennekin,Fire,NA,307,40,45,40,62,60,60,0.4,9.4,58.8
654,Braixen,Braixen,Fire,NA,409,59,59,58,90,70,73,1,14.5,14.5
655,Delphox,Delphox,Fire,Psychic,534,75,69,72,114,100,104,1.5,39,17.3
656,Froakie,Froakie,Water,NA,314,41,56,40,62,44,71,0.3,7,77.8
657,Frogadier,Frogadier,Water,NA,405,54,63,52,83,56,97,0.6,10.9,30.3
658,Greninja,Greninja,Water,Dark,530,72,95,67,103,71,122,1.5,40,17.8
658,GreninjaAsh-Greninja,GreninjaAsh-Greninja,Water,Dark,640,72,145,67,153,71,132,1.5,40,17.8
659,Bunnelby,Bunnelby,Normal,NA,237,38,36,38,32,36,57,0.4,5,31.3
660,Diggersby,Diggersby,Normal,Ground,423,85,56,77,50,77,78,1,42.4,42.4
661,Fletchling,Fletchling,Normal,Flying,278,45,50,43,40,38,62,0.3,1.7,18.9
662,Fletchinder,Fletchinder,Fire,Flying,382,62,73,55,56,52,84,0.7,16,32.7
663,Talonflame,Talonflame,Fire,Flying,499,78,81,71,74,69,126,1.2,24.5,17
664,Scatterbug,Scatterbug,Bug,NA,200,38,35,40,27,25,35,0.3,2.5,27.8
665,Spewpa,Spewpa,Bug,NA,213,45,22,60,27,30,29,0.3,8.4,93.3
666,Vivillon,Vivillon,Bug,Flying,411,80,52,50,90,50,89,1.2,17,11.8
667,Litleo,Litleo,Fire,Normal,369,62,50,58,73,54,72,0.6,13.5,37.5
668,Pyroar,Pyroar,Fire,Normal,507,86,68,72,109,66,106,1.5,81.5,36.2
669,FlabÃ©bÃ©,FlabÃ©bÃ©,Fairy,NA,303,44,38,39,61,79,42,0.1,0.1,10
670,Floette,Floette,Fairy,NA,371,54,45,47,75,98,52,0.2,0.9,22.5
671,Florges,Florges,Fairy,NA,552,78,65,68,112,154,75,1.1,10,8.3
672,Skiddo,Skiddo,Grass,NA,350,66,65,48,62,57,52,0.9,31,38.3
673,Gogoat,Gogoat,Grass,NA,531,123,100,62,97,81,68,1.7,91,31.5
674,Pancham,Pancham,Fighting,NA,348,67,82,62,46,48,43,0.6,8,22.2
675,Pangoro,Pangoro,Fighting,Dark,495,95,124,78,69,71,58,2.1,136,30.8
676,Furfrou,Furfrou,Normal,NA,472,75,80,60,65,90,102,1.2,28,19.4
677,Espurr,Espurr,Psychic,NA,355,62,48,54,63,60,68,0.3,3.5,38.9
678,MeowsticMale,MeowsticMale,Psychic,NA,466,74,48,76,83,81,104,0.6,8.5,23.6
678,MeowsticFemale,MeowsticFemale,Psychic,NA,466,74,48,76,83,81,104,0.6,8.5,23.6
679,Honedge,Honedge,Steel,Ghost,325,45,80,100,35,37,28,0.8,2,3.1
680,Doublade,Doublade,Steel,Ghost,448,59,110,150,45,49,35,0.8,4.5,7
681,AegislashShield Forme,AegislashShield Forme,Steel,Ghost,500,60,50,140,50,140,60,1.7,53,18.3
681,AegislashBlade Forme,AegislashBlade Forme,Steel,Ghost,500,60,140,50,140,50,60,1.7,53,18.3
682,Spritzee,Spritzee,Fairy,NA,341,78,52,60,63,65,23,0.2,0.5,12.5
683,Aromatisse,Aromatisse,Fairy,NA,462,101,72,72,99,89,29,0.8,15.5,24.2
684,Swirlix,Swirlix,Fairy,NA,341,62,48,66,59,57,49,0.4,3.5,21.9
685,Slurpuff,Slurpuff,Fairy,NA,480,82,80,86,85,75,72,0.8,5,7.8
686,Inkay,Inkay,Dark,Psychic,288,53,54,53,37,46,45,0.4,3.5,21.9
687,MalamarMega Malamar,Mega Malamar,Dark,Psychic,582,86,102,88,98,120,88,2.9,69.8,8.3
687,Malamar,Malamar,Dark,Psychic,482,86,92,88,68,75,73,1.5,47,20.9
688,Binacle,Binacle,Rock,Water,306,42,52,67,39,56,50,0.5,31,124
689,Barbaracle,Barbaracle,Rock,Water,500,72,105,115,54,86,68,1.3,96,56.8
690,Skrelp,Skrelp,Poison,Water,320,50,60,60,60,60,30,0.5,7.3,29.2
691,Dragalge,Dragalge,Poison,Dragon,494,65,75,90,97,123,44,1.8,81.5,25.2
692,Clauncher,Clauncher,Water,NA,330,50,53,62,58,63,44,0.5,8.3,33.2
693,Clawitzer,Clawitzer,Water,NA,500,71,73,88,120,89,59,1.3,35.3,20.9
694,Helioptile,Helioptile,Electric,Normal,289,44,38,33,61,43,70,0.5,6,24
695,Heliolisk,Heliolisk,Electric,Normal,481,62,55,52,109,94,109,1,21,21
696,Tyrunt,Tyrunt,Rock,Dragon,362,58,89,77,45,45,48,0.8,26,40.6
697,Tyrantrum,Tyrantrum,Rock,Dragon,521,82,121,119,69,59,71,2.5,270,43.2
698,Amaura,Amaura,Rock,Ice,362,77,59,50,67,63,46,1.3,25.2,14.9
699,Aurorus,Aurorus,Rock,Ice,521,123,77,72,99,92,58,2.7,225,30.9
700,Sylveon,Sylveon,Fairy,NA,525,95,65,65,110,130,60,1,23.5,23.5
701,HawluchaMega Hawlucha,Mega Hawlucha,Fighting,Flying,600,78,137,100,74,93,118,1,25,25
701,Hawlucha,Hawlucha,Fighting,Flying,500,78,92,75,74,63,118,0.8,21.5,33.6
702,Dedenne,Dedenne,Electric,Fairy,431,67,58,57,81,67,101,0.2,2.2,55
703,Carbink,Carbink,Rock,Fairy,500,50,50,150,50,150,50,0.3,5.7,63.3
704,Goomy,Goomy,Dragon,NA,300,45,50,35,55,75,40,0.3,2.8,31.1
705,Sliggoo,Sliggoo,Dragon,NA,452,68,75,53,83,113,60,0.8,17.5,27.3
705,SliggooHisuian Sliggoo,Hisuian Sliggoo,Steel,Dragon,452,58,75,83,83,113,40,0.7,68.5,139.8
706,Goodra,Goodra,Dragon,NA,600,90,100,70,110,150,80,2,150.5,37.6
706,GoodraHisuian Goodra,Hisuian Goodra,Steel,Dragon,600,80,100,100,110,150,60,1.7,334.1,115.6
707,Klefki,Klefki,Steel,Fairy,470,57,80,91,80,87,75,0.2,3,75
708,Phantump,Phantump,Ghost,Grass,309,43,70,48,50,60,38,0.4,7,43.8
709,Trevenant,Trevenant,Ghost,Grass,474,85,110,76,65,82,56,1.5,71,31.6
710,PumpkabooSuper Size,PumpkabooSuper Size,Ghost,Grass,335,59,66,70,44,55,41,0.8,15,23.4
710,PumpkabooLarge Size,PumpkabooLarge Size,Ghost,Grass,335,54,66,70,44,55,46,0.5,7.5,30
710,PumpkabooAverage Size,PumpkabooAverage Size,Ghost,Grass,335,49,66,70,44,55,51,0.4,5,31.3
710,PumpkabooSmall Size,PumpkabooSmall Size,Ghost,Grass,335,44,66,70,44,55,56,0.3,3.5,38.9
711,GourgeistLarge Size,GourgeistLarge Size,Ghost,Grass,494,75,95,122,58,75,69,1.1,14,11.6
711,GourgeistSuper Size,GourgeistSuper Size,Ghost,Grass,494,85,100,122,58,75,54,1.7,39,13.5
711,GourgeistAverage Size,GourgeistAverage Size,Ghost,Grass,494,65,90,122,58,75,84,0.9,12.5,15.4
711,GourgeistSmall Size,GourgeistSmall Size,Ghost,Grass,494,55,85,122,58,75,99,0.7,9.5,19.4
712,Bergmite,Bergmite,Ice,NA,304,55,69,85,32,35,28,1,99.5,99.5
713,Avalugg,Avalugg,Ice,NA,514,95,117,184,44,46,28,2,505,126.3
713,AvaluggHisuian Avalugg,Hisuian Avalugg,Ice,Rock,514,95,127,184,34,36,38,1.4,262.4,133.9
714,Noibat,Noibat,Flying,Dragon,245,40,30,35,45,40,55,0.5,8,32
715,Noivern,Noivern,Flying,Dragon,535,85,70,80,97,80,123,1.5,85,37.8
716,Xerneas,Xerneas,Fairy,NA,680,126,131,95,131,98,99,3,215,23.9
717,Yveltal,Yveltal,Dark,Flying,680,126,131,95,131,98,99,5.8,203,6
718,Zygarde50% Forme,Zygarde50% Forme,Dragon,Ground,600,108,100,121,81,95,95,5,305,12.2
718,Zygarde10% Forme,Zygarde10% Forme,Dragon,Ground,486,54,100,71,61,85,115,1.2,33.5,23.3
718,ZygardeComplete Forme,ZygardeComplete Forme,Dragon,Ground,708,216,100,121,91,95,85,4.5,610,30.1
719,Diancie,Diancie,Rock,Fairy,600,50,100,150,100,150,50,0.7,8.8,18
719,DiancieMega Diancie,Mega Diancie,Rock,Fairy,700,50,160,110,160,110,110,1.1,27.8,23
720,HoopaHoopa Unbound,HoopaHoopa Unbound,Psychic,Dark,680,80,160,60,170,130,80,6.5,490,11.6
720,HoopaHoopa Confined,HoopaHoopa Confined,Psychic,Ghost,600,80,110,60,150,130,70,0.5,9,36
721,Volcanion,Volcanion,Fire,Water,600,80,110,120,130,90,70,1.7,195,67.5
722,Rowlet,Rowlet,Grass,Flying,320,68,55,55,50,50,42,0.3,1.5,16.7
723,Dartrix,Dartrix,Grass,Flying,420,78,75,75,70,70,52,0.7,16,32.7
724,Decidueye,Decidueye,Grass,Ghost,530,78,107,75,100,100,70,1.6,36.6,14.3
724,DecidueyeHisuian Decidueye,Hisuian Decidueye,Grass,Fighting,530,88,112,80,95,95,60,1.6,37,14.5
725,Litten,Litten,Fire,NA,320,45,65,40,60,40,70,0.4,4.3,26.9
726,Torracat,Torracat,Fire,NA,420,65,85,50,80,50,90,0.7,25,51
727,Incineroar,Incineroar,Fire,Dark,530,95,115,90,80,90,60,1.8,83,25.6
728,Popplio,Popplio,Water,NA,320,50,54,54,66,56,40,0.4,7.5,46.9
729,Brionne,Brionne,Water,NA,420,60,69,69,91,81,50,0.6,17.5,48.6
730,Primarina,Primarina,Water,Fairy,530,80,74,74,126,116,60,1.8,44,13.6
731,Pikipek,Pikipek,Normal,Flying,265,35,75,30,30,30,65,0.3,1.2,13.3
732,Trumbeak,Trumbeak,Normal,Flying,355,55,85,50,40,50,75,0.6,14.8,41.1
733,Toucannon,Toucannon,Normal,Flying,485,80,120,75,75,75,60,1.1,26,21.5
734,Yungoos,Yungoos,Normal,NA,253,48,70,30,30,30,45,0.4,6,37.5
735,Gumshoos,Gumshoos,Normal,NA,418,88,110,60,55,60,45,0.7,14.2,29
736,Grubbin,Grubbin,Bug,NA,300,47,62,45,55,45,46,0.4,4.4,27.5
737,Charjabug,Charjabug,Bug,Electric,400,57,82,95,55,75,36,0.5,10.5,42
738,Vikavolt,Vikavolt,Bug,Electric,500,77,70,90,145,75,43,1.5,45,20
739,Crabrawler,Crabrawler,Fighting,NA,338,47,82,57,42,47,63,0.6,7,19.4
740,Crabominable,Crabominable,Fighting,Ice,478,97,132,77,62,67,43,1.7,180,62.3
741,OricorioBaile Style,OricorioBaile Style,Fire,Flying,476,75,70,70,98,70,93,0.6,3.4,9.4
741,OricorioPom-Pom Style,OricorioPom-Pom Style,Electric,Flying,476,75,70,70,98,70,93,0.6,3.4,9.4
741,OricorioPa'u Style,OricorioPa'u Style,Psychic,Flying,476,75,70,70,98,70,93,0.6,3.4,9.4
741,OricorioSensu Style,OricorioSensu Style,Ghost,Flying,476,75,70,70,98,70,93,0.6,3.4,9.4
742,Cutiefly,Cutiefly,Bug,Fairy,304,40,45,40,55,40,84,0.1,0.2,20
743,Ribombee,Ribombee,Bug,Fairy,464,60,55,60,95,70,124,0.2,0.5,12.5
744,Rockruff,Rockruff,Rock,NA,280,45,65,40,30,40,60,0.5,9.2,36.8
744,RockruffOwn Tempo Rockruff,RockruffOwn Tempo Rockruff,Rock,NA,280,45,65,40,30,40,60,0.5,9.2,36.8
745,LycanrocMidnight Form,LycanrocMidnight Form,Rock,NA,487,85,115,75,55,75,82,1.1,25,20.7
745,LycanrocMidday Form,LycanrocMidday Form,Rock,NA,487,75,115,65,55,65,112,0.8,25,39.1
745,LycanrocDusk Form,LycanrocDusk Form,Rock,NA,487,75,117,65,55,65,110,0.8,25,39.1
746,WishiwashiSchool Form,WishiwashiSchool Form,Water,NA,620,45,140,130,140,135,30,8.2,78.6,1.2
746,WishiwashiSolo Form,WishiwashiSolo Form,Water,NA,175,45,20,20,25,25,40,0.2,0.3,7.5
747,Mareanie,Mareanie,Poison,Water,305,50,53,62,43,52,45,0.4,8,50
748,Toxapex,Toxapex,Poison,Water,495,50,63,152,53,142,35,0.7,14.5,29.6
749,Mudbray,Mudbray,Ground,NA,385,70,100,70,45,55,45,1,110,110
750,Mudsdale,Mudsdale,Ground,NA,500,100,125,100,55,85,35,2.5,920,147.2
751,Dewpider,Dewpider,Water,Bug,269,38,40,52,40,72,27,0.3,4,44.4
752,Araquanid,Araquanid,Water,Bug,454,68,70,92,50,132,42,1.8,82,25.3
753,Fomantis,Fomantis,Grass,NA,250,40,55,35,50,35,35,0.3,1.5,16.7
754,Lurantis,Lurantis,Grass,NA,480,70,105,90,80,90,45,0.9,18.5,22.8
755,Morelull,Morelull,Grass,Fairy,285,40,35,55,65,75,15,0.2,1.5,37.5
756,Shiinotic,Shiinotic,Grass,Fairy,405,60,45,80,90,100,30,1,11.5,11.5
757,Salandit,Salandit,Poison,Fire,320,48,44,40,71,40,77,0.6,4.8,13.3
758,Salazzle,Salazzle,Poison,Fire,480,68,64,60,111,60,117,1.2,22.2,15.4
759,Stufful,Stufful,Normal,Fighting,340,70,75,50,45,50,50,0.5,6.8,27.2
760,Bewear,Bewear,Normal,Fighting,500,120,125,80,55,60,60,2.1,135,30.6
761,Bounsweet,Bounsweet,Grass,NA,210,42,30,38,30,38,32,0.3,3.2,35.6
762,Steenee,Steenee,Grass,NA,290,52,40,48,40,48,62,0.7,8.2,16.7
763,Tsareena,Tsareena,Grass,NA,510,72,120,98,50,98,72,1.2,21.4,14.9
764,Comfey,Comfey,Fairy,NA,485,51,52,90,82,110,100,0.1,0.3,30
765,Oranguru,Oranguru,Normal,Psychic,490,90,60,80,90,110,60,1.5,76,33.8
766,Passimian,Passimian,Fighting,NA,490,100,120,90,40,60,80,2,82.8,20.7
767,Wimpod,Wimpod,Bug,Water,230,25,35,40,20,30,80,0.5,12,48
768,Golisopod,Golisopod,Bug,Water,530,75,125,140,60,90,40,2,108,27
769,Sandygast,Sandygast,Ghost,Ground,320,55,55,80,70,45,15,0.5,70,280
770,Palossand,Palossand,Ghost,Ground,480,85,75,110,100,75,35,1.3,250,147.9
771,Pyukumuku,Pyukumuku,Water,NA,410,55,60,130,30,130,5,0.3,1.2,13.3
772,Type: Null,Type: Null,Normal,NA,534,95,95,95,95,95,59,1.9,120.5,33.4
773,Silvally,Silvally,Normal,NA,570,95,95,95,95,95,95,2.3,100.5,19
774,MiniorCore Form,MiniorCore Form,Rock,Flying,500,60,100,60,100,60,120,0.3,0.3,3.3
774,MiniorMeteor Form,MiniorMeteor Form,Rock,Flying,440,60,60,100,60,100,60,0.3,40,444.4
775,Komala,Komala,Normal,NA,480,65,115,65,75,95,65,0.4,19.9,124.4
776,Turtonator,Turtonator,Fire,Dragon,485,60,78,135,91,85,36,2,212,53
777,Togedemaru,Togedemaru,Electric,Steel,435,65,98,63,40,73,96,0.3,3.3,36.7
778,Mimikyu,Mimikyu,Ghost,Fairy,476,55,90,80,50,105,96,0.2,0.7,17.5
779,Bruxish,Bruxish,Water,Psychic,475,68,105,70,70,70,92,0.9,19,23.5
780,Drampa,Drampa,Normal,Dragon,485,78,60,85,135,91,36,3,185,20.6
781,Dhelmise,Dhelmise,Ghost,Grass,517,70,131,100,86,90,40,3.9,210,13.8
782,Jangmo-o,Jangmo-o,Dragon,NA,300,45,55,65,45,45,45,0.6,29.7,82.5
783,Hakamo-o,Hakamo-o,Dragon,Fighting,420,55,75,90,65,70,65,1.2,47,32.6
784,Kommo-o,Kommo-o,Dragon,Fighting,600,75,110,125,100,105,85,1.6,78.2,30.5
785,Tapu Koko,Tapu Koko,Electric,Fairy,570,70,115,85,95,75,130,1.8,20.5,6.3
786,Tapu Lele,Tapu Lele,Psychic,Fairy,570,70,85,75,130,115,95,1.2,18.6,12.9
787,Tapu Bulu,Tapu Bulu,Grass,Fairy,570,70,130,115,85,95,75,1.9,45.5,12.6
788,Tapu Fini,Tapu Fini,Water,Fairy,570,70,75,115,95,130,85,1.3,21.2,12.5
789,Cosmog,Cosmog,Psychic,NA,200,43,29,31,29,31,37,0.2,0.1,2.5
790,Cosmoem,Cosmoem,Psychic,NA,400,43,29,131,29,131,37,0.1,999.9,"99,990.00"
791,Solgaleo,Solgaleo,Psychic,Steel,680,137,137,107,113,89,97,3.4,230,19.9
792,Lunala,Lunala,Psychic,Ghost,680,137,113,89,137,107,97,4,120,7.5
793,Nihilego,Nihilego,Rock,Poison,570,109,53,47,127,131,103,1.2,55.5,38.5
794,Buzzwole,Buzzwole,Bug,Fighting,570,107,139,139,53,53,79,2.4,333.6,57.9
795,Pheromosa,Pheromosa,Bug,Fighting,570,71,137,37,137,37,151,1.8,25,7.7
796,Xurkitree,Xurkitree,Electric,NA,570,83,89,71,173,71,83,3.8,100,6.9
797,Celesteela,Celesteela,Steel,Flying,570,97,101,103,107,101,61,9.2,999.9,11.8
798,Kartana,Kartana,Grass,Steel,570,59,181,131,59,31,109,0.3,0.1,1.1
799,Guzzlord,Guzzlord,Dark,Dragon,570,223,101,53,97,53,43,5.5,888,29.4
800,NecrozmaUltra Necrozma,Ultra Necrozma,Psychic,Dragon,754,97,167,97,167,97,129,7.5,230,4.1
800,NecrozmaDawn Wings Necrozma,NecrozmaDawn Wings Necrozma,Psychic,Ghost,680,97,113,109,157,127,77,4.2,350,19.8
800,NecrozmaDusk Mane Necrozma,NecrozmaDusk Mane Necrozma,Psychic,Steel,680,97,157,127,113,109,77,3.8,460,31.9
800,Necrozma,Necrozma,Psychic,NA,600,97,107,101,127,89,79,2.4,230,39.9
801,Magearna,Magearna,Steel,Fairy,600,80,95,115,130,115,65,1,80.5,80.5
802,Marshadow,Marshadow,Fighting,Ghost,600,90,125,80,90,90,125,0.7,22.2,45.3
803,Poipole,Poipole,Poison,NA,420,67,73,67,73,67,73,0.6,1.8,5
804,Naganadel,Naganadel,Poison,Dragon,540,73,73,73,127,73,121,3.6,150,11.6
805,Stakataka,Stakataka,Rock,Steel,570,61,131,211,53,101,13,5.5,820,27.1
806,Blacephalon,Blacephalon,Fire,Ghost,570,53,127,53,151,79,107,1.8,13,4
807,Zeraora,Zeraora,Electric,NA,600,88,112,75,102,80,143,1.5,44.5,19.8
808,Meltan,Meltan,Steel,NA,300,46,65,65,55,35,34,0.2,8,200
809,Melmetal,Melmetal,Steel,NA,600,135,143,143,80,65,34,2.5,800,128
810,Grookey,Grookey,Grass,NA,310,50,65,50,40,40,65,0.3,5,55.6
811,Thwackey,Thwackey,Grass,NA,420,70,85,70,55,60,80,0.7,14,28.6
812,Rillaboom,Rillaboom,Grass,NA,530,100,125,90,60,70,85,2.1,90,20.4
813,Scorbunny,Scorbunny,Fire,NA,310,50,71,40,40,40,69,0.3,4.5,50
814,Raboot,Raboot,Fire,NA,420,65,86,60,55,60,94,0.6,9,25
815,Cinderace,Cinderace,Fire,NA,530,80,116,75,65,75,119,1.4,33,16.8
816,Sobble,Sobble,Water,NA,310,50,40,40,70,40,70,0.3,4,44.4
817,Drizzile,Drizzile,Water,NA,420,65,60,55,95,55,90,0.7,11.5,23.5
818,Inteleon,Inteleon,Water,NA,530,70,85,65,125,65,120,1.9,45.2,12.5
819,Skwovet,Skwovet,Normal,NA,275,70,55,55,35,35,25,0.3,2.5,27.8
820,Greedent,Greedent,Normal,NA,460,120,95,95,55,75,20,0.6,6,16.7
821,Rookidee,Rookidee,Flying,NA,245,38,47,35,33,35,57,0.2,1.8,45
822,Corvisquire,Corvisquire,Flying,NA,365,68,67,55,43,55,77,0.8,16,25
823,Corviknight,Corviknight,Flying,Steel,495,98,87,105,53,85,67,2.2,75,15.5
824,Blipbug,Blipbug,Bug,NA,180,25,20,20,25,45,45,0.4,8,50
825,Dottler,Dottler,Bug,Psychic,335,50,35,80,50,90,30,0.4,19.5,121.9
826,Orbeetle,Orbeetle,Bug,Psychic,505,60,45,110,80,120,90,0.4,40.8,255
827,Nickit,Nickit,Dark,NA,245,40,28,28,47,52,50,0.6,8.9,24.7
828,Thievul,Thievul,Dark,NA,455,70,58,58,87,92,90,1.2,19.9,13.8
829,Gossifleur,Gossifleur,Grass,NA,250,40,40,60,40,60,10,0.4,2.2,13.8
830,Eldegoss,Eldegoss,Grass,NA,460,60,50,90,80,120,60,0.5,2.5,10
831,Wooloo,Wooloo,Normal,NA,270,42,40,55,40,45,48,0.6,6,16.7
832,Dubwool,Dubwool,Normal,NA,490,72,80,100,60,90,88,1.3,43,25.4
833,Chewtle,Chewtle,Water,NA,284,50,64,50,38,38,44,0.3,8.5,94.4
834,Drednaw,Drednaw,Water,Rock,485,90,115,90,48,68,74,1,115.5,115.5
835,Yamper,Yamper,Electric,NA,270,59,45,50,40,50,26,0.3,13.5,150
836,Boltund,Boltund,Electric,NA,490,69,90,60,90,60,121,1,34,34
837,Rolycoly,Rolycoly,Rock,NA,240,30,40,50,40,50,30,0.3,12,133.3
838,Carkol,Carkol,Rock,Fire,410,80,60,90,60,70,50,1.1,78,64.5
839,Coalossal,Coalossal,Rock,Fire,510,110,80,120,80,90,30,2.8,310.5,39.6
840,Applin,Applin,Grass,Dragon,260,40,40,80,40,40,20,0.2,0.5,12.5
841,Flapple,Flapple,Grass,Dragon,485,70,110,80,95,60,70,0.3,1,11.1
842,Appletun,Appletun,Grass,Dragon,485,110,85,80,100,80,30,0.4,13,81.3
843,Silicobra,Silicobra,Ground,NA,315,52,57,75,35,50,46,2.2,7.6,1.6
844,Sandaconda,Sandaconda,Ground,NA,510,72,107,125,65,70,71,3.8,65.5,4.5
845,Cramorant,Cramorant,Flying,Water,475,70,85,55,85,95,85,0.8,18,28.1
846,Arrokuda,Arrokuda,Water,NA,280,41,63,40,40,30,66,0.5,1,4
847,Barraskewda,Barraskewda,Water,NA,490,61,123,60,60,50,136,1.3,30,17.8
848,Toxel,Toxel,Electric,Poison,242,40,38,35,54,35,40,0.4,11,68.8
849,ToxtricityAmped Form,ToxtricityAmped Form,Electric,Poison,502,75,98,70,114,70,75,1.6,40,15.6
849,ToxtricityLow Key Form,ToxtricityLow Key Form,Electric,Poison,502,75,98,70,114,70,75,1.6,40,15.6
850,Sizzlipede,Sizzlipede,Fire,Bug,305,50,65,45,50,50,45,0.7,1,2
851,Centiskorch,Centiskorch,Fire,Bug,525,100,115,65,90,90,65,3,120,13.3
852,Clobbopus,Clobbopus,Fighting,NA,310,50,68,60,50,50,32,0.6,4,11.1
853,Grapploct,Grapploct,Fighting,NA,480,80,118,90,70,80,42,1.6,39,15.2
854,Sinistea,Sinistea,Ghost,NA,308,40,45,45,74,54,50,0.1,0.2,20
855,Polteageist,Polteageist,Ghost,NA,508,60,65,65,134,114,70,0.2,0.4,10
856,Hatenna,Hatenna,Psychic,NA,265,42,30,45,56,53,39,0.4,3.4,21.3
857,Hattrem,Hattrem,Psychic,NA,370,57,40,65,86,73,49,0.6,4.8,13.3
858,Hatterene,Hatterene,Psychic,Fairy,510,57,90,95,136,103,29,2.1,5.1,1.2
859,Impidimp,Impidimp,Dark,Fairy,265,45,45,30,55,40,50,0.4,5.5,34.4
860,Morgrem,Morgrem,Dark,Fairy,370,65,60,45,75,55,70,0.8,12.5,19.5
861,Grimmsnarl,Grimmsnarl,Dark,Fairy,510,95,120,65,95,75,60,1.5,61,27.1
862,Obstagoon,Obstagoon,Dark,Normal,520,93,90,101,60,81,95,1.6,46,18
863,Perrserker,Perrserker,Steel,NA,440,70,110,100,50,60,50,0.8,28,43.8
864,Cursola,Cursola,Ghost,NA,510,60,95,50,145,130,30,1,0.4,0.4
865,Sirfetch'd,Sirfetch'd,Fighting,NA,507,62,135,95,68,82,65,0.8,117,182.8
866,Mr. Rime,Mr. Rime,Ice,Psychic,520,80,85,75,110,100,70,1.5,58.2,25.9
867,Runerigus,Runerigus,Ground,Ghost,483,58,95,145,50,105,30,1.6,66.6,26
868,Milcery,Milcery,Fairy,NA,270,45,40,40,50,61,34,0.2,0.3,7.5
869,Alcremie,Alcremie,Fairy,NA,495,65,60,75,110,121,64,0.3,0.5,5.6
870,Falinks,Falinks,Fighting,NA,470,65,100,100,70,60,75,3,62,6.9
871,Pincurchin,Pincurchin,Electric,NA,435,48,101,95,91,85,15,0.3,1,11.1
872,Snom,Snom,Ice,Bug,185,30,25,35,45,30,20,0.3,3.8,42.2
873,Frosmoth,Frosmoth,Ice,Bug,475,70,65,60,125,90,65,1.3,42,24.9
874,Stonjourner,Stonjourner,Rock,NA,470,100,125,135,20,20,70,2.5,520,83.2
875,EiscueIce Face,EiscueIce Face,Ice,NA,470,75,80,110,65,90,50,1.4,89,45.4
875,EiscueNoice Face,EiscueNoice Face,Ice,NA,470,75,80,70,65,50,130,1.4,89,45.4
876,IndeedeeMale,IndeedeeMale,Psychic,Normal,475,60,65,55,105,95,95,0.9,28,34.6
876,IndeedeeFemale,IndeedeeFemale,Psychic,Normal,475,70,55,65,95,105,85,0.9,28,34.6
877,MorpekoFull Belly Mode,MorpekoFull Belly Mode,Electric,Dark,436,58,95,58,70,58,97,0.3,3,33.3
877,MorpekoHangry Mode,MorpekoHangry Mode,Electric,Dark,436,58,95,58,70,58,97,0.3,3,33.3
878,Cufant,Cufant,Steel,NA,330,72,80,49,40,49,40,1.2,100,69.4
879,Copperajah,Copperajah,Steel,NA,500,122,130,69,80,69,30,3,650,72.2
880,Dracozolt,Dracozolt,Electric,Dragon,505,90,100,90,80,70,75,1.8,190,58.6
881,Arctozolt,Arctozolt,Electric,Ice,505,90,100,90,90,80,55,2.3,150,28.4
882,Dracovish,Dracovish,Water,Dragon,505,90,90,100,70,80,75,2.3,215,40.6
883,Arctovish,Arctovish,Water,Ice,505,90,90,100,80,90,55,2,175,43.8
884,Duraludon,Duraludon,Steel,Dragon,535,70,95,115,120,50,85,1.8,40,12.3
885,Dreepy,Dreepy,Dragon,Ghost,270,28,60,30,40,30,82,0.5,2,8
886,Drakloak,Drakloak,Dragon,Ghost,410,68,80,50,60,50,102,1.4,11,5.6
887,Dragapult,Dragapult,Dragon,Ghost,600,88,120,75,100,75,142,3,50,5.6
888,ZacianHero of Many Battles,ZacianHero of Many Battles,Fairy,NA,660,92,120,115,80,115,138,2.8,110,14
888,ZacianCrowned Sword,ZacianCrowned Sword,Fairy,Steel,700,92,150,115,80,115,148,2.8,355,45.3
889,ZamazentaHero of Many Battles,ZamazentaHero of Many Battles,Fighting,NA,660,92,120,115,80,115,138,2.9,210,25
889,ZamazentaCrowned Shield,ZamazentaCrowned Shield,Fighting,Steel,700,92,120,140,80,140,128,2.9,785,93.3
890,Eternatus,Eternatus,Poison,Dragon,690,140,85,95,145,95,130,20,950,2.4
891,Kubfu,Kubfu,Fighting,NA,385,60,90,60,53,50,72,0.6,12,33.3
892,UrshifuSingle Strike Style,UrshifuSingle Strike Style,Fighting,Dark,550,100,130,100,63,60,97,1.9,105,29.1
892,UrshifuRapid Strike Style,UrshifuRapid Strike Style,Fighting,Water,550,100,130,100,63,60,97,1.9,105,29.1
893,Zarude,Zarude,Dark,Grass,600,105,120,105,70,95,105,1.8,70,21.6
894,Regieleki,Regieleki,Electric,NA,580,80,100,50,100,50,200,1.2,145,100.7
895,Regidrago,Regidrago,Dragon,NA,580,200,100,50,100,50,80,2.1,200,45.4
896,Glastrier,Glastrier,Ice,NA,580,100,145,130,65,110,30,2.2,800,165.3
897,Spectrier,Spectrier,Ghost,NA,580,100,65,60,145,80,130,2,44.5,11.1
898,Calyrex,Calyrex,Psychic,Grass,500,100,80,80,80,80,80,1.1,7.7,6.4
898,CalyrexShadow Rider,CalyrexShadow Rider,Psychic,Ghost,680,100,85,80,165,100,150,2.4,53.6,9.3
898,CalyrexIce Rider,CalyrexIce Rider,Psychic,Ice,680,100,165,150,85,130,50,2.4,809.1,140.5
899,Wyrdeer,Wyrdeer,Normal,Psychic,525,103,105,72,105,75,65,1.8,95.1,29.4
900,Kleavor,Kleavor,Bug,Rock,500,70,135,95,45,70,85,1.8,89,27.5
901,UrsalunaBloodmoon,UrsalunaBloodmoon,Ground,Normal,555,113,70,120,135,65,52,2.7,333,45.7
901,Ursaluna,Ursaluna,Ground,Normal,550,130,140,105,45,80,50,2.4,290,50.3
902,BasculegionMale,BasculegionMale,Water,Ghost,530,120,112,65,80,75,78,3,110,12.2
902,BasculegionFemale,BasculegionFemale,Water,Ghost,530,120,92,65,100,75,78,3,110,12.2
903,Sneasler,Sneasler,Fighting,Poison,510,80,130,60,40,80,120,1.3,43,25.4
904,Overqwil,Overqwil,Dark,Poison,510,85,115,95,65,65,85,2.5,60.5,9.7
905,EnamorusIncarnate Forme,EnamorusIncarnate Forme,Fairy,Flying,580,74,115,70,135,80,106,1.6,48,18.8
905,EnamorusTherian Forme,EnamorusTherian Forme,Fairy,Flying,580,74,115,110,135,100,46,1.6,48,18.8
906,Sprigatito,Sprigatito,Grass,NA,310,40,61,54,45,45,65,0.4,4.1,25.6
907,Floragato,Floragato,Grass,NA,410,61,80,63,60,63,83,0.9,12.2,15.1
908,Meowscarada,Meowscarada,Grass,Dark,530,76,110,70,81,70,123,1.5,31.2,13.9
909,Fuecoco,Fuecoco,Fire,NA,310,67,45,59,63,40,36,0.4,9.8,61.3
910,Crocalor,Crocalor,Fire,NA,411,81,55,78,90,58,49,1,30.7,30.7
911,Skeledirge,Skeledirge,Fire,Ghost,530,104,75,100,110,75,66,1.6,326.5,127.5
912,Quaxly,Quaxly,Water,NA,310,55,65,45,50,45,50,0.5,6.1,24.4
913,Quaxwell,Quaxwell,Water,NA,410,70,85,65,65,60,65,1.2,21.5,14.9
914,Quaquaval,Quaquaval,Water,Fighting,530,85,120,80,85,75,85,1.8,61.9,19.1
915,Lechonk,Lechonk,Normal,NA,254,54,45,40,35,45,35,0.5,10.2,40.8
916,OinkologneMale,OinkologneMale,Normal,NA,489,110,100,75,59,80,65,1,120,120
916,OinkologneFemale,OinkologneFemale,Normal,NA,489,115,90,70,59,90,65,1,120,120
917,Tarountula,Tarountula,Bug,NA,210,35,41,45,29,40,20,0.3,4,44.4
918,Spidops,Spidops,Bug,NA,404,60,79,92,52,86,35,1,16.5,16.5
919,Nymble,Nymble,Bug,NA,210,33,46,40,21,25,45,0.2,1,25
920,Lokix,Lokix,Bug,Dark,450,71,102,78,52,55,92,1,17.5,17.5
921,Pawmi,Pawmi,Electric,NA,240,45,50,20,40,25,60,0.3,2.5,27.8
922,Pawmo,Pawmo,Electric,Fighting,350,60,75,40,50,40,85,0.4,6.5,40.6
923,Pawmot,Pawmot,Electric,Fighting,490,70,115,70,70,60,105,0.9,41,50.6
924,Tandemaus,Tandemaus,Normal,NA,305,50,50,45,40,45,75,0.3,1.8,20
925,MausholdFamily of Three,MausholdFamily of Three,Normal,NA,470,74,75,70,65,75,111,0.3,2.3,25.6
925,MausholdFamily of Four,MausholdFamily of Four,Normal,NA,470,74,75,70,65,75,111,0.3,2.8,31.1
926,Fidough,Fidough,Fairy,NA,312,37,55,70,30,55,65,0.3,10.9,121.1
927,Dachsbun,Dachsbun,Fairy,NA,477,57,80,115,50,80,95,0.5,14.9,59.6
928,Smoliv,Smoliv,Grass,Normal,260,41,35,45,58,51,30,0.3,6.5,72.2
929,Dolliv,Dolliv,Grass,Normal,354,52,53,60,78,78,33,0.6,11.9,33.1
930,Arboliva,Arboliva,Grass,Normal,510,78,69,90,125,109,39,1.4,48.2,24.6
931,SquawkabillyGreen Plumage,SquawkabillyGreen Plumage,Normal,Flying,417,82,96,51,45,51,92,0.6,2.4,6.7
931,SquawkabillyBlue Plumage,SquawkabillyBlue Plumage,Normal,Flying,417,82,96,51,45,51,92,0.6,2.4,6.7
931,SquawkabillyYellow Plumage,SquawkabillyYellow Plumage,Normal,Flying,417,82,96,51,45,51,92,0.6,2.4,6.7
931,SquawkabillyWhite Plumage,SquawkabillyWhite Plumage,Normal,Flying,417,82,96,51,45,51,92,0.6,2.4,6.7
932,Nacli,Nacli,Rock,NA,280,55,55,75,35,35,25,0.4,16,100
933,Naclstack,Naclstack,Rock,NA,355,60,60,100,35,65,35,0.6,105,291.7
934,Garganacl,Garganacl,Rock,NA,500,100,100,130,45,90,35,2.3,240,45.4
935,Charcadet,Charcadet,Fire,NA,255,40,50,40,50,40,35,0.6,10.5,29.2
936,Armarouge,Armarouge,Fire,Psychic,525,85,60,100,125,80,75,1.5,85,37.8
937,Ceruledge,Ceruledge,Fire,Ghost,525,75,125,80,60,100,85,1.6,62,24.2
938,Tadbulb,Tadbulb,Electric,NA,272,61,31,41,59,35,45,0.3,0.4,4.4
939,Bellibolt,Bellibolt,Electric,NA,495,109,64,91,103,83,45,1.2,113,78.5
940,Wattrel,Wattrel,Electric,Flying,280,40,40,35,55,40,70,0.4,3.6,22.5
941,Kilowattrel,Kilowattrel,Electric,Flying,490,70,70,60,105,60,125,1.4,38.6,19.7
942,Maschiff,Maschiff,Dark,NA,340,60,78,60,40,51,51,0.5,16,64
943,Mabosstiff,Mabosstiff,Dark,NA,505,80,120,90,60,70,85,1.1,61,50.4
944,Shroodle,Shroodle,Poison,Normal,290,40,65,35,40,35,75,0.2,0.7,17.5
945,Grafaiai,Grafaiai,Poison,Normal,485,63,95,65,80,72,110,0.7,27.2,55.5
946,Bramblin,Bramblin,Grass,Ghost,275,40,65,30,45,35,60,0.6,0.6,1.7
947,Brambleghast,Brambleghast,Grass,Ghost,480,55,115,70,80,70,90,1.2,6,4.2
948,Toedscool,Toedscool,Ground,Grass,335,40,40,35,50,100,70,0.9,33,40.7
949,Toedscruel,Toedscruel,Ground,Grass,515,80,70,65,80,120,100,1.9,58,16.1
950,Klawf,Klawf,Rock,NA,450,70,100,115,35,55,75,1.3,79,46.7
951,Capsakid,Capsakid,Grass,NA,304,50,62,40,62,40,50,0.3,3,33.3
952,Scovillain,Scovillain,Grass,Fire,486,65,108,65,108,65,75,0.9,15,18.5
953,Rellor,Rellor,Bug,NA,270,41,50,60,31,58,30,0.2,1,25
954,Rabsca,Rabsca,Bug,Psychic,470,75,50,85,115,100,45,0.3,3.5,38.9
955,Flittle,Flittle,Psychic,NA,255,30,35,30,55,30,75,0.2,1.5,37.5
956,Espathra,Espathra,Psychic,NA,481,95,60,60,101,60,105,1.9,90,24.9
957,Tinkatink,Tinkatink,Fairy,Steel,297,50,45,45,35,64,58,0.4,8.9,55.6
958,Tinkatuff,Tinkatuff,Fairy,Steel,380,65,55,55,45,82,78,0.7,59.1,120.6
959,Tinkaton,Tinkaton,Fairy,Steel,506,85,75,77,70,105,94,0.7,112.8,230.2
960,Wiglett,Wiglett,Water,NA,245,10,55,25,35,25,95,1.2,1.8,1.3
961,Wugtrio,Wugtrio,Water,NA,425,35,100,50,50,70,120,1.2,5.4,3.8
962,Bombirdier,Bombirdier,Flying,Dark,485,70,103,85,60,85,82,1.5,42.9,19.1
963,Finizen,Finizen,Water,NA,315,70,45,40,45,40,75,1.3,60.2,35.6
964,PalafinHero Form,PalafinHero Form,Water,NA,650,100,160,97,106,87,100,1.8,97.4,30.1
964,PalafinZero Form,PalafinZero Form,Water,NA,457,100,70,72,53,62,100,1.3,60.2,35.6
965,Varoom,Varoom,Steel,Poison,300,45,70,63,30,45,47,1,35,35
966,Revavroom,Revavroom,Steel,Poison,500,80,119,90,54,67,90,1.8,120,37
967,Cyclizar,Cyclizar,Dragon,Normal,501,70,95,65,85,65,121,1.6,63,24.6
968,Orthworm,Orthworm,Steel,NA,480,70,85,145,60,55,65,2.5,310,49.6
969,Glimmet,Glimmet,Rock,Poison,350,48,35,42,105,60,60,0.7,8,16.3
970,Glimmora,Glimmora,Rock,Poison,525,83,55,90,130,81,86,1.5,45,20
971,Greavard,Greavard,Ghost,NA,290,50,61,60,30,55,34,0.6,35,97.2
972,Houndstone,Houndstone,Ghost,NA,488,72,101,100,50,97,68,2,15,3.8
973,Flamigo,Flamigo,Flying,Fighting,500,82,115,74,75,64,90,1.6,37,14.5
974,Cetoddle,Cetoddle,Ice,NA,334,108,68,45,30,40,43,1.2,45,31.3
975,Cetitan,Cetitan,Ice,NA,521,170,113,65,45,55,73,4.5,700,34.6
976,Veluza,Veluza,Water,Psychic,478,90,102,73,78,65,70,2.5,90,14.4
977,Dondozo,Dondozo,Water,NA,530,150,100,115,65,65,35,12,220,1.5
978,TatsugiriCurly Form,TatsugiriCurly Form,Dragon,Water,475,68,50,60,120,95,82,0.3,8,88.9
978,TatsugiriDroopy Form,TatsugiriDroopy Form,Dragon,Water,475,68,50,60,120,95,82,0.3,8,88.9
978,TatsugiriStretchy Form,TatsugiriStretchy Form,Dragon,Water,475,68,50,60,120,95,82,0.3,8,88.9
979,Annihilape,Annihilape,Fighting,Ghost,535,110,115,80,50,90,90,1.2,56,38.9
980,Clodsire,Clodsire,Poison,Ground,430,130,75,60,45,100,20,1.8,223,68.8
981,Farigiraf,Farigiraf,Normal,Psychic,520,120,90,70,110,70,60,3.2,160,15.6
982,DudunsparceThree-Segment Form,DudunsparceThree-Segment Form,Normal,NA,520,125,100,80,85,75,55,4.5,47.4,2.3
982,DudunsparceTwo-Segment Form,DudunsparceTwo-Segment Form,Normal,NA,520,125,100,80,85,75,55,3.6,39.2,3
983,Kingambit,Kingambit,Dark,Steel,550,100,135,120,60,85,50,2,120,30
984,Great Tusk,Great Tusk,Ground,Fighting,570,115,131,131,53,53,87,2.2,320,66.1
985,Scream Tail,Scream Tail,Fairy,Psychic,570,115,65,99,65,115,111,1.2,8,5.6
986,Brute Bonnet,Brute Bonnet,Grass,Dark,570,111,127,99,79,99,55,1.2,21,14.6
987,Flutter Mane,Flutter Mane,Ghost,Fairy,570,55,55,55,135,135,135,1.4,4,2
988,Slither Wing,Slither Wing,Bug,Fighting,570,85,135,79,85,105,81,3.2,92,9
989,Sandy Shocks,Sandy Shocks,Electric,Ground,570,85,81,97,121,85,101,2.3,60,11.3
990,Iron Treads,Iron Treads,Ground,Steel,570,90,112,120,72,70,106,0.9,240,296.3
991,Iron Bundle,Iron Bundle,Ice,Water,570,56,80,114,124,60,136,0.6,11,30.6
992,Iron Hands,Iron Hands,Fighting,Electric,570,154,140,108,50,68,50,1.8,380.7,117.5
993,Iron Jugulis,Iron Jugulis,Dark,Flying,570,94,80,86,122,80,108,1.3,111,65.7
994,Iron Moth,Iron Moth,Fire,Poison,570,80,70,60,140,110,110,1.2,36,25
995,Iron Thorns,Iron Thorns,Rock,Electric,570,100,134,110,70,84,72,1.6,303,118.4
996,Frigibax,Frigibax,Dragon,Ice,320,65,75,45,35,45,55,0.5,17,68
997,Arctibax,Arctibax,Dragon,Ice,423,90,95,66,45,65,62,0.8,30,46.9
998,Baxcalibur,Baxcalibur,Dragon,Ice,600,115,145,92,75,86,87,2.1,210,47.6
999,GimmighoulRoaming Form,GimmighoulRoaming Form,Ghost,NA,300,45,30,25,75,45,80,0.1,0.1,10
999,GimmighoulChest Form,GimmighoulChest Form,Ghost,NA,300,45,30,70,75,70,10,0.3,5,55.6
1000,Gholdengo,Gholdengo,Steel,Ghost,550,87,60,95,133,91,84,1.2,30,20.8
1001,Wo-Chien,Wo-Chien,Dark,Grass,570,85,85,100,95,135,70,1.5,74.2,33
1002,Chien-Pao,Chien-Pao,Dark,Ice,570,80,120,80,90,65,135,1.9,152.2,42.2
1003,Ting-Lu,Ting-Lu,Dark,Ground,570,155,110,125,55,80,45,2.7,699.7,96
1004,Chi-Yu,Chi-Yu,Dark,Fire,570,55,80,80,135,120,100,0.4,4.9,30.6
1005,Roaring Moon,Roaring Moon,Dragon,Dark,590,105,139,71,55,101,119,2,380,95
1006,Iron Valiant,Iron Valiant,Fairy,Fighting,590,74,130,90,120,60,116,1.4,35,17.9
1007,Koraidon,Koraidon,Fighting,Dragon,670,100,135,115,85,100,135,2.5,303,48.5
1008,Miraidon,Miraidon,Electric,Dragon,670,100,85,100,135,115,135,3.5,240,19.6
1009,Walking Wake,Walking Wake,Water,Dragon,590,99,83,91,125,83,109,3.5,280,22.9
1010,Iron Leaves,Iron Leaves,Grass,Psychic,590,90,130,88,70,108,104,1.5,125,55.6
1011,Dipplin,Dipplin,Grass,Dragon,485,80,80,110,95,80,40,0.4,4.4,27.5
1012,Poltchageist,Poltchageist,Grass,Ghost,308,40,45,45,74,54,50,0.1,1.1,110
1013,Sinistcha,Sinistcha,Grass,Ghost,508,71,60,106,121,80,70,0.2,2.2,55
1014,Okidogi,Okidogi,Poison,Fighting,555,88,128,115,58,86,80,1.8,92,28.4
1015,Munkidori,Munkidori,Poison,Psychic,555,88,75,66,130,90,106,1,12.2,12.2
1016,Fezandipiti,Fezandipiti,Poison,Fairy,555,88,91,82,70,125,99,1.4,30.1,15.4
1017,OgerponTeal Mask,OgerponTeal Mask,Grass,NA,550,80,120,84,60,96,110,1.2,39.8,27.6
1017,OgerponWellspring Mask,OgerponWellspring Mask,Grass,Water,550,80,120,84,60,96,110,1.2,39.8,27.6
1017,OgerponHearthflame Mask,OgerponHearthflame Mask,Grass,Fire,550,80,120,84,60,96,110,1.2,39.8,27.6
1017,OgerponCornerstone Mask,OgerponCornerstone Mask,Grass,Rock,550,80,120,84,60,96,110,1.2,39.8,27.6
1018,Archaludon,Archaludon,Steel,Dragon,600,90,105,130,125,65,85,2,60,15
1019,Hydrapple,Hydrapple,Grass,Dragon,540,106,80,110,120,80,44,1.8,93,28.7
1020,Gouging Fire,Gouging Fire,Fire,Dragon,590,105,115,121,65,93,91,3.5,590,48.2
1021,Raging Bolt,Raging Bolt,Electric,Dragon,590,125,73,91,137,89,75,5.2,480,17.8
1022,Iron Boulder,Iron Boulder,Rock,Psychic,590,90,120,80,68,108,124,1.5,162.5,72.2
1023,Iron Crown,Iron Crown,Steel,Psychic,590,90,72,100,122,108,98,1.6,156,60.9
1024,TerapagosStellar Form,TerapagosStellar Form,Normal,NA,700,160,105,110,130,110,85,1.7,77,26.6
1024,TerapagosNormal Form,TerapagosNormal Form,Normal,NA,450,90,65,85,65,85,60,0.2,6.5,162.5
1024,TerapagosTerastal Form,TerapagosTerastal Form,Normal,NA,600,95,95,110,105,110,85,0.3,16,177.8
1025,Pecharunt,Pecharunt,Poison,Ghost,600,88,88,160,88,88,88,0.3,0.3,3.3
