dex,name,name_fix,type_1,type_2,total,hp,attack,defense,sp_atk,sp_def,speed,height_m,weight_kgs,bmi,is_legendary,is_mythical,is_paradox,is_ultra_beast,is_special,category,generation,is_dual_type
3,Venusaur,Venusaur,Grass,Poison,525,80,82,83,100,100,80,2,100,25,FALSE,FALSE,FALSE,FALSE,FALSE,Regular,Gen 1,TRUE
3,VenusaurMega Venusaur,Mega Venusaur,Grass,Poison,625,80,100,123,122,120,80,2.4,155.5,27,FALSE,FALSE,FALSE,FALSE,FALSE,Regular,Gen 1,TRUE
6,Charizard,Charizard,Fire,Flying,534,78,84,78,109,85,100,1.7,90.5,31.3,FALSE,FALSE,FALSE,FALSE,FALSE,Regular,Gen 1,TRUE
6,CharizardMega Charizard Y,Mega Charizard Y,Fire,Flying,634,78,104,78,159,115,100,1.7,100.5,34.8,FALSE,FALSE,FALSE,FALSE,FALSE,Regular,Gen 1,TRUE
6,CharizardMega Charizard X,Mega Charizard X,Fire,Dragon,634,78,130,111,130,85,100,1.7,110.5,38.2,FALSE,FALSE,FALSE,FALSE,FALSE,Regular,Gen 1,TRUE
9,Blastoise,Blastoise,Water,NA,530,79,83,100,85,105,78,1.6,85.5,33.4,FALSE,FALSE,FALSE,FALSE,FALSE,Regular,Gen 1,FALSE
9,BlastoiseMega Blastoise,Mega Blastoise,Water,NA,630,79,103,120,135,115,78,1.6,101.1,39.5,FALSE,FALSE,FALSE,FALSE,FALSE,Regular,Gen 1,FALSE
12,Butterfree,Butterfree,Bug,Flying,395,60,45,50,90,80,70,1.1,32,26.4,FALSE,FALSE,FALSE,FALSE,FALSE,Regular,Gen 1,TRUE
15,BeedrillMega Beedrill,Mega Beedrill,Bug,Poison,495,65,150,40,15,80,145,1.4,40.5,20.7,FALSE,FALSE,FALSE,FALSE,FALSE,Regular,Gen 1,TRUE
15,Beedrill,Beedrill,Bug,Poison,395,65,90,40,45,80,75,1,29.5,29.5,FALSE,FALSE,FALSE,FALSE,FALSE,Regular,Gen 1,TRUE
18,PidgeotMega Pidgeot,Mega Pidgeot,Normal,Flying,579,83,80,80,135,80,121,2.2,50.5,10.4,FALSE,FALSE,FALSE,FALSE,FALSE,Regular,Gen 1,TRUE
18,Pidgeot,Pidgeot,Normal,Flying,479,83,80,75,70,70,101,1.5,39.5,17.6,FALSE,FALSE,FALSE,FALSE,FALSE,Regular,Gen 1,TRUE
20,Raticate,Raticate,Normal,NA,413,55,81,60,50,70,97,0.7,18.5,37.8,FALSE,FALSE,FALSE,FALSE,FALSE,Regular,Gen 1,FALSE
20,RaticateAlolan Raticate,Alolan Raticate,Dark,Normal,413,75,71,70,40,80,77,0.7,25.5,52,FALSE,FALSE,FALSE,FALSE,FALSE,Regular,Gen 1,TRUE
22,Fearow,Fearow,Normal,Flying,442,65,90,65,61,61,100,1.2,38,26.4,FALSE,FALSE,FALSE,FALSE,FALSE,Regular,Gen 1,TRUE
24,Arbok,Arbok,Poison,NA,448,60,95,69,65,79,80,3.5,65,5.3,FALSE,FALSE,FALSE,FALSE,FALSE,Regular,Gen 1,FALSE
25,Pikachu,Pikachu,Electric,NA,320,35,55,40,50,50,90,0.4,6,37.5,FALSE,FALSE,FALSE,FALSE,FALSE,Regular,Gen 1,FALSE
25,PikachuPartner Pikachu,Partner Pikachu,Electric,NA,430,45,80,50,75,60,120,0.4,6,37.5,FALSE,FALSE,FALSE,FALSE,FALSE,Regular,Gen 1,FALSE
26,RaichuAlolan Raichu,Alolan Raichu,Electric,Psychic,485,60,85,50,95,85,110,0.7,21,42.9,FALSE,FALSE,FALSE,FALSE,FALSE,Regular,Gen 1,TRUE
26,Raichu,Raichu,Electric,NA,485,60,90,55,90,80,110,0.8,30,46.9,FALSE,FALSE,FALSE,FALSE,FALSE,Regular,Gen 1,FALSE
28,Sandslash,Sandslash,Ground,NA,450,75,100,110,45,55,65,1,29.5,29.5,FALSE,FALSE,FALSE,FALSE,FALSE,Regular,Gen 1,FALSE
28,SandslashAlolan Sandslash,Alolan Sandslash,Ice,Steel,450,75,100,120,25,65,65,1.2,55,38.2,FALSE,FALSE,FALSE,FALSE,FALSE,Regular,Gen 1,TRUE
31,Nidoqueen,Nidoqueen,Poison,Ground,505,90,92,87,75,85,76,1.3,60,35.5,FALSE,FALSE,FALSE,FALSE,FALSE,Regular,Gen 1,TRUE
34,Nidoking,Nidoking,Poison,Ground,505,81,102,77,85,75,85,1.4,62,31.6,FALSE,FALSE,FALSE,FALSE,FALSE,Regular,Gen 1,TRUE
36,Clefable,Clefable,Fairy,NA,483,95,70,73,95,90,60,1.3,40,23.7,FALSE,FALSE,FALSE,FALSE,FALSE,Regular,Gen 1,FALSE
38,Ninetales,Ninetales,Fire,NA,505,73,76,75,81,100,100,1.1,19.9,16.4,FALSE,FALSE,FALSE,FALSE,FALSE,Regular,Gen 1,FALSE
38,NinetalesAlolan Ninetales,Alolan Ninetales,Ice,Fairy,505,73,67,75,81,100,109,1.1,19.9,16.4,FALSE,FALSE,FALSE,FALSE,FALSE,Regular,Gen 1,TRUE
40,Wigglytuff,Wigglytuff,Normal,Fairy,435,140,70,45,85,50,45,1,12,12,FALSE,FALSE,FALSE,FALSE,FALSE,Regular,Gen 1,TRUE
45,Vileplume,Vileplume,Grass,Poison,490,75,80,85,110,90,50,1.2,18.6,12.9,FALSE,FALSE,FALSE,FALSE,FALSE,Regular,Gen 1,TRUE
47,Parasect,Parasect,Bug,Grass,405,60,95,80,60,80,30,1,29.5,29.5,FALSE,FALSE,FALSE,FALSE,FALSE,Regular,Gen 1,TRUE
49,Venomoth,Venomoth,Bug,Poison,450,70,65,60,90,75,90,1.5,12.5,5.6,FALSE,FALSE,FALSE,FALSE,FALSE,Regular,Gen 1,TRUE
51,Dugtrio,Dugtrio,Ground,NA,425,35,100,50,50,70,120,0.7,33.3,68,FALSE,FALSE,FALSE,FALSE,FALSE,Regular,Gen 1,FALSE
51,DugtrioAlolan Dugtrio,Alolan Dugtrio,Ground,Steel,425,35,100,60,50,70,110,0.7,66.6,135.9,FALSE,FALSE,FALSE,FALSE,FALSE,Regular,Gen 1,TRUE
53,PersianAlolan Persian,Alolan Persian,Dark,NA,440,65,60,60,75,65,115,1.1,33,27.3,FALSE,FALSE,FALSE,FALSE,FALSE,Regular,Gen 1,FALSE
53,Persian,Persian,Normal,NA,440,65,70,60,65,65,115,1,32,32,FALSE,FALSE,FALSE,FALSE,FALSE,Regular,Gen 1,FALSE
55,Golduck,Golduck,Water,NA,500,80,82,78,95,80,85,1.7,76.6,26.5,FALSE,FALSE,FALSE,FALSE,FALSE,Regular,Gen 1,FALSE
59,ArcanineHisuian Arcanine,Hisuian Arcanine,Fire,Rock,555,95,115,80,95,80,90,2,168,42,FALSE,FALSE,FALSE,FALSE,FALSE,Regular,Gen 1,TRUE
59,Arcanine,Arcanine,Fire,NA,555,90,110,80,100,80,95,1.9,155,42.9,FALSE,FALSE,FALSE,FALSE,FALSE,Regular,Gen 1,FALSE
62,Poliwrath,Poliwrath,Water,Fighting,510,90,95,95,70,90,70,1.3,54,32,FALSE,FALSE,FALSE,FALSE,FALSE,Regular,Gen 1,TRUE
65,Alakazam,Alakazam,Psychic,NA,500,55,50,45,135,95,120,1.5,48,21.3,FALSE,FALSE,FALSE,FALSE,FALSE,Regular,Gen 1,FALSE
65,AlakazamMega Alakazam,Mega Alakazam,Psychic,NA,600,55,50,65,175,105,150,1.2,48,33.3,FALSE,FALSE,FALSE,FALSE,FALSE,Regular,Gen 1,FALSE
68,Machamp,Machamp,Fighting,NA,505,90,130,80,65,85,55,1.6,130,50.8,FALSE,FALSE,FALSE,FALSE,FALSE,Regular,Gen 1,FALSE
71,Victreebel,Victreebel,Grass,Poison,490,80,105,65,100,70,70,1.7,15.5,5.4,FALSE,FALSE,FALSE,FALSE,FALSE,Regular,Gen 1,TRUE
71,VictreebelMega Victreebel,Mega Victreebel,Grass,Poison,590,80,125,85,135,95,70,4.5,125.5,6.2,FALSE,FALSE,FALSE,FALSE,FALSE,Regular,Gen 1,TRUE
73,Tentacruel,Tentacruel,Water,Poison,515,80,70,65,80,120,100,1.6,55,21.5,FALSE,FALSE,FALSE,FALSE,FALSE,Regular,Gen 1,TRUE
76,GolemAlolan Golem,Alolan Golem,Rock,Electric,495,80,120,130,55,65,45,1.7,316,109.3,FALSE,FALSE,FALSE,FALSE,FALSE,Regular,Gen 1,TRUE
76,Golem,Golem,Rock,Ground,495,80,120,130,55,65,45,1.4,300,153.1,FALSE,FALSE,FALSE,FALSE,FALSE,Regular,Gen 1,TRUE
78,RapidashGalarian Rapidash,Galarian Rapidash,Psychic,Fairy,500,65,100,70,80,80,105,1.7,80,27.7,FALSE,FALSE,FALSE,FALSE,FALSE,Regular,Gen 1,TRUE
78,Rapidash,Rapidash,Fire,NA,500,65,100,70,80,80,105,1.7,95,32.9,FALSE,FALSE,FALSE,FALSE,FALSE,Regular,Gen 1,FALSE
80,SlowbroGalarian Slowbro,Galarian Slowbro,Poison,Psychic,490,95,100,95,100,70,30,1.6,70.5,27.5,FALSE,FALSE,FALSE,FALSE,FALSE,Regular,Gen 1,TRUE
80,SlowbroMega Slowbro,Mega Slowbro,Water,Psychic,590,95,75,180,130,80,30,2,120,30,FALSE,FALSE,FALSE,FALSE,FALSE,Regular,Gen 1,TRUE
80,Slowbro,Slowbro,Water,Psychic,490,95,75,110,100,80,30,1.6,78.5,30.7,FALSE,FALSE,FALSE,FALSE,FALSE,Regular,Gen 1,TRUE
83,Farfetch'd,Farfetch'd,Normal,Flying,377,52,90,55,58,62,60,0.8,15,23.4,FALSE,FALSE,FALSE,FALSE,FALSE,Regular,Gen 1,TRUE
83,Farfetch'dGalarian Farfetch'd,Galarian Farfetch'd,Fighting,NA,377,52,95,55,58,62,55,0.8,42,65.6,FALSE,FALSE,FALSE,FALSE,FALSE,Regular,Gen 1,FALSE
85,Dodrio,Dodrio,Normal,Flying,470,60,110,70,60,60,110,1.8,85.2,26.3,FALSE,FALSE,FALSE,FALSE,FALSE,Regular,Gen 1,TRUE
87,Dewgong,Dewgong,Water,Ice,475,90,70,80,70,95,70,1.7,120,41.5,FALSE,FALSE,FALSE,FALSE,FALSE,Regular,Gen 1,TRUE
89,Muk,Muk,Poison,NA,500,105,105,75,65,100,50,1.2,30,20.8,FALSE,FALSE,FALSE,FALSE,FALSE,Regular,Gen 1,FALSE
89,MukAlolan Muk,Alolan Muk,Poison,Dark,500,105,105,75,65,100,50,1,52,52,FALSE,FALSE,FALSE,FALSE,FALSE,Regular,Gen 1,TRUE
91,Cloyster,Cloyster,Water,Ice,525,50,95,180,85,45,70,1.5,132.5,58.9,FALSE,FALSE,FALSE,FALSE,FALSE,Regular,Gen 1,TRUE
94,Gengar,Gengar,Ghost,Poison,500,60,65,60,130,75,110,1.5,40.5,18,FALSE,FALSE,FALSE,FALSE,FALSE,Regular,Gen 1,TRUE
94,GengarMega Gengar,Mega Gengar,Ghost,Poison,600,60,65,80,170,95,130,1.4,40.5,20.7,FALSE,FALSE,FALSE,FALSE,FALSE,Regular,Gen 1,TRUE
97,Hypno,Hypno,Psychic,NA,483,85,73,70,73,115,67,1.6,75.6,29.5,FALSE,FALSE,FALSE,FALSE,FALSE,Regular,Gen 1,FALSE
99,Kingler,Kingler,Water,NA,475,55,130,115,50,50,75,1.3,60,35.5,FALSE,FALSE,FALSE,FALSE,FALSE,Regular,Gen 1,FALSE
101,Electrode,Electrode,Electric,NA,490,60,50,70,80,80,150,1.2,66.6,46.3,FALSE,FALSE,FALSE,FALSE,FALSE,Regular,Gen 1,FALSE
101,ElectrodeHisuian Electrode,Hisuian Electrode,Electric,Grass,490,60,50,70,80,80,150,1.2,71,49.3,FALSE,FALSE,FALSE,FALSE,FALSE,Regular,Gen 1,TRUE
103,ExeggutorAlolan Exeggutor,Alolan Exeggutor,Grass,Dragon,530,95,105,85,125,75,45,10.9,415.6,3.5,FALSE,FALSE,FALSE,FALSE,FALSE,Regular,Gen 1,TRUE
103,Exeggutor,Exeggutor,Grass,Psychic,530,95,95,85,125,75,55,2,120,30,FALSE,FALSE,FALSE,FALSE,FALSE,Regular,Gen 1,TRUE
105,MarowakAlolan Marowak,Alolan Marowak,Fire,Ghost,425,60,80,110,50,80,45,1,34,34,FALSE,FALSE,FALSE,FALSE,FALSE,Regular,Gen 1,TRUE
105,Marowak,Marowak,Ground,NA,425,60,80,110,50,80,45,1,45,45,FALSE,FALSE,FALSE,FALSE,FALSE,Regular,Gen 1,FALSE
106,Hitmonlee,Hitmonlee,Fighting,NA,455,50,120,53,35,110,87,1.5,49.8,22.1,FALSE,FALSE,FALSE,FALSE,FALSE,Regular,Gen 1,FALSE
107,Hitmonchan,Hitmonchan,Fighting,NA,455,50,105,79,35,110,76,1.4,50.2,25.6,FALSE,FALSE,FALSE,FALSE,FALSE,Regular,Gen 1,FALSE
110,WeezingGalarian Weezing,Galarian Weezing,Poison,Fairy,490,65,90,120,85,70,60,3,16,1.8,FALSE,FALSE,FALSE,FALSE,FALSE,Regular,Gen 1,TRUE
110,Weezing,Weezing,Poison,NA,490,65,90,120,85,70,60,1.2,9.5,6.6,FALSE,FALSE,FALSE,FALSE,FALSE,Regular,Gen 1,FALSE
115,Kangaskhan,Kangaskhan,Normal,NA,490,105,95,80,40,80,90,2.2,80,16.5,FALSE,FALSE,FALSE,FALSE,FALSE,Regular,Gen 1,FALSE
115,KangaskhanMega Kangaskhan,Mega Kangaskhan,Normal,NA,590,105,125,100,60,100,100,2.2,100,20.7,FALSE,FALSE,FALSE,FALSE,FALSE,Regular,Gen 1,FALSE
119,Seaking,Seaking,Water,NA,450,80,92,65,65,80,68,1.3,39,23.1,FALSE,FALSE,FALSE,FALSE,FALSE,Regular,Gen 1,FALSE
121,Starmie,Starmie,Water,Psychic,520,60,75,85,100,85,115,1.1,80,66.1,FALSE,FALSE,FALSE,FALSE,FALSE,Regular,Gen 1,TRUE
122,Mr. MimeGalarian Mr. Mime,Mr. MimeGalarian Mr. Mime,Ice,Psychic,460,50,65,65,90,90,100,1.4,56.8,29,FALSE,FALSE,FALSE,FALSE,FALSE,Regular,Gen 1,TRUE
122,Mr. Mime,Mr. Mime,Psychic,Fairy,460,40,45,65,100,120,90,1.3,54.5,32.2,FALSE,FALSE,FALSE,FALSE,FALSE,Regular,Gen 1,TRUE
124,Jynx,Jynx,Ice,Psychic,455,65,50,35,115,95,95,1.4,40.6,20.7,FALSE,FALSE,FALSE,FALSE,FALSE,Regular,Gen 1,TRUE
127,PinsirMega Pinsir,Mega Pinsir,Bug,Flying,600,65,155,120,65,90,105,1.7,59,20.4,FALSE,FALSE,FALSE,FALSE,FALSE,Regular,Gen 1,TRUE
127,Pinsir,Pinsir,Bug,NA,500,65,125,100,55,70,85,1.5,55,24.4,FALSE,FALSE,FALSE,FALSE,FALSE,Regular,Gen 1,FALSE
128,TaurosBlaze Breed,TaurosBlaze Breed,Fighting,Fire,490,75,110,105,30,70,100,1.4,85,43.4,FALSE,FALSE,FALSE,FALSE,FALSE,Regular,Gen 1,TRUE
128,Tauros,Tauros,Normal,NA,490,75,100,95,40,70,110,1.4,88.4,45.1,FALSE,FALSE,FALSE,FALSE,FALSE,Regular,Gen 1,FALSE
128,TaurosAqua Breed,TaurosAqua Breed,Fighting,Water,490,75,110,105,30,70,100,1.4,110,56.1,FALSE,FALSE,FALSE,FALSE,FALSE,Regular,Gen 1,TRUE
128,TaurosCombat Breed,TaurosCombat Breed,Fighting,NA,490,75,110,105,30,70,100,1.4,115,58.7,FALSE,FALSE,FALSE,FALSE,FALSE,Regular,Gen 1,FALSE
130,Gyarados,Gyarados,Water,Flying,540,95,125,79,60,100,81,6.5,235,5.6,FALSE,FALSE,FALSE,FALSE,FALSE,Regular,Gen 1,TRUE
130,GyaradosMega Gyarados,Mega Gyarados,Water,Dark,640,95,155,109,70,130,81,6.5,305,7.2,FALSE,FALSE,FALSE,FALSE,FALSE,Regular,Gen 1,TRUE
131,Lapras,Lapras,Water,Ice,535,130,85,80,85,95,60,2.5,220,35.2,FALSE,FALSE,FALSE,FALSE,FALSE,Regular,Gen 1,TRUE
132,Ditto,Ditto,Normal,NA,288,48,48,48,48,48,48,0.3,4,44.4,FALSE,FALSE,FALSE,FALSE,FALSE,Regular,Gen 1,FALSE
133,Eevee,Eevee,Normal,NA,325,55,55,50,45,65,55,0.3,6.5,72.2,FALSE,FALSE,FALSE,FALSE,FALSE,Regular,Gen 1,FALSE
133,EeveePartner Eevee,Partner Eevee,Normal,NA,435,65,75,70,65,85,75,0.3,6.5,72.2,FALSE,FALSE,FALSE,FALSE,FALSE,Regular,Gen 1,FALSE
134,Vaporeon,Vaporeon,Water,NA,525,130,65,60,110,95,65,1,29,29,FALSE,FALSE,FALSE,FALSE,FALSE,Regular,Gen 1,FALSE
135,Jolteon,Jolteon,Electric,NA,525,65,65,60,110,95,130,0.8,24.5,38.3,FALSE,FALSE,FALSE,FALSE,FALSE,Regular,Gen 1,FALSE
136,Flareon,Flareon,Fire,NA,525,65,130,60,95,110,65,0.9,25,30.9,FALSE,FALSE,FALSE,FALSE,FALSE,Regular,Gen 1,FALSE
139,Omastar,Omastar,Rock,Water,495,70,60,125,115,70,55,1,35,35,FALSE,FALSE,FALSE,FALSE,FALSE,Regular,Gen 1,TRUE
141,Kabutops,Kabutops,Rock,Water,495,60,115,105,65,70,80,1.3,40.5,24,FALSE,FALSE,FALSE,FALSE,FALSE,Regular,Gen 1,TRUE
142,AerodactylMega Aerodactyl,Mega Aerodactyl,Rock,Flying,615,80,135,85,70,95,150,2.1,79,17.9,FALSE,FALSE,FALSE,FALSE,FALSE,Regular,Gen 1,TRUE
142,Aerodactyl,Aerodactyl,Rock,Flying,515,80,105,65,60,75,130,1.8,59,18.2,FALSE,FALSE,FALSE,FALSE,FALSE,Regular,Gen 1,TRUE
143,Snorlax,Snorlax,Normal,NA,540,160,110,65,65,110,30,2.1,460,104.3,FALSE,FALSE,FALSE,FALSE,FALSE,Regular,Gen 1,FALSE
144,ArticunoGalarian Articuno,Galarian Articuno,Psychic,Flying,580,90,85,85,125,100,95,1.7,50.9,17.6,TRUE,FALSE,FALSE,FALSE,TRUE,Legendary,Gen 1,TRUE
144,Articuno,Articuno,Ice,Flying,580,90,85,100,95,125,85,1.7,55.4,19.2,TRUE,FALSE,FALSE,FALSE,TRUE,Legendary,Gen 1,TRUE
145,Zapdos,Zapdos,Electric,Flying,580,90,90,85,125,90,100,1.6,52.6,20.5,TRUE,FALSE,FALSE,FALSE,TRUE,Legendary,Gen 1,TRUE
145,ZapdosGalarian Zapdos,Galarian Zapdos,Fighting,Flying,580,90,125,90,85,90,100,1.6,58.2,22.7,TRUE,FALSE,FALSE,FALSE,TRUE,Legendary,Gen 1,TRUE
146,Moltres,Moltres,Fire,Flying,580,90,100,90,125,85,90,2,60,15,TRUE,FALSE,FALSE,FALSE,TRUE,Legendary,Gen 1,TRUE
146,MoltresGalarian Moltres,Galarian Moltres,Dark,Flying,580,90,85,90,100,125,90,2,66,16.5,TRUE,FALSE,FALSE,FALSE,TRUE,Legendary,Gen 1,TRUE
149,Dragonite,Dragonite,Dragon,Flying,600,91,134,95,100,100,80,2.2,210,43.4,FALSE,FALSE,FALSE,FALSE,FALSE,Regular,Gen 1,TRUE
149,DragoniteMega Dragonite,Mega Dragonite,Dragon,Flying,700,91,124,115,145,125,100,2.2,290,59.9,FALSE,FALSE,FALSE,FALSE,FALSE,Regular,Gen 1,TRUE
150,MewtwoMega Mewtwo Y,Mega Mewtwo Y,Psychic,NA,780,106,150,70,194,120,140,1.5,33,14.7,TRUE,FALSE,FALSE,FALSE,TRUE,Legendary,Gen 1,FALSE
150,MewtwoMega Mewtwo X,Mega Mewtwo X,Psychic,Fighting,780,106,190,100,154,100,130,2.3,127,24,TRUE,FALSE,FALSE,FALSE,TRUE,Legendary,Gen 1,TRUE
150,Mewtwo,Mewtwo,Psychic,NA,680,106,110,90,154,90,130,2,122,30.5,TRUE,FALSE,FALSE,FALSE,TRUE,Legendary,Gen 1,FALSE
151,Mew,Mew,Psychic,NA,600,100,100,100,100,100,100,0.4,4,25,FALSE,TRUE,FALSE,FALSE,TRUE,Mythical,Gen 1,FALSE
154,Meganium,Meganium,Grass,NA,525,80,82,100,83,100,80,1.8,100.5,31,FALSE,FALSE,FALSE,FALSE,FALSE,Regular,Gen 2,FALSE
157,TyphlosionHisuian Typhlosion,Hisuian Typhlosion,Fire,Ghost,534,73,84,78,119,85,95,1.6,69.8,27.3,FALSE,FALSE,FALSE,FALSE,FALSE,Regular,Gen 2,TRUE
157,Typhlosion,Typhlosion,Fire,NA,534,78,84,78,109,85,100,1.7,79.5,27.5,FALSE,FALSE,FALSE,FALSE,FALSE,Regular,Gen 2,FALSE
160,Feraligatr,Feraligatr,Water,NA,530,85,105,100,79,83,78,2.3,88.8,16.8,FALSE,FALSE,FALSE,FALSE,FALSE,Regular,Gen 2,FALSE
162,Furret,Furret,Normal,NA,415,85,76,64,45,55,90,1.8,32.5,10,FALSE,FALSE,FALSE,FALSE,FALSE,Regular,Gen 2,FALSE
164,Noctowl,Noctowl,Normal,Flying,452,100,50,50,86,96,70,1.6,40.8,15.9,FALSE,FALSE,FALSE,FALSE,FALSE,Regular,Gen 2,TRUE
166,Ledian,Ledian,Bug,Flying,390,55,35,50,55,110,85,1.4,35.6,18.2,FALSE,FALSE,FALSE,FALSE,FALSE,Regular,Gen 2,TRUE
168,Ariados,Ariados,Bug,Poison,400,70,90,70,60,70,40,1.1,33.5,27.7,FALSE,FALSE,FALSE,FALSE,FALSE,Regular,Gen 2,TRUE
169,Crobat,Crobat,Poison,Flying,535,85,90,80,70,80,130,1.8,75,23.1,FALSE,FALSE,FALSE,FALSE,FALSE,Regular,Gen 2,TRUE
171,Lanturn,Lanturn,Water,Electric,460,125,58,58,76,76,67,1.2,22.5,15.6,FALSE,FALSE,FALSE,FALSE,FALSE,Regular,Gen 2,TRUE
178,Xatu,Xatu,Psychic,Flying,470,65,75,70,95,70,95,1.5,15,6.7,FALSE,FALSE,FALSE,FALSE,FALSE,Regular,Gen 2,TRUE
181,Ampharos,Ampharos,Electric,NA,510,90,75,85,115,90,55,1.4,61.5,31.4,FALSE,FALSE,FALSE,FALSE,FALSE,Regular,Gen 2,FALSE
181,AmpharosMega Ampharos,Mega Ampharos,Electric,Dragon,610,90,95,105,165,110,45,1.4,61.5,31.4,FALSE,FALSE,FALSE,FALSE,FALSE,Regular,Gen 2,TRUE
182,Bellossom,Bellossom,Grass,NA,490,75,80,95,90,100,50,0.4,5.8,36.3,FALSE,FALSE,FALSE,FALSE,FALSE,Regular,Gen 2,FALSE
184,Azumarill,Azumarill,Water,Fairy,420,100,50,80,60,80,50,0.8,28.5,44.5,FALSE,FALSE,FALSE,FALSE,FALSE,Regular,Gen 2,TRUE
185,Sudowoodo,Sudowoodo,Rock,NA,410,70,100,115,30,65,30,1.2,38,26.4,FALSE,FALSE,FALSE,FALSE,FALSE,Regular,Gen 2,FALSE
186,Politoed,Politoed,Water,NA,500,90,75,75,90,100,70,1.1,33.9,28,FALSE,FALSE,FALSE,FALSE,FALSE,Regular,Gen 2,FALSE
189,Jumpluff,Jumpluff,Grass,Flying,460,75,55,70,55,95,110,0.8,3,4.7,FALSE,FALSE,FALSE,FALSE,FALSE,Regular,Gen 2,TRUE
192,Sunflora,Sunflora,Grass,NA,425,75,75,55,105,85,30,0.8,8.5,13.3,FALSE,FALSE,FALSE,FALSE,FALSE,Regular,Gen 2,FALSE
195,Quagsire,Quagsire,Water,Ground,430,95,85,85,65,65,35,1.4,75,38.3,FALSE,FALSE,FALSE,FALSE,FALSE,Regular,Gen 2,TRUE
196,Espeon,Espeon,Psychic,NA,525,65,65,60,130,95,110,0.9,26.5,32.7,FALSE,FALSE,FALSE,FALSE,FALSE,Regular,Gen 2,FALSE
197,Umbreon,Umbreon,Dark,NA,525,95,65,110,60,130,65,1,27,27,FALSE,FALSE,FALSE,FALSE,FALSE,Regular,Gen 2,FALSE
199,Slowking,Slowking,Water,Psychic,490,95,75,80,100,110,30,2,79.5,19.9,FALSE,FALSE,FALSE,FALSE,FALSE,Regular,Gen 2,TRUE
199,SlowkingGalarian Slowking,Galarian Slowking,Poison,Psychic,490,95,65,80,110,110,30,1.8,79.5,24.5,FALSE,FALSE,FALSE,FALSE,FALSE,Regular,Gen 2,TRUE
201,Unown,Unown,Psychic,NA,336,48,72,48,72,48,48,0.5,5,20,FALSE,FALSE,FALSE,FALSE,FALSE,Regular,Gen 2,FALSE
202,Wobbuffet,Wobbuffet,Psychic,NA,405,190,33,58,33,58,33,1.3,28.5,16.9,FALSE,FALSE,FALSE,FALSE,FALSE,Regular,Gen 2,FALSE
205,Forretress,Forretress,Bug,Steel,465,75,90,140,60,60,40,1.2,125.8,87.4,FALSE,FALSE,FALSE,FALSE,FALSE,Regular,Gen 2,TRUE
208,Steelix,Steelix,Steel,Ground,510,75,85,200,55,65,30,9.2,400,4.7,FALSE,FALSE,FALSE,FALSE,FALSE,Regular,Gen 2,TRUE
208,SteelixMega Steelix,Mega Steelix,Steel,Ground,610,75,125,230,55,95,30,10.5,740,6.7,FALSE,FALSE,FALSE,FALSE,FALSE,Regular,Gen 2,TRUE
210,Granbull,Granbull,Fairy,NA,450,90,120,75,60,60,45,1.4,48.7,24.8,FALSE,FALSE,FALSE,FALSE,FALSE,Regular,Gen 2,FALSE
211,Qwilfish,Qwilfish,Water,Poison,440,65,95,85,55,55,85,0.5,3.9,15.6,FALSE,FALSE,FALSE,FALSE,FALSE,Regular,Gen 2,TRUE
211,QwilfishHisuian Qwilfish,Hisuian Qwilfish,Dark,Poison,440,65,95,85,55,55,85,0.5,3.9,15.6,FALSE,FALSE,FALSE,FALSE,FALSE,Regular,Gen 2,TRUE
212,ScizorMega Scizor,Mega Scizor,Bug,Steel,600,70,150,140,65,100,75,2,125,31.3,FALSE,FALSE,FALSE,FALSE,FALSE,Regular,Gen 2,TRUE
212,Scizor,Scizor,Bug,Steel,500,70,130,100,55,80,65,1.8,118,36.4,FALSE,FALSE,FALSE,FALSE,FALSE,Regular,Gen 2,TRUE
213,Shuckle,Shuckle,Bug,Rock,505,20,10,230,10,230,5,0.6,20.5,56.9,FALSE,FALSE,FALSE,FALSE,FALSE,Regular,Gen 2,TRUE
214,HeracrossMega Heracross,Mega Heracross,Bug,Fighting,600,80,185,115,40,105,75,1.7,62.5,21.6,FALSE,FALSE,FALSE,FALSE,FALSE,Regular,Gen 2,TRUE
214,Heracross,Heracross,Bug,Fighting,500,80,125,75,40,95,85,1.5,54,24,FALSE,FALSE,FALSE,FALSE,FALSE,Regular,Gen 2,TRUE
219,Magcargo,Magcargo,Fire,Rock,430,60,50,120,90,80,30,0.8,55,85.9,FALSE,FALSE,FALSE,FALSE,FALSE,Regular,Gen 2,TRUE
222,CorsolaGalarian Corsola,Galarian Corsola,Ghost,NA,410,60,55,100,65,100,30,0.6,0.5,1.4,FALSE,FALSE,FALSE,FALSE,FALSE,Regular,Gen 2,FALSE
222,Corsola,Corsola,Water,Rock,410,65,55,95,65,95,35,0.6,5,13.9,FALSE,FALSE,FALSE,FALSE,FALSE,Regular,Gen 2,TRUE
224,Octillery,Octillery,Water,NA,480,75,105,75,105,75,45,0.9,28.5,35.2,FALSE,FALSE,FALSE,FALSE,FALSE,Regular,Gen 2,FALSE
225,Delibird,Delibird,Ice,Flying,330,45,55,45,65,45,75,0.9,16,19.8,FALSE,FALSE,FALSE,FALSE,FALSE,Regular,Gen 2,TRUE
226,Mantine,Mantine,Water,Flying,485,85,40,70,80,140,70,2.1,220,49.9,FALSE,FALSE,FALSE,FALSE,FALSE,Regular,Gen 2,TRUE
227,Skarmory,Skarmory,Steel,Flying,465,65,80,140,40,70,70,1.7,50.5,17.5,FALSE,FALSE,FALSE,FALSE,FALSE,Regular,Gen 2,TRUE
229,HoundoomMega Houndoom,Mega Houndoom,Dark,Fire,600,75,90,90,140,90,115,1.9,49.5,13.7,FALSE,FALSE,FALSE,FALSE,FALSE,Regular,Gen 2,TRUE
229,Houndoom,Houndoom,Dark,Fire,500,75,90,50,110,80,95,1.4,35,17.9,FALSE,FALSE,FALSE,FALSE,FALSE,Regular,Gen 2,TRUE
230,Kingdra,Kingdra,Water,Dragon,540,75,95,95,95,95,85,1.8,152,46.9,FALSE,FALSE,FALSE,FALSE,FALSE,Regular,Gen 2,TRUE
232,Donphan,Donphan,Ground,NA,500,90,120,120,60,60,50,1.1,120,99.2,FALSE,FALSE,FALSE,FALSE,FALSE,Regular,Gen 2,FALSE
235,Smeargle,Smeargle,Normal,NA,250,55,20,35,20,45,75,1.2,58,40.3,FALSE,FALSE,FALSE,FALSE,FALSE,Regular,Gen 2,FALSE
237,Hitmontop,Hitmontop,Fighting,NA,455,50,95,95,35,110,70,1.4,48,24.5,FALSE,FALSE,FALSE,FALSE,FALSE,Regular,Gen 2,FALSE
241,Miltank,Miltank,Normal,NA,490,95,80,105,40,70,100,1.2,75.5,52.4,FALSE,FALSE,FALSE,FALSE,FALSE,Regular,Gen 2,FALSE
242,Blissey,Blissey,Normal,NA,540,255,10,10,75,135,55,1.5,46.8,20.8,FALSE,FALSE,FALSE,FALSE,FALSE,Regular,Gen 2,FALSE
243,Raikou,Raikou,Electric,NA,580,90,85,75,115,100,115,1.9,178,49.3,TRUE,FALSE,FALSE,FALSE,TRUE,Legendary,Gen 2,FALSE
244,Entei,Entei,Fire,NA,580,115,115,85,90,75,100,2.1,198,44.9,TRUE,FALSE,FALSE,FALSE,TRUE,Legendary,Gen 2,FALSE
245,Suicune,Suicune,Water,NA,580,100,75,115,90,115,85,2,187,46.8,TRUE,FALSE,FALSE,FALSE,TRUE,Legendary,Gen 2,FALSE
248,TyranitarMega Tyranitar,Mega Tyranitar,Rock,Dark,700,100,164,150,95,120,71,2.5,255,40.8,FALSE,FALSE,FALSE,FALSE,FALSE,Regular,Gen 2,TRUE
248,Tyranitar,Tyranitar,Rock,Dark,600,100,134,110,95,100,61,2,202,50.5,FALSE,FALSE,FALSE,FALSE,FALSE,Regular,Gen 2,TRUE
249,Lugia,Lugia,Psychic,Flying,680,106,90,130,90,154,110,5.2,216,8,TRUE,FALSE,FALSE,FALSE,TRUE,Legendary,Gen 2,TRUE
250,Ho-oh,Ho-oh,Fire,Flying,680,106,130,90,110,154,90,3.8,199,13.8,TRUE,FALSE,FALSE,FALSE,TRUE,Legendary,Gen 2,TRUE
251,Celebi,Celebi,Psychic,Grass,600,100,100,100,100,100,100,0.6,5,13.9,FALSE,TRUE,FALSE,FALSE,TRUE,Mythical,Gen 2,TRUE
254,SceptileMega Sceptile,Mega Sceptile,Grass,Dragon,630,70,110,75,145,85,145,1.9,55.2,15.3,FALSE,FALSE,FALSE,FALSE,FALSE,Regular,Gen 3,TRUE
254,Sceptile,Sceptile,Grass,NA,530,70,85,65,105,85,120,1.7,52.2,18.1,FALSE,FALSE,FALSE,FALSE,FALSE,Regular,Gen 3,FALSE
257,Blaziken,Blaziken,Fire,Fighting,530,80,120,70,110,70,80,1.9,52,14.4,FALSE,FALSE,FALSE,FALSE,FALSE,Regular,Gen 3,TRUE
257,BlazikenMega Blaziken,Mega Blaziken,Fire,Fighting,630,80,160,80,130,80,100,1.9,52,14.4,FALSE,FALSE,FALSE,FALSE,FALSE,Regular,Gen 3,TRUE
260,SwampertMega Swampert,Mega Swampert,Water,Ground,635,100,150,110,95,110,70,1.9,102,28.3,FALSE,FALSE,FALSE,FALSE,FALSE,Regular,Gen 3,TRUE
260,Swampert,Swampert,Water,Ground,535,100,110,90,85,90,60,1.5,81.9,36.4,FALSE,FALSE,FALSE,FALSE,FALSE,Regular,Gen 3,TRUE
262,Mightyena,Mightyena,Dark,NA,420,70,90,70,60,60,70,1,37,37,FALSE,FALSE,FALSE,FALSE,FALSE,Regular,Gen 3,FALSE
264,Linoone,Linoone,Normal,NA,420,78,70,61,50,61,100,0.5,32.5,130,FALSE,FALSE,FALSE,FALSE,FALSE,Regular,Gen 3,FALSE
264,LinooneGalarian Linoone,Galarian Linoone,Dark,Normal,420,78,70,61,50,61,100,0.5,32.5,130,FALSE,FALSE,FALSE,FALSE,FALSE,Regular,Gen 3,TRUE
267,Beautifly,Beautifly,Bug,Flying,395,60,70,50,100,50,65,1,28.4,28.4,FALSE,FALSE,FALSE,FALSE,FALSE,Regular,Gen 3,TRUE
269,Dustox,Dustox,Bug,Poison,385,60,50,70,50,90,65,1.2,31.6,21.9,FALSE,FALSE,FALSE,FALSE,FALSE,Regular,Gen 3,TRUE
272,Ludicolo,Ludicolo,Water,Grass,480,80,70,70,90,100,70,1.5,55,24.4,FALSE,FALSE,FALSE,FALSE,FALSE,Regular,Gen 3,TRUE
275,Shiftry,Shiftry,Grass,Dark,480,90,100,60,90,60,80,1.3,59.6,35.3,FALSE,FALSE,FALSE,FALSE,FALSE,Regular,Gen 3,TRUE
277,Swellow,Swellow,Normal,Flying,455,60,85,60,75,50,125,0.7,19.8,40.4,FALSE,FALSE,FALSE,FALSE,FALSE,Regular,Gen 3,TRUE
279,Pelipper,Pelipper,Water,Flying,440,60,50,100,95,70,65,1.2,28,19.4,FALSE,FALSE,FALSE,FALSE,FALSE,Regular,Gen 3,TRUE
282,Gardevoir,Gardevoir,Psychic,Fairy,518,68,65,65,125,115,80,1.6,48.4,18.9,FALSE,FALSE,FALSE,FALSE,FALSE,Regular,Gen 3,TRUE
282,GardevoirMega Gardevoir,Mega Gardevoir,Psychic,Fairy,618,68,85,65,165,135,100,1.6,48.4,18.9,FALSE,FALSE,FALSE,FALSE,FALSE,Regular,Gen 3,TRUE
284,Masquerain,Masquerain,Bug,Flying,454,70,60,62,100,82,80,0.8,3.6,5.6,FALSE,FALSE,FALSE,FALSE,FALSE,Regular,Gen 3,TRUE
286,Breloom,Breloom,Grass,Fighting,460,60,130,80,60,60,70,1.2,39.2,27.2,FALSE,FALSE,FALSE,FALSE,FALSE,Regular,Gen 3,TRUE
289,Slaking,Slaking,Normal,NA,670,150,160,100,95,65,100,2,130.5,32.6,FALSE,FALSE,FALSE,FALSE,FALSE,Regular,Gen 3,FALSE
291,Ninjask,Ninjask,Bug,Flying,456,61,90,45,50,50,160,0.8,12,18.8,FALSE,FALSE,FALSE,FALSE,FALSE,Regular,Gen 3,TRUE
292,Shedinja,Shedinja,Bug,Ghost,236,1,90,45,30,30,40,0.8,1.2,1.9,FALSE,FALSE,FALSE,FALSE,FALSE,Regular,Gen 3,TRUE
295,Exploud,Exploud,Normal,NA,490,104,91,63,91,73,68,1.5,84,37.3,FALSE,FALSE,FALSE,FALSE,FALSE,Regular,Gen 3,FALSE
297,Hariyama,Hariyama,Fighting,NA,474,144,120,60,40,60,50,2.3,253.8,48,FALSE,FALSE,FALSE,FALSE,FALSE,Regular,Gen 3,FALSE
301,Delcatty,Delcatty,Normal,NA,400,70,65,65,55,55,90,1.1,32.6,26.9,FALSE,FALSE,FALSE,FALSE,FALSE,Regular,Gen 3,FALSE
302,Sableye,Sableye,Dark,Ghost,380,50,75,75,65,65,50,0.5,11,44,FALSE,FALSE,FALSE,FALSE,FALSE,Regular,Gen 3,TRUE
302,SableyeMega Sableye,Mega Sableye,Dark,Ghost,480,50,85,125,85,115,20,0.5,161,644,FALSE,FALSE,FALSE,FALSE,FALSE,Regular,Gen 3,TRUE
303,MawileMega Mawile,Mega Mawile,Steel,Fairy,480,50,105,125,55,95,50,1,23.5,23.5,FALSE,FALSE,FALSE,FALSE,FALSE,Regular,Gen 3,TRUE
303,Mawile,Mawile,Steel,Fairy,380,50,85,85,55,55,50,0.6,11.5,31.9,FALSE,FALSE,FALSE,FALSE,FALSE,Regular,Gen 3,TRUE
306,Aggron,Aggron,Steel,Rock,530,70,110,180,60,60,50,2.1,360,81.6,FALSE,FALSE,FALSE,FALSE,FALSE,Regular,Gen 3,TRUE
306,AggronMega Aggron,Mega Aggron,Steel,NA,630,70,140,230,60,80,50,2.2,395,81.6,FALSE,FALSE,FALSE,FALSE,FALSE,Regular,Gen 3,FALSE
308,Medicham,Medicham,Fighting,Psychic,410,60,60,75,60,75,80,1.3,31.5,18.6,FALSE,FALSE,FALSE,FALSE,FALSE,Regular,Gen 3,TRUE
308,MedichamMega Medicham,Mega Medicham,Fighting,Psychic,510,60,100,85,80,85,100,1.3,31.5,18.6,FALSE,FALSE,FALSE,FALSE,FALSE,Regular,Gen 3,TRUE
310,ManectricMega Manectric,Mega Manectric,Electric,NA,575,70,75,80,135,80,135,1.8,44,13.6,FALSE,FALSE,FALSE,FALSE,FALSE,Regular,Gen 3,FALSE
310,Manectric,Manectric,Electric,NA,475,70,75,60,105,60,105,1.5,40.2,17.9,FALSE,FALSE,FALSE,FALSE,FALSE,Regular,Gen 3,FALSE
311,Plusle,Plusle,Electric,NA,405,60,50,40,85,75,95,0.4,4.2,26.3,FALSE,FALSE,FALSE,FALSE,FALSE,Regular,Gen 3,FALSE
312,Minun,Minun,Electric,NA,405,60,40,50,75,85,95,0.4,4.2,26.3,FALSE,FALSE,FALSE,FALSE,FALSE,Regular,Gen 3,FALSE
313,Volbeat,Volbeat,Bug,NA,430,65,73,75,47,85,85,0.7,17.7,36.1,FALSE,FALSE,FALSE,FALSE,FALSE,Regular,Gen 3,FALSE
314,Illumise,Illumise,Bug,NA,430,65,47,75,73,85,85,0.6,17.7,49.2,FALSE,FALSE,FALSE,FALSE,FALSE,Regular,Gen 3,FALSE
317,Swalot,Swalot,Poison,NA,467,100,73,83,73,83,55,1.7,80,27.7,FALSE,FALSE,FALSE,FALSE,FALSE,Regular,Gen 3,FALSE
319,SharpedoMega Sharpedo,Mega Sharpedo,Water,Dark,560,70,140,70,110,65,105,2.5,130.3,20.8,FALSE,FALSE,FALSE,FALSE,FALSE,Regular,Gen 3,TRUE
319,Sharpedo,Sharpedo,Water,Dark,460,70,120,40,95,40,95,1.8,88.8,27.4,FALSE,FALSE,FALSE,FALSE,FALSE,Regular,Gen 3,TRUE
321,Wailord,Wailord,Water,NA,500,170,90,45,90,45,60,14.5,398,1.9,FALSE,FALSE,FALSE,FALSE,FALSE,Regular,Gen 3,FALSE
323,CameruptMega Camerupt,Mega Camerupt,Fire,Ground,560,70,120,100,145,105,20,2.5,320.5,51.3,FALSE,FALSE,FALSE,FALSE,FALSE,Regular,Gen 3,TRUE
323,Camerupt,Camerupt,Fire,Ground,460,70,100,70,105,75,40,1.9,220,60.9,FALSE,FALSE,FALSE,FALSE,FALSE,Regular,Gen 3,TRUE
324,Torkoal,Torkoal,Fire,NA,470,70,85,140,85,70,20,0.5,80.4,321.6,FALSE,FALSE,FALSE,FALSE,FALSE,Regular,Gen 3,FALSE
326,Grumpig,Grumpig,Psychic,NA,470,80,45,65,90,110,80,0.9,71.5,88.3,FALSE,FALSE,FALSE,FALSE,FALSE,Regular,Gen 3,FALSE
327,Spinda,Spinda,Normal,NA,360,60,60,60,60,60,60,1.1,5,4.1,FALSE,FALSE,FALSE,FALSE,FALSE,Regular,Gen 3,FALSE
330,Flygon,Flygon,Ground,Dragon,520,80,100,80,80,80,100,2,82,20.5,FALSE,FALSE,FALSE,FALSE,FALSE,Regular,Gen 3,TRUE
332,Cacturne,Cacturne,Grass,Dark,475,70,115,60,115,60,55,1.3,77.4,45.8,FALSE,FALSE,FALSE,FALSE,FALSE,Regular,Gen 3,TRUE
334,AltariaMega Altaria,Mega Altaria,Dragon,Fairy,590,75,110,110,110,105,80,1.5,20.6,9.2,FALSE,FALSE,FALSE,FALSE,FALSE,Regular,Gen 3,TRUE
334,Altaria,Altaria,Dragon,Flying,490,75,70,90,70,105,80,1.1,20.6,17,FALSE,FALSE,FALSE,FALSE,FALSE,Regular,Gen 3,TRUE
335,Zangoose,Zangoose,Normal,NA,458,73,115,60,60,60,90,1.3,40.3,23.8,FALSE,FALSE,FALSE,FALSE,FALSE,Regular,Gen 3,FALSE
336,Seviper,Seviper,Poison,NA,458,73,100,60,100,60,65,2.7,52.5,7.2,FALSE,FALSE,FALSE,FALSE,FALSE,Regular,Gen 3,FALSE
337,Lunatone,Lunatone,Rock,Psychic,460,90,55,65,95,85,70,1,168,168,FALSE,FALSE,FALSE,FALSE,FALSE,Regular,Gen 3,TRUE
338,Solrock,Solrock,Rock,Psychic,460,90,95,85,55,65,70,1.2,154,106.9,FALSE,FALSE,FALSE,FALSE,FALSE,Regular,Gen 3,TRUE
340,Whiscash,Whiscash,Water,Ground,468,110,78,73,76,71,60,0.9,23.6,29.1,FALSE,FALSE,FALSE,FALSE,FALSE,Regular,Gen 3,TRUE
342,Crawdaunt,Crawdaunt,Water,Dark,468,63,120,85,90,55,55,1.1,32.8,27.1,FALSE,FALSE,FALSE,FALSE,FALSE,Regular,Gen 3,TRUE
344,Claydol,Claydol,Ground,Psychic,500,60,70,105,70,120,75,1.5,108,48,FALSE,FALSE,FALSE,FALSE,FALSE,Regular,Gen 3,TRUE
346,Cradily,Cradily,Rock,Grass,495,86,81,97,81,107,43,1.5,60.4,26.8,FALSE,FALSE,FALSE,FALSE,FALSE,Regular,Gen 3,TRUE
348,Armaldo,Armaldo,Rock,Bug,495,75,125,100,70,80,45,1.5,68.2,30.3,FALSE,FALSE,FALSE,FALSE,FALSE,Regular,Gen 3,TRUE
350,Milotic,Milotic,Water,NA,540,95,60,79,100,125,81,6.2,162,4.2,FALSE,FALSE,FALSE,FALSE,FALSE,Regular,Gen 3,FALSE
351,Castform,Castform,Normal,NA,420,70,70,70,70,70,70,0.3,0.8,8.9,FALSE,FALSE,FALSE,FALSE,FALSE,Regular,Gen 3,FALSE
351,CastformSunny Form,CastformSunny Form,Fire,NA,420,70,70,70,70,70,70,0.3,0.8,8.9,FALSE,FALSE,FALSE,FALSE,FALSE,Regular,Gen 3,FALSE
351,CastformRainy Form,CastformRainy Form,Water,NA,420,70,70,70,70,70,70,0.3,0.8,8.9,FALSE,FALSE,FALSE,FALSE,FALSE,Regular,Gen 3,FALSE
351,CastformSnowy Form,CastformSnowy Form,Ice,NA,420,70,70,70,70,70,70,0.3,0.8,8.9,FALSE,FALSE,FALSE,FALSE,FALSE,Regular,Gen 3,FALSE
352,Kecleon,Kecleon,Normal,NA,440,60,90,70,60,120,40,1,22,22,FALSE,FALSE,FALSE,FALSE,FALSE,Regular,Gen 3,FALSE
354,BanetteMega Banette,Mega Banette,Ghost,NA,555,64,165,75,93,83,75,1.2,13,9,FALSE,FALSE,FALSE,FALSE,FALSE,Regular,Gen 3,FALSE
354,Banette,Banette,Ghost,NA,455,64,115,65,83,63,65,1.1,12.5,10.3,FALSE,FALSE,FALSE,FALSE,FALSE,Regular,Gen 3,FALSE
357,Tropius,Tropius,Grass,Flying,460,99,68,83,72,87,51,2,100,25,FALSE,FALSE,FALSE,FALSE,FALSE,Regular,Gen 3,TRUE
358,Chimecho,Chimecho,Psychic,NA,455,75,50,80,95,90,65,0.6,1,2.8,FALSE,FALSE,FALSE,FALSE,FALSE,Regular,Gen 3,FALSE
359,Absol,Absol,Dark,NA,465,65,130,60,75,60,75,1.2,47,32.6,FALSE,FALSE,FALSE,FALSE,FALSE,Regular,Gen 3,FALSE
359,AbsolMega Absol,Mega Absol,Dark,NA,565,65,150,60,115,60,115,1.2,49,34,FALSE,FALSE,FALSE,FALSE,FALSE,Regular,Gen 3,FALSE
362,GlalieMega Glalie,Mega Glalie,Ice,NA,580,80,120,80,120,80,100,2.1,350.2,79.4,FALSE,FALSE,FALSE,FALSE,FALSE,Regular,Gen 3,FALSE
362,Glalie,Glalie,Ice,NA,480,80,80,80,80,80,80,1.5,256.5,114,FALSE,FALSE,FALSE,FALSE,FALSE,Regular,Gen 3,FALSE
365,Walrein,Walrein,Ice,Water,530,110,80,90,95,90,65,1.4,150.6,76.8,FALSE,FALSE,FALSE,FALSE,FALSE,Regular,Gen 3,TRUE
367,Huntail,Huntail,Water,NA,485,55,104,105,94,75,52,1.7,27,9.3,FALSE,FALSE,FALSE,FALSE,FALSE,Regular,Gen 3,FALSE
368,Gorebyss,Gorebyss,Water,NA,485,55,84,105,114,75,52,1.8,22.6,7,FALSE,FALSE,FALSE,FALSE,FALSE,Regular,Gen 3,FALSE
369,Relicanth,Relicanth,Water,Rock,485,100,90,130,45,65,55,1,23.4,23.4,FALSE,FALSE,FALSE,FALSE,FALSE,Regular,Gen 3,TRUE
370,Luvdisc,Luvdisc,Water,NA,330,43,30,55,40,65,97,0.6,8.7,24.2,FALSE,FALSE,FALSE,FALSE,FALSE,Regular,Gen 3,FALSE
373,SalamenceMega Salamence,Mega Salamence,Dragon,Flying,700,95,145,130,120,90,120,1.8,112.6,34.8,FALSE,FALSE,FALSE,FALSE,FALSE,Regular,Gen 3,TRUE
373,Salamence,Salamence,Dragon,Flying,600,95,135,80,110,80,100,1.5,102.6,45.6,FALSE,FALSE,FALSE,FALSE,FALSE,Regular,Gen 3,TRUE
376,MetagrossMega Metagross,Mega Metagross,Steel,Psychic,700,80,145,150,105,110,110,2.5,942.9,150.9,FALSE,FALSE,FALSE,FALSE,FALSE,Regular,Gen 3,TRUE
376,Metagross,Metagross,Steel,Psychic,600,80,135,130,95,90,70,1.6,550,214.8,FALSE,FALSE,FALSE,FALSE,FALSE,Regular,Gen 3,TRUE
377,Regirock,Regirock,Rock,NA,580,80,100,200,50,100,50,1.7,230,79.6,TRUE,FALSE,FALSE,FALSE,TRUE,Legendary,Gen 3,FALSE
378,Regice,Regice,Ice,NA,580,80,50,100,100,200,50,1.8,175,54,TRUE,FALSE,FALSE,FALSE,TRUE,Legendary,Gen 3,FALSE
379,Registeel,Registeel,Steel,NA,580,80,75,150,75,150,50,1.9,205,56.8,TRUE,FALSE,FALSE,FALSE,TRUE,Legendary,Gen 3,FALSE
380,LatiasMega Latias,Mega Latias,Dragon,Psychic,700,80,100,120,140,150,110,1.8,52,16,TRUE,FALSE,FALSE,FALSE,TRUE,Legendary,Gen 3,TRUE
380,Latias,Latias,Dragon,Psychic,600,80,80,90,110,130,110,1.4,40,20.4,TRUE,FALSE,FALSE,FALSE,TRUE,Legendary,Gen 3,TRUE
381,LatiosMega Latios,Mega Latios,Dragon,Psychic,700,80,130,100,160,120,110,2.3,70,13.2,TRUE,FALSE,FALSE,FALSE,TRUE,Legendary,Gen 3,TRUE
381,Latios,Latios,Dragon,Psychic,600,80,90,80,130,110,110,2,60,15,TRUE,FALSE,FALSE,FALSE,TRUE,Legendary,Gen 3,TRUE
382,KyogrePrimal Kyogre,Primal Kyogre,Water,NA,770,100,150,90,180,160,90,9.8,430,4.5,TRUE,FALSE,FALSE,FALSE,TRUE,Legendary,Gen 3,FALSE
382,Kyogre,Kyogre,Water,NA,670,100,100,90,150,140,90,4.5,352,17.4,TRUE,FALSE,FALSE,FALSE,TRUE,Legendary,Gen 3,FALSE
383,GroudonPrimal Groudon,Primal Groudon,Ground,Fire,770,100,180,160,150,90,90,5,999.7,40,TRUE,FALSE,FALSE,FALSE,TRUE,Legendary,Gen 3,TRUE
383,Groudon,Groudon,Ground,NA,670,100,150,140,100,90,90,3.5,950,77.6,TRUE,FALSE,FALSE,FALSE,TRUE,Legendary,Gen 3,FALSE
384,RayquazaMega Rayquaza,Mega Rayquaza,Dragon,Flying,780,105,180,100,180,100,115,10.8,392,3.4,TRUE,FALSE,FALSE,FALSE,TRUE,Legendary,Gen 3,TRUE
384,Rayquaza,Rayquaza,Dragon,Flying,680,105,150,90,150,90,95,7,206.5,4.2,TRUE,FALSE,FALSE,FALSE,TRUE,Legendary,Gen 3,TRUE
385,Jirachi,Jirachi,Steel,Psychic,600,100,100,100,100,100,100,0.3,1.1,12.2,FALSE,TRUE,FALSE,FALSE,TRUE,Mythical,Gen 3,TRUE
386,DeoxysNormal Forme,DeoxysNormal Forme,Psychic,NA,600,50,150,50,150,50,150,1.7,60.8,21,FALSE,TRUE,FALSE,FALSE,TRUE,Mythical,Gen 3,FALSE
386,DeoxysAttack Forme,DeoxysAttack Forme,Psychic,NA,600,50,180,20,180,20,150,1.7,60.8,21,FALSE,TRUE,FALSE,FALSE,TRUE,Mythical,Gen 3,FALSE
386,DeoxysDefense Forme,DeoxysDefense Forme,Psychic,NA,600,50,70,160,70,160,90,1.7,60.8,21,FALSE,TRUE,FALSE,FALSE,TRUE,Mythical,Gen 3,FALSE
386,DeoxysSpeed Forme,DeoxysSpeed Forme,Psychic,NA,600,50,95,90,95,90,180,1.7,60.8,21,FALSE,TRUE,FALSE,FALSE,TRUE,Mythical,Gen 3,FALSE
389,Torterra,Torterra,Grass,Ground,525,95,109,105,75,85,56,2.2,310,64,FALSE,FALSE,FALSE,FALSE,FALSE,Regular,Gen 4,TRUE
392,Infernape,Infernape,Fire,Fighting,534,76,104,71,104,71,108,1.2,55,38.2,FALSE,FALSE,FALSE,FALSE,FALSE,Regular,Gen 4,TRUE
395,Empoleon,Empoleon,Water,Steel,530,84,86,88,111,101,60,1.7,84.5,29.2,FALSE,FALSE,FALSE,FALSE,FALSE,Regular,Gen 4,TRUE
398,Staraptor,Staraptor,Normal,Flying,485,85,120,70,50,60,100,1.2,24.9,17.3,FALSE,FALSE,FALSE,FALSE,FALSE,Regular,Gen 4,TRUE
400,Bibarel,Bibarel,Normal,Water,410,79,85,60,55,60,71,1,31.5,31.5,FALSE,FALSE,FALSE,FALSE,FALSE,Regular,Gen 4,TRUE
402,Kricketune,Kricketune,Bug,NA,384,77,85,51,55,51,65,1,25.5,25.5,FALSE,FALSE,FALSE,FALSE,FALSE,Regular,Gen 4,FALSE
405,Luxray,Luxray,Electric,NA,523,80,120,79,95,79,70,1.4,42,21.4,FALSE,FALSE,FALSE,FALSE,FALSE,Regular,Gen 4,FALSE
407,Roserade,Roserade,Grass,Poison,515,60,70,65,125,105,90,0.9,14.5,17.9,FALSE,FALSE,FALSE,FALSE,FALSE,Regular,Gen 4,TRUE
409,Rampardos,Rampardos,Rock,NA,495,97,165,60,65,50,58,1.6,102.5,40,FALSE,FALSE,FALSE,FALSE,FALSE,Regular,Gen 4,FALSE
411,Bastiodon,Bastiodon,Rock,Steel,495,60,52,168,47,138,30,1.3,149.5,88.5,FALSE,FALSE,FALSE,FALSE,FALSE,Regular,Gen 4,TRUE
413,WormadamPlant Cloak,WormadamPlant Cloak,Bug,Grass,424,60,59,85,79,105,36,0.5,6.5,26,FALSE,FALSE,FALSE,FALSE,FALSE,Regular,Gen 4,TRUE
413,WormadamSandy Cloak,WormadamSandy Cloak,Bug,Ground,424,60,79,105,59,85,36,0.5,6.5,26,FALSE,FALSE,FALSE,FALSE,FALSE,Regular,Gen 4,TRUE
413,WormadamTrash Cloak,WormadamTrash Cloak,Bug,Steel,424,60,69,95,69,95,36,0.5,6.5,26,FALSE,FALSE,FALSE,FALSE,FALSE,Regular,Gen 4,TRUE
414,Mothim,Mothim,Bug,Flying,424,70,94,50,94,50,66,0.9,23.3,28.8,FALSE,FALSE,FALSE,FALSE,FALSE,Regular,Gen 4,TRUE
416,Vespiquen,Vespiquen,Bug,Flying,474,70,80,102,80,102,40,1.2,38.5,26.7,FALSE,FALSE,FALSE,FALSE,FALSE,Regular,Gen 4,TRUE
417,Pachirisu,Pachirisu,Electric,NA,405,60,45,70,45,90,95,0.4,3.9,24.4,FALSE,FALSE,FALSE,FALSE,FALSE,Regular,Gen 4,FALSE
419,Floatzel,Floatzel,Water,NA,495,85,105,55,85,50,115,1.1,33.5,27.7,FALSE,FALSE,FALSE,FALSE,FALSE,Regular,Gen 4,FALSE
421,Cherrim,Cherrim,Grass,NA,450,70,60,70,87,78,85,0.5,9.3,37.2,FALSE,FALSE,FALSE,FALSE,FALSE,Regular,Gen 4,FALSE
423,Gastrodon,Gastrodon,Water,Ground,475,111,83,68,92,82,39,0.9,29.9,36.9,FALSE,FALSE,FALSE,FALSE,FALSE,Regular,Gen 4,TRUE
424,Ambipom,Ambipom,Normal,NA,482,75,100,66,60,66,115,1.2,20.3,14.1,FALSE,FALSE,FALSE,FALSE,FALSE,Regular,Gen 4,FALSE
426,Drifblim,Drifblim,Ghost,Flying,498,150,80,44,90,54,80,1.2,15,10.4,FALSE,FALSE,FALSE,FALSE,FALSE,Regular,Gen 4,TRUE
428,LopunnyMega Lopunny,Mega Lopunny,Normal,Fighting,580,65,136,94,54,96,135,1.3,28.3,16.7,FALSE,FALSE,FALSE,FALSE,FALSE,Regular,Gen 4,TRUE
428,Lopunny,Lopunny,Normal,NA,480,65,76,84,54,96,105,1.2,33.3,23.1,FALSE,FALSE,FALSE,FALSE,FALSE,Regular,Gen 4,FALSE
429,Mismagius,Mismagius,Ghost,NA,495,60,60,60,105,105,105,0.9,4.4,5.4,FALSE,FALSE,FALSE,FALSE,FALSE,Regular,Gen 4,FALSE
430,Honchkrow,Honchkrow,Dark,Flying,505,100,125,52,105,52,71,0.9,27.3,33.7,FALSE,FALSE,FALSE,FALSE,FALSE,Regular,Gen 4,TRUE
432,Purugly,Purugly,Normal,NA,452,71,82,64,64,59,112,1,43.8,43.8,FALSE,FALSE,FALSE,FALSE,FALSE,Regular,Gen 4,FALSE
435,Skuntank,Skuntank,Poison,Dark,479,103,93,67,71,61,84,1,38,38,FALSE,FALSE,FALSE,FALSE,FALSE,Regular,Gen 4,TRUE
437,Bronzong,Bronzong,Steel,Psychic,500,67,89,116,79,116,33,1.3,187,110.7,FALSE,FALSE,FALSE,FALSE,FALSE,Regular,Gen 4,TRUE
441,Chatot,Chatot,Normal,Flying,411,76,65,45,92,42,91,0.5,1.9,7.6,FALSE,FALSE,FALSE,FALSE,FALSE,Regular,Gen 4,TRUE
442,Spiritomb,Spiritomb,Ghost,Dark,485,50,92,108,92,108,35,1,108,108,FALSE,FALSE,FALSE,FALSE,FALSE,Regular,Gen 4,TRUE
445,Garchomp,Garchomp,Dragon,Ground,600,108,130,95,80,85,102,1.9,95,26.3,FALSE,FALSE,FALSE,FALSE,FALSE,Regular,Gen 4,TRUE
445,GarchompMega Garchomp,Mega Garchomp,Dragon,Ground,700,108,170,115,120,95,92,1.9,95,26.3,FALSE,FALSE,FALSE,FALSE,FALSE,Regular,Gen 4,TRUE
448,LucarioMega Lucario,Mega Lucario,Fighting,Steel,625,70,145,88,140,70,112,1.3,57.5,34,FALSE,FALSE,FALSE,FALSE,FALSE,Regular,Gen 4,TRUE
448,Lucario,Lucario,Fighting,Steel,525,70,110,70,115,70,90,1.2,54,37.5,FALSE,FALSE,FALSE,FALSE,FALSE,Regular,Gen 4,TRUE
450,Hippowdon,Hippowdon,Ground,NA,525,108,112,118,68,72,47,2,300,75,FALSE,FALSE,FALSE,FALSE,FALSE,Regular,Gen 4,FALSE
452,Drapion,Drapion,Poison,Dark,500,70,90,110,60,75,95,1.3,61.5,36.4,FALSE,FALSE,FALSE,FALSE,FALSE,Regular,Gen 4,TRUE
454,Toxicroak,Toxicroak,Poison,Fighting,490,83,106,65,86,65,85,1.3,44.4,26.3,FALSE,FALSE,FALSE,FALSE,FALSE,Regular,Gen 4,TRUE
455,Carnivine,Carnivine,Grass,NA,454,74,100,72,90,72,46,1.4,27,13.8,FALSE,FALSE,FALSE,FALSE,FALSE,Regular,Gen 4,FALSE
457,Lumineon,Lumineon,Water,NA,460,69,69,76,69,86,91,1.2,24,16.7,FALSE,FALSE,FALSE,FALSE,FALSE,Regular,Gen 4,FALSE
460,AbomasnowMega Abomasnow,Mega Abomasnow,Grass,Ice,594,90,132,105,132,105,30,2.7,185,25.4,FALSE,FALSE,FALSE,FALSE,FALSE,Regular,Gen 4,TRUE
460,Abomasnow,Abomasnow,Grass,Ice,494,90,92,75,92,85,60,2.2,135.5,28,FALSE,FALSE,FALSE,FALSE,FALSE,Regular,Gen 4,TRUE
461,Weavile,Weavile,Dark,Ice,510,70,120,65,45,85,125,1.1,34,28.1,FALSE,FALSE,FALSE,FALSE,FALSE,Regular,Gen 4,TRUE
462,Magnezone,Magnezone,Electric,Steel,535,70,70,115,130,90,60,1.2,180,125,FALSE,FALSE,FALSE,FALSE,FALSE,Regular,Gen 4,TRUE
463,Lickilicky,Lickilicky,Normal,NA,515,110,85,95,80,95,50,1.7,140,48.4,FALSE,FALSE,FALSE,FALSE,FALSE,Regular,Gen 4,FALSE
464,Rhyperior,Rhyperior,Ground,Rock,535,115,140,130,55,55,40,2.4,282.8,49.1,FALSE,FALSE,FALSE,FALSE,FALSE,Regular,Gen 4,TRUE
465,Tangrowth,Tangrowth,Grass,NA,535,100,100,125,110,50,50,2,128.6,32.2,FALSE,FALSE,FALSE,FALSE,FALSE,Regular,Gen 4,FALSE
466,Electivire,Electivire,Electric,NA,540,75,123,67,95,85,95,1.8,138.6,42.8,FALSE,FALSE,FALSE,FALSE,FALSE,Regular,Gen 4,FALSE
467,Magmortar,Magmortar,Fire,NA,540,75,95,67,125,95,83,1.6,68,26.6,FALSE,FALSE,FALSE,FALSE,FALSE,Regular,Gen 4,FALSE
468,Togekiss,Togekiss,Fairy,Flying,545,85,50,95,120,115,80,1.5,38,16.9,FALSE,FALSE,FALSE,FALSE,FALSE,Regular,Gen 4,TRUE
469,Yanmega,Yanmega,Bug,Flying,515,86,76,86,116,56,95,1.9,51.5,14.3,FALSE,FALSE,FALSE,FALSE,FALSE,Regular,Gen 4,TRUE
470,Leafeon,Leafeon,Grass,NA,525,65,110,130,60,65,95,1,25.5,25.5,FALSE,FALSE,FALSE,FALSE,FALSE,Regular,Gen 4,FALSE
471,Glaceon,Glaceon,Ice,NA,525,65,60,110,130,95,65,0.8,25.9,40.5,FALSE,FALSE,FALSE,FALSE,FALSE,Regular,Gen 4,FALSE
472,Gliscor,Gliscor,Ground,Flying,510,75,95,125,45,75,95,2,42.5,10.6,FALSE,FALSE,FALSE,FALSE,FALSE,Regular,Gen 4,TRUE
473,Mamoswine,Mamoswine,Ice,Ground,530,110,130,80,70,60,80,2.5,291,46.6,FALSE,FALSE,FALSE,FALSE,FALSE,Regular,Gen 4,TRUE
474,Porygon-Z,Porygon-Z,Normal,NA,535,85,80,70,135,75,90,0.9,34,42,FALSE,FALSE,FALSE,FALSE,FALSE,Regular,Gen 4,FALSE
475,Gallade,Gallade,Psychic,Fighting,518,68,125,65,65,115,80,1.6,52,20.3,FALSE,FALSE,FALSE,FALSE,FALSE,Regular,Gen 4,TRUE
475,GalladeMega Gallade,Mega Gallade,Psychic,Fighting,618,68,165,95,65,115,110,1.6,56.4,22,FALSE,FALSE,FALSE,FALSE,FALSE,Regular,Gen 4,TRUE
476,Probopass,Probopass,Rock,Steel,525,60,55,145,75,150,40,1.4,340,173.5,FALSE,FALSE,FALSE,FALSE,FALSE,Regular,Gen 4,TRUE
477,Dusknoir,Dusknoir,Ghost,NA,525,45,100,135,65,135,45,2.2,106.6,22,FALSE,FALSE,FALSE,FALSE,FALSE,Regular,Gen 4,FALSE
478,Froslass,Froslass,Ice,Ghost,480,70,80,70,80,70,110,1.3,26.6,15.7,FALSE,FALSE,FALSE,FALSE,FALSE,Regular,Gen 4,TRUE
479,Rotom,Rotom,Electric,Ghost,440,50,50,77,95,77,91,0.3,0.3,3.3,FALSE,FALSE,FALSE,FALSE,FALSE,Regular,Gen 4,TRUE
479,RotomHeat Rotom,Heat Rotom,Electric,Fire,520,50,65,107,105,107,86,0.3,0.3,3.3,FALSE,FALSE,FALSE,FALSE,FALSE,Regular,Gen 4,TRUE
479,RotomWash Rotom,Wash Rotom,Electric,Water,520,50,65,107,105,107,86,0.3,0.3,3.3,FALSE,FALSE,FALSE,FALSE,FALSE,Regular,Gen 4,TRUE
479,RotomFrost Rotom,Frost Rotom,Electric,Ice,520,50,65,107,105,107,86,0.3,0.3,3.3,FALSE,FALSE,FALSE,FALSE,FALSE,Regular,Gen 4,TRUE
479,RotomFan Rotom,Fan Rotom,Electric,Flying,520,50,65,107,105,107,86,0.3,0.3,3.3,FALSE,FALSE,FALSE,FALSE,FALSE,Regular,Gen 4,TRUE
479,RotomMow Rotom,Mow Rotom,Electric,Grass,520,50,65,107,105,107,86,0.3,0.3,3.3,FALSE,FALSE,FALSE,FALSE,FALSE,Regular,Gen 4,TRUE
480,Uxie,Uxie,Psychic,NA,580,75,75,130,75,130,95,0.3,0.3,3.3,TRUE,FALSE,FALSE,FALSE,TRUE,Legendary,Gen 4,FALSE
481,Mesprit,Mesprit,Psychic,NA,580,80,105,105,105,105,80,0.3,0.3,3.3,TRUE,FALSE,FALSE,FALSE,TRUE,Legendary,Gen 4,FALSE
482,Azelf,Azelf,Psychic,NA,580,75,125,70,125,70,115,0.3,0.3,3.3,TRUE,FALSE,FALSE,FALSE,TRUE,Legendary,Gen 4,FALSE
483,DialgaOrigin Forme,DialgaOrigin Forme,Steel,Dragon,680,100,100,120,150,120,90,7,850,17.3,TRUE,FALSE,FALSE,FALSE,TRUE,Legendary,Gen 4,TRUE
483,Dialga,Dialga,Steel,Dragon,680,100,120,120,150,100,90,5.4,683,23.4,TRUE,FALSE,FALSE,FALSE,TRUE,Legendary,Gen 4,TRUE
484,PalkiaOrigin Forme,PalkiaOrigin Forme,Water,Dragon,680,90,100,100,150,120,120,6.3,660,16.6,TRUE,FALSE,FALSE,FALSE,TRUE,Legendary,Gen 4,TRUE
484,Palkia,Palkia,Water,Dragon,680,90,120,100,150,120,100,4.2,336,19,TRUE,FALSE,FALSE,FALSE,TRUE,Legendary,Gen 4,TRUE
485,Heatran,Heatran,Fire,Steel,600,91,90,106,130,106,77,1.7,430,148.8,TRUE,FALSE,FALSE,FALSE,TRUE,Legendary,Gen 4,TRUE
486,Regigigas,Regigigas,Normal,NA,670,110,160,110,80,110,100,3.7,420,30.7,TRUE,FALSE,FALSE,FALSE,TRUE,Legendary,Gen 4,FALSE
487,GiratinaOrigin Forme,GiratinaOrigin Forme,Ghost,Dragon,680,150,120,100,120,100,90,6.9,650,13.7,TRUE,FALSE,FALSE,FALSE,TRUE,Legendary,Gen 4,TRUE
487,GiratinaAltered Forme,GiratinaAltered Forme,Ghost,Dragon,680,150,100,120,100,120,90,4.5,750,37,TRUE,FALSE,FALSE,FALSE,TRUE,Legendary,Gen 4,TRUE
488,Cresselia,Cresselia,Psychic,NA,580,120,70,110,75,120,85,1.5,85.6,38,TRUE,FALSE,FALSE,FALSE,TRUE,Legendary,Gen 4,FALSE
489,Phione,Phione,Water,NA,480,80,80,80,80,80,80,0.4,3.1,19.4,FALSE,TRUE,FALSE,FALSE,TRUE,Mythical,Gen 4,FALSE
490,Manaphy,Manaphy,Water,NA,600,100,100,100,100,100,100,0.3,1.4,15.6,FALSE,TRUE,FALSE,FALSE,TRUE,Mythical,Gen 4,FALSE
491,Darkrai,Darkrai,Dark,NA,600,70,90,90,135,90,125,1.5,50.5,22.4,FALSE,TRUE,FALSE,FALSE,TRUE,Mythical,Gen 4,FALSE
492,ShayminSky Forme,ShayminSky Forme,Grass,Flying,600,100,103,75,120,75,127,0.4,5.2,32.5,FALSE,TRUE,FALSE,FALSE,TRUE,Mythical,Gen 4,TRUE
492,ShayminLand Forme,ShayminLand Forme,Grass,NA,600,100,100,100,100,100,100,0.2,2.1,52.5,FALSE,TRUE,FALSE,FALSE,TRUE,Mythical,Gen 4,FALSE
493,Arceus,Arceus,Normal,NA,720,120,120,120,120,120,120,3.2,320,31.3,FALSE,TRUE,FALSE,FALSE,TRUE,Mythical,Gen 4,FALSE
494,Victini,Victini,Psychic,Fire,600,100,100,100,100,100,100,0.4,4,25,FALSE,TRUE,FALSE,FALSE,TRUE,Mythical,Gen 5,TRUE
497,Serperior,Serperior,Grass,NA,528,75,75,95,75,95,113,3.3,63,5.8,FALSE,FALSE,FALSE,FALSE,FALSE,Regular,Gen 5,FALSE
500,Emboar,Emboar,Fire,Fighting,528,110,123,65,100,65,65,1.6,150,58.6,FALSE,FALSE,FALSE,FALSE,FALSE,Regular,Gen 5,TRUE
503,SamurottHisuian Samurott,Hisuian Samurott,Water,Dark,528,90,108,80,100,65,85,1.5,58.2,25.9,FALSE,FALSE,FALSE,FALSE,FALSE,Regular,Gen 5,TRUE
503,Samurott,Samurott,Water,NA,528,95,100,85,108,70,70,1.5,94.6,42,FALSE,FALSE,FALSE,FALSE,FALSE,Regular,Gen 5,FALSE
505,Watchog,Watchog,Normal,NA,420,60,85,69,60,69,77,1.1,27,22.3,FALSE,FALSE,FALSE,FALSE,FALSE,Regular,Gen 5,FALSE
508,Stoutland,Stoutland,Normal,NA,500,85,110,90,45,90,80,1.2,61,42.4,FALSE,FALSE,FALSE,FALSE,FALSE,Regular,Gen 5,FALSE
510,Liepard,Liepard,Dark,NA,446,64,88,50,88,50,106,1.1,37.5,31,FALSE,FALSE,FALSE,FALSE,FALSE,Regular,Gen 5,FALSE
512,Simisage,Simisage,Grass,NA,498,75,98,63,98,63,101,1.1,30.5,25.2,FALSE,FALSE,FALSE,FALSE,FALSE,Regular,Gen 5,FALSE
514,Simisear,Simisear,Fire,NA,498,75,98,63,98,63,101,1,28,28,FALSE,FALSE,FALSE,FALSE,FALSE,Regular,Gen 5,FALSE
516,Simipour,Simipour,Water,NA,498,75,98,63,98,63,101,1,29,29,FALSE,FALSE,FALSE,FALSE,FALSE,Regular,Gen 5,FALSE
518,Musharna,Musharna,Psychic,NA,487,116,55,85,107,95,29,1.1,60.5,50,FALSE,FALSE,FALSE,FALSE,FALSE,Regular,Gen 5,FALSE
521,Unfezant,Unfezant,Normal,Flying,488,80,115,80,65,55,93,1.2,29,20.1,FALSE,FALSE,FALSE,FALSE,FALSE,Regular,Gen 5,TRUE
523,Zebstrika,Zebstrika,Electric,NA,497,75,100,63,80,63,116,1.6,79.5,31.1,FALSE,FALSE,FALSE,FALSE,FALSE,Regular,Gen 5,FALSE
526,Gigalith,Gigalith,Rock,NA,515,85,135,130,60,80,25,1.7,260,90,FALSE,FALSE,FALSE,FALSE,FALSE,Regular,Gen 5,FALSE
528,Swoobat,Swoobat,Psychic,Flying,425,67,57,55,77,55,114,0.9,10.5,13,FALSE,FALSE,FALSE,FALSE,FALSE,Regular,Gen 5,TRUE
530,Excadrill,Excadrill,Ground,Steel,508,110,135,60,50,65,88,0.7,40.4,82.4,FALSE,FALSE,FALSE,FALSE,FALSE,Regular,Gen 5,TRUE
531,AudinoMega Audino,Mega Audino,Normal,Fairy,545,103,60,126,80,126,50,1.5,32,14.2,FALSE,FALSE,FALSE,FALSE,FALSE,Regular,Gen 5,TRUE
531,Audino,Audino,Normal,NA,445,103,60,86,60,86,50,1.1,31,25.6,FALSE,FALSE,FALSE,FALSE,FALSE,Regular,Gen 5,FALSE
534,Conkeldurr,Conkeldurr,Fighting,NA,505,105,140,95,55,65,45,1.4,87,44.4,FALSE,FALSE,FALSE,FALSE,FALSE,Regular,Gen 5,FALSE
537,Seismitoad,Seismitoad,Water,Ground,509,105,95,75,85,75,74,1.5,62,27.6,FALSE,FALSE,FALSE,FALSE,FALSE,Regular,Gen 5,TRUE
538,Throh,Throh,Fighting,NA,465,120,100,85,30,85,45,1.3,55.5,32.8,FALSE,FALSE,FALSE,FALSE,FALSE,Regular,Gen 5,FALSE
539,Sawk,Sawk,Fighting,NA,465,75,125,75,30,75,85,1.4,51,26,FALSE,FALSE,FALSE,FALSE,FALSE,Regular,Gen 5,FALSE
542,Leavanny,Leavanny,Bug,Grass,500,75,103,80,70,80,92,1.2,20.5,14.2,FALSE,FALSE,FALSE,FALSE,FALSE,Regular,Gen 5,TRUE
545,Scolipede,Scolipede,Bug,Poison,485,60,100,89,55,69,112,2.5,200.5,32.1,FALSE,FALSE,FALSE,FALSE,FALSE,Regular,Gen 5,TRUE
547,Whimsicott,Whimsicott,Grass,Fairy,480,60,67,85,77,75,116,0.7,6.6,13.5,FALSE,FALSE,FALSE,FALSE,FALSE,Regular,Gen 5,TRUE
549,LilligantHisuian Lilligant,Hisuian Lilligant,Grass,Fighting,480,70,105,75,50,75,105,1.2,19.2,13.3,FALSE,FALSE,FALSE,FALSE,FALSE,Regular,Gen 5,TRUE
549,Lilligant,Lilligant,Grass,NA,480,70,60,75,110,75,90,1.1,16.3,13.5,FALSE,FALSE,FALSE,FALSE,FALSE,Regular,Gen 5,FALSE
550,BasculinRed-Striped Form,BasculinRed-Striped Form,Water,NA,460,70,92,65,80,55,98,1,18,18,FALSE,FALSE,FALSE,FALSE,FALSE,Regular,Gen 5,FALSE
550,BasculinBlue-Striped Form,BasculinBlue-Striped Form,Water,NA,460,70,92,65,80,55,98,1,18,18,FALSE,FALSE,FALSE,FALSE,FALSE,Regular,Gen 5,FALSE
550,BasculinWhite-Striped Form,BasculinWhite-Striped Form,Water,NA,460,70,92,65,80,55,98,1,18,18,FALSE,FALSE,FALSE,FALSE,FALSE,Regular,Gen 5,FALSE
553,Krookodile,Krookodile,Ground,Dark,519,95,117,80,65,70,92,1.5,96.3,42.8,FALSE,FALSE,FALSE,FALSE,FALSE,Regular,Gen 5,TRUE
555,DarmanitanGalarian Standard Mode,DarmanitanGalarian Standard Mode,Ice,NA,480,105,140,55,30,55,95,1.7,120,41.5,FALSE,FALSE,FALSE,FALSE,FALSE,Regular,Gen 5,FALSE
555,DarmanitanGalarian Zen Mode,DarmanitanGalarian Zen Mode,Ice,Fire,540,105,160,55,30,55,135,1.7,120,41.5,FALSE,FALSE,FALSE,FALSE,FALSE,Regular,Gen 5,TRUE
555,DarmanitanStandard Mode,DarmanitanStandard Mode,Fire,NA,480,105,140,55,30,55,95,1.3,92.9,55,FALSE,FALSE,FALSE,FALSE,FALSE,Regular,Gen 5,FALSE
555,DarmanitanZen Mode,DarmanitanZen Mode,Fire,Psychic,540,105,30,105,140,105,55,1.3,92.9,55,FALSE,FALSE,FALSE,FALSE,FALSE,Regular,Gen 5,TRUE
556,Maractus,Maractus,Grass,NA,461,75,86,67,106,67,60,1,28,28,FALSE,FALSE,FALSE,FALSE,FALSE,Regular,Gen 5,FALSE
558,Crustle,Crustle,Bug,Rock,485,70,105,125,65,75,45,1.4,200,102,FALSE,FALSE,FALSE,FALSE,FALSE,Regular,Gen 5,TRUE
560,Scrafty,Scrafty,Dark,Fighting,488,65,90,115,45,115,58,1.1,30,24.8,FALSE,FALSE,FALSE,FALSE,FALSE,Regular,Gen 5,TRUE
561,Sigilyph,Sigilyph,Psychic,Flying,490,72,58,80,103,80,97,1.4,14,7.1,FALSE,FALSE,FALSE,FALSE,FALSE,Regular,Gen 5,TRUE
563,Cofagrigus,Cofagrigus,Ghost,NA,483,58,50,145,95,105,30,1.7,76.5,26.5,FALSE,FALSE,FALSE,FALSE,FALSE,Regular,Gen 5,FALSE
565,Carracosta,Carracosta,Water,Rock,495,74,108,133,83,65,32,1.2,81,56.3,FALSE,FALSE,FALSE,FALSE,FALSE,Regular,Gen 5,TRUE
567,Archeops,Archeops,Rock,Flying,567,75,140,65,112,65,110,1.4,32,16.3,FALSE,FALSE,FALSE,FALSE,FALSE,Regular,Gen 5,TRUE
569,Garbodor,Garbodor,Poison,NA,474,80,95,82,60,82,75,1.9,107.3,29.7,FALSE,FALSE,FALSE,FALSE,FALSE,Regular,Gen 5,FALSE
571,ZoroarkHisuian Zoroark,Hisuian Zoroark,Normal,Ghost,510,55,100,60,125,60,110,1.6,73,28.5,FALSE,FALSE,FALSE,FALSE,FALSE,Regular,Gen 5,TRUE
571,Zoroark,Zoroark,Dark,NA,510,60,105,60,120,60,105,1.6,81.1,31.7,FALSE,FALSE,FALSE,FALSE,FALSE,Regular,Gen 5,FALSE
573,Cinccino,Cinccino,Normal,NA,470,75,95,60,65,60,115,0.5,7.5,30,FALSE,FALSE,FALSE,FALSE,FALSE,Regular,Gen 5,FALSE
576,Gothitelle,Gothitelle,Psychic,NA,490,70,55,95,95,110,65,1.5,44,19.6,FALSE,FALSE,FALSE,FALSE,FALSE,Regular,Gen 5,FALSE
579,Reuniclus,Reuniclus,Psychic,NA,490,110,65,75,125,85,30,1,20.1,20.1,FALSE,FALSE,FALSE,FALSE,FALSE,Regular,Gen 5,FALSE
581,Swanna,Swanna,Water,Flying,473,75,87,63,87,63,98,1.3,24.2,14.3,FALSE,FALSE,FALSE,FALSE,FALSE,Regular,Gen 5,TRUE
584,Vanilluxe,Vanilluxe,Ice,NA,535,71,95,85,110,95,79,1.3,57.5,34,FALSE,FALSE,FALSE,FALSE,FALSE,Regular,Gen 5,FALSE
586,Sawsbuck,Sawsbuck,Normal,Grass,475,80,100,70,60,70,95,1.9,92.5,25.6,FALSE,FALSE,FALSE,FALSE,FALSE,Regular,Gen 5,TRUE
587,Emolga,Emolga,Electric,Flying,428,55,75,60,75,60,103,0.4,5,31.3,FALSE,FALSE,FALSE,FALSE,FALSE,Regular,Gen 5,TRUE
589,Escavalier,Escavalier,Bug,Steel,495,70,135,105,60,105,20,1,33,33,FALSE,FALSE,FALSE,FALSE,FALSE,Regular,Gen 5,TRUE
591,Amoonguss,Amoonguss,Grass,Poison,464,114,85,70,85,80,30,0.6,10.5,29.2,FALSE,FALSE,FALSE,FALSE,FALSE,Regular,Gen 5,TRUE
593,Jellicent,Jellicent,Water,Ghost,480,100,60,70,85,105,60,2.2,135,27.9,FALSE,FALSE,FALSE,FALSE,FALSE,Regular,Gen 5,TRUE
594,Alomomola,Alomomola,Water,NA,470,165,75,80,40,45,65,1.2,31.6,21.9,FALSE,FALSE,FALSE,FALSE,FALSE,Regular,Gen 5,FALSE
596,Galvantula,Galvantula,Bug,Electric,472,70,77,60,97,60,108,0.8,14.3,22.3,FALSE,FALSE,FALSE,FALSE,FALSE,Regular,Gen 5,TRUE
598,Ferrothorn,Ferrothorn,Grass,Steel,489,74,94,131,54,116,20,1,110,110,FALSE,FALSE,FALSE,FALSE,FALSE,Regular,Gen 5,TRUE
601,Klinklang,Klinklang,Steel,NA,520,60,100,115,70,85,90,0.6,81,225,FALSE,FALSE,FALSE,FALSE,FALSE,Regular,Gen 5,FALSE
604,Eelektross,Eelektross,Electric,NA,515,85,115,80,105,80,50,2.1,80.5,18.3,FALSE,FALSE,FALSE,FALSE,FALSE,Regular,Gen 5,FALSE
606,Beheeyem,Beheeyem,Psychic,NA,485,75,75,75,125,95,40,1,34.5,34.5,FALSE,FALSE,FALSE,FALSE,FALSE,Regular,Gen 5,FALSE
609,Chandelure,Chandelure,Ghost,Fire,520,60,55,90,145,90,80,1,34.3,34.3,FALSE,FALSE,FALSE,FALSE,FALSE,Regular,Gen 5,TRUE
612,Haxorus,Haxorus,Dragon,NA,540,76,147,90,60,70,97,1.8,105.5,32.6,FALSE,FALSE,FALSE,FALSE,FALSE,Regular,Gen 5,FALSE
614,Beartic,Beartic,Ice,NA,505,95,130,80,70,80,50,2.6,260,38.5,FALSE,FALSE,FALSE,FALSE,FALSE,Regular,Gen 5,FALSE
615,Cryogonal,Cryogonal,Ice,NA,515,80,50,50,95,135,105,1.1,148,122.3,FALSE,FALSE,FALSE,FALSE,FALSE,Regular,Gen 5,FALSE
617,Accelgor,Accelgor,Bug,NA,495,80,70,40,100,60,145,0.8,25.3,39.5,FALSE,FALSE,FALSE,FALSE,FALSE,Regular,Gen 5,FALSE
618,Stunfisk,Stunfisk,Ground,Electric,471,109,66,84,81,99,32,0.7,11,22.4,FALSE,FALSE,FALSE,FALSE,FALSE,Regular,Gen 5,TRUE
618,StunfiskGalarian Stunfisk,Galarian Stunfisk,Ground,Steel,471,109,81,99,66,84,32,0.7,20.5,41.8,FALSE,FALSE,FALSE,FALSE,FALSE,Regular,Gen 5,TRUE
620,Mienshao,Mienshao,Fighting,NA,510,65,125,60,95,60,105,1.4,35.5,18.1,FALSE,FALSE,FALSE,FALSE,FALSE,Regular,Gen 5,FALSE
621,Druddigon,Druddigon,Dragon,NA,485,77,120,90,60,90,48,1.6,139,54.3,FALSE,FALSE,FALSE,FALSE,FALSE,Regular,Gen 5,FALSE
623,Golurk,Golurk,Ground,Ghost,483,89,124,80,55,80,55,2.8,330,42.1,FALSE,FALSE,FALSE,FALSE,FALSE,Regular,Gen 5,TRUE
626,Bouffalant,Bouffalant,Normal,NA,490,95,110,95,40,95,55,1.6,94.6,37,FALSE,FALSE,FALSE,FALSE,FALSE,Regular,Gen 5,FALSE
628,BraviaryHisuian Braviary,Hisuian Braviary,Psychic,Flying,510,110,83,70,112,70,65,1.7,43.4,15,FALSE,FALSE,FALSE,FALSE,FALSE,Regular,Gen 5,TRUE
628,Braviary,Braviary,Normal,Flying,510,100,123,75,57,75,80,1.5,41,18.2,FALSE,FALSE,FALSE,FALSE,FALSE,Regular,Gen 5,TRUE
630,Mandibuzz,Mandibuzz,Dark,Flying,510,110,65,105,55,95,80,1.2,39.5,27.4,FALSE,FALSE,FALSE,FALSE,FALSE,Regular,Gen 5,TRUE
631,Heatmor,Heatmor,Fire,NA,484,85,97,66,105,66,65,1.4,58,29.6,FALSE,FALSE,FALSE,FALSE,FALSE,Regular,Gen 5,FALSE
632,Durant,Durant,Bug,Steel,484,58,109,112,48,48,109,0.3,33,366.7,FALSE,FALSE,FALSE,FALSE,FALSE,Regular,Gen 5,TRUE
635,Hydreigon,Hydreigon,Dark,Dragon,600,92,105,90,125,90,98,1.8,160,49.4,FALSE,FALSE,FALSE,FALSE,FALSE,Regular,Gen 5,TRUE
637,Volcarona,Volcarona,Bug,Fire,550,85,60,65,135,105,100,1.6,46,18,FALSE,FALSE,FALSE,FALSE,FALSE,Regular,Gen 5,TRUE
638,Cobalion,Cobalion,Steel,Fighting,580,91,90,129,90,72,108,2.1,250,56.7,TRUE,FALSE,FALSE,FALSE,TRUE,Legendary,Gen 5,TRUE
639,Terrakion,Terrakion,Rock,Fighting,580,91,129,90,72,90,108,1.9,260,72,TRUE,FALSE,FALSE,FALSE,TRUE,Legendary,Gen 5,TRUE
640,Virizion,Virizion,Grass,Fighting,580,91,90,72,90,129,108,2,200,50,TRUE,FALSE,FALSE,FALSE,TRUE,Legendary,Gen 5,TRUE
641,TornadusIncarnate Forme,TornadusIncarnate Forme,Flying,NA,580,79,115,70,125,80,111,1.5,63,28,TRUE,FALSE,FALSE,FALSE,TRUE,Legendary,Gen 5,FALSE
641,TornadusTherian Forme,TornadusTherian Forme,Flying,NA,580,79,100,80,110,90,121,1.4,63,32.1,TRUE,FALSE,FALSE,FALSE,TRUE,Legendary,Gen 5,FALSE
642,ThundurusTherian Forme,ThundurusTherian Forme,Electric,Flying,580,79,105,70,145,80,101,3,61,6.8,TRUE,FALSE,FALSE,FALSE,TRUE,Legendary,Gen 5,TRUE
642,ThundurusIncarnate Forme,ThundurusIncarnate Forme,Electric,Flying,580,79,115,70,125,80,111,1.5,61,27.1,TRUE,FALSE,FALSE,FALSE,TRUE,Legendary,Gen 5,TRUE
643,Reshiram,Reshiram,Dragon,Fire,680,100,120,100,150,120,90,3.2,330,32.2,TRUE,FALSE,FALSE,FALSE,TRUE,Legendary,Gen 5,TRUE
644,Zekrom,Zekrom,Dragon,Electric,680,100,150,120,120,100,90,2.9,345,41,TRUE,FALSE,FALSE,FALSE,TRUE,Legendary,Gen 5,TRUE
645,LandorusIncarnate Forme,LandorusIncarnate Forme,Ground,Flying,600,89,125,90,115,80,101,1.5,68,30.2,TRUE,FALSE,FALSE,FALSE,TRUE,Legendary,Gen 5,TRUE
645,LandorusTherian Forme,LandorusTherian Forme,Ground,Flying,600,89,145,90,105,80,91,1.3,68,40.2,TRUE,FALSE,FALSE,FALSE,TRUE,Legendary,Gen 5,TRUE
646,KyuremWhite Kyurem,White Kyurem,Dragon,Ice,700,125,120,90,170,100,95,3.6,325,25.1,TRUE,FALSE,FALSE,FALSE,TRUE,Legendary,Gen 5,TRUE
646,KyuremBlack Kyurem,Black Kyurem,Dragon,Ice,700,125,170,100,120,90,95,3.3,325,29.8,TRUE,FALSE,FALSE,FALSE,TRUE,Legendary,Gen 5,TRUE
646,Kyurem,Kyurem,Dragon,Ice,660,125,130,90,130,90,95,3,325,36.1,TRUE,FALSE,FALSE,FALSE,TRUE,Legendary,Gen 5,TRUE
647,KeldeoOrdinary Form,KeldeoOrdinary Form,Water,Fighting,580,91,72,90,129,90,108,1.4,48.5,24.7,FALSE,TRUE,FALSE,FALSE,TRUE,Mythical,Gen 5,TRUE
647,KeldeoResolute Form,KeldeoResolute Form,Water,Fighting,580,91,72,90,129,90,108,1.4,48.5,24.7,FALSE,TRUE,FALSE,FALSE,TRUE,Mythical,Gen 5,TRUE
648,MeloettaAria Forme,MeloettaAria Forme,Normal,Psychic,600,100,77,77,128,128,90,0.6,6.5,18.1,FALSE,FALSE,FALSE,FALSE,FALSE,Regular,Gen 5,TRUE
648,MeloettaPirouette Forme,MeloettaPirouette Forme,Normal,Fighting,600,100,128,90,77,77,128,0.6,6.5,18.1,FALSE,FALSE,FALSE,FALSE,FALSE,Regular,Gen 5,TRUE
649,Genesect,Genesect,Bug,Steel,600,71,120,95,120,95,99,1.5,82.5,36.7,FALSE,FALSE,FALSE,FALSE,FALSE,Regular,Gen 5,TRUE
652,Chesnaught,Chesnaught,Grass,Fighting,530,88,107,122,74,75,64,1.6,90,35.2,FALSE,FALSE,FALSE,FALSE,FALSE,Regular,Gen 6,TRUE
655,Delphox,Delphox,Fire,Psychic,534,75,69,72,114,100,104,1.5,39,17.3,FALSE,FALSE,FALSE,FALSE,FALSE,Regular,Gen 6,TRUE
658,Greninja,Greninja,Water,Dark,530,72,95,67,103,71,122,1.5,40,17.8,FALSE,FALSE,FALSE,FALSE,FALSE,Regular,Gen 6,TRUE
658,GreninjaAsh-Greninja,GreninjaAsh-Greninja,Water,Dark,640,72,145,67,153,71,132,1.5,40,17.8,FALSE,FALSE,FALSE,FALSE,FALSE,Regular,Gen 6,TRUE
660,Diggersby,Diggersby,Normal,Ground,423,85,56,77,50,77,78,1,42.4,42.4,FALSE,FALSE,FALSE,FALSE,FALSE,Regular,Gen 6,TRUE
663,Talonflame,Talonflame,Fire,Flying,499,78,81,71,74,69,126,1.2,24.5,17,FALSE,FALSE,FALSE,FALSE,FALSE,Regular,Gen 6,TRUE
666,Vivillon,Vivillon,Bug,Flying,411,80,52,50,90,50,89,1.2,17,11.8,FALSE,FALSE,FALSE,FALSE,FALSE,Regular,Gen 6,TRUE
668,Pyroar,Pyroar,Fire,Normal,507,86,68,72,109,66,106,1.5,81.5,36.2,FALSE,FALSE,FALSE,FALSE,FALSE,Regular,Gen 6,TRUE
671,Florges,Florges,Fairy,NA,552,78,65,68,112,154,75,1.1,10,8.3,FALSE,FALSE,FALSE,FALSE,FALSE,Regular,Gen 6,FALSE
673,Gogoat,Gogoat,Grass,NA,531,123,100,62,97,81,68,1.7,91,31.5,FALSE,FALSE,FALSE,FALSE,FALSE,Regular,Gen 6,FALSE
675,Pangoro,Pangoro,Fighting,Dark,495,95,124,78,69,71,58,2.1,136,30.8,FALSE,FALSE,FALSE,FALSE,FALSE,Regular,Gen 6,TRUE
676,Furfrou,Furfrou,Normal,NA,472,75,80,60,65,90,102,1.2,28,19.4,FALSE,FALSE,FALSE,FALSE,FALSE,Regular,Gen 6,FALSE
678,MeowsticMale,MeowsticMale,Psychic,NA,466,74,48,76,83,81,104,0.6,8.5,23.6,FALSE,FALSE,FALSE,FALSE,FALSE,Regular,Gen 6,FALSE
678,MeowsticFemale,MeowsticFemale,Psychic,NA,466,74,48,76,83,81,104,0.6,8.5,23.6,FALSE,FALSE,FALSE,FALSE,FALSE,Regular,Gen 6,FALSE
681,AegislashShield Forme,AegislashShield Forme,Steel,Ghost,500,60,50,140,50,140,60,1.7,53,18.3,FALSE,FALSE,FALSE,FALSE,FALSE,Regular,Gen 6,TRUE
681,AegislashBlade Forme,AegislashBlade Forme,Steel,Ghost,500,60,140,50,140,50,60,1.7,53,18.3,FALSE,FALSE,FALSE,FALSE,FALSE,Regular,Gen 6,TRUE
683,Aromatisse,Aromatisse,Fairy,NA,462,101,72,72,99,89,29,0.8,15.5,24.2,FALSE,FALSE,FALSE,FALSE,FALSE,Regular,Gen 6,FALSE
685,Slurpuff,Slurpuff,Fairy,NA,480,82,80,86,85,75,72,0.8,5,7.8,FALSE,FALSE,FALSE,FALSE,FALSE,Regular,Gen 6,FALSE
687,MalamarMega Malamar,Mega Malamar,Dark,Psychic,582,86,102,88,98,120,88,2.9,69.8,8.3,FALSE,FALSE,FALSE,FALSE,FALSE,Regular,Gen 6,TRUE
687,Malamar,Malamar,Dark,Psychic,482,86,92,88,68,75,73,1.5,47,20.9,FALSE,FALSE,FALSE,FALSE,FALSE,Regular,Gen 6,TRUE
689,Barbaracle,Barbaracle,Rock,Water,500,72,105,115,54,86,68,1.3,96,56.8,FALSE,TRUE,FALSE,FALSE,TRUE,Mythical,Gen 6,TRUE
691,Dragalge,Dragalge,Poison,Dragon,494,65,75,90,97,123,44,1.8,81.5,25.2,FALSE,FALSE,FALSE,FALSE,FALSE,Regular,Gen 6,TRUE
693,Clawitzer,Clawitzer,Water,NA,500,71,73,88,120,89,59,1.3,35.3,20.9,FALSE,FALSE,FALSE,FALSE,FALSE,Regular,Gen 6,FALSE
695,Heliolisk,Heliolisk,Electric,Normal,481,62,55,52,109,94,109,1,21,21,FALSE,FALSE,FALSE,FALSE,FALSE,Regular,Gen 6,TRUE
697,Tyrantrum,Tyrantrum,Rock,Dragon,521,82,121,119,69,59,71,2.5,270,43.2,FALSE,FALSE,FALSE,FALSE,FALSE,Regular,Gen 6,TRUE
699,Aurorus,Aurorus,Rock,Ice,521,123,77,72,99,92,58,2.7,225,30.9,FALSE,FALSE,FALSE,FALSE,FALSE,Regular,Gen 6,TRUE
700,Sylveon,Sylveon,Fairy,NA,525,95,65,65,110,130,60,1,23.5,23.5,FALSE,FALSE,FALSE,FALSE,FALSE,Regular,Gen 6,FALSE
701,HawluchaMega Hawlucha,Mega Hawlucha,Fighting,Flying,600,78,137,100,74,93,118,1,25,25,FALSE,FALSE,FALSE,FALSE,FALSE,Regular,Gen 6,TRUE
701,Hawlucha,Hawlucha,Fighting,Flying,500,78,92,75,74,63,118,0.8,21.5,33.6,FALSE,FALSE,FALSE,FALSE,FALSE,Regular,Gen 6,TRUE
702,Dedenne,Dedenne,Electric,Fairy,431,67,58,57,81,67,101,0.2,2.2,55,FALSE,FALSE,FALSE,FALSE,FALSE,Regular,Gen 6,TRUE
703,Carbink,Carbink,Rock,Fairy,500,50,50,150,50,150,50,0.3,5.7,63.3,FALSE,FALSE,FALSE,FALSE,FALSE,Regular,Gen 6,TRUE
706,Goodra,Goodra,Dragon,NA,600,90,100,70,110,150,80,2,150.5,37.6,FALSE,FALSE,FALSE,FALSE,FALSE,Regular,Gen 6,FALSE
706,GoodraHisuian Goodra,Hisuian Goodra,Steel,Dragon,600,80,100,100,110,150,60,1.7,334.1,115.6,FALSE,FALSE,FALSE,FALSE,FALSE,Regular,Gen 6,TRUE
707,Klefki,Klefki,Steel,Fairy,470,57,80,91,80,87,75,0.2,3,75,FALSE,FALSE,FALSE,FALSE,FALSE,Regular,Gen 6,TRUE
709,Trevenant,Trevenant,Ghost,Grass,474,85,110,76,65,82,56,1.5,71,31.6,FALSE,FALSE,FALSE,FALSE,FALSE,Regular,Gen 6,TRUE
711,GourgeistLarge Size,GourgeistLarge Size,Ghost,Grass,494,75,95,122,58,75,69,1.1,14,11.6,FALSE,FALSE,FALSE,FALSE,FALSE,Regular,Gen 6,TRUE
711,GourgeistSuper Size,GourgeistSuper Size,Ghost,Grass,494,85,100,122,58,75,54,1.7,39,13.5,FALSE,FALSE,FALSE,FALSE,FALSE,Regular,Gen 6,TRUE
711,GourgeistAverage Size,GourgeistAverage Size,Ghost,Grass,494,65,90,122,58,75,84,0.9,12.5,15.4,FALSE,FALSE,FALSE,FALSE,FALSE,Regular,Gen 6,TRUE
711,GourgeistSmall Size,GourgeistSmall Size,Ghost,Grass,494,55,85,122,58,75,99,0.7,9.5,19.4,FALSE,FALSE,FALSE,FALSE,FALSE,Regular,Gen 6,TRUE
713,Avalugg,Avalugg,Ice,NA,514,95,117,184,44,46,28,2,505,126.3,FALSE,FALSE,FALSE,FALSE,FALSE,Regular,Gen 6,FALSE
713,AvaluggHisuian Avalugg,Hisuian Avalugg,Ice,Rock,514,95,127,184,34,36,38,1.4,262.4,133.9,FALSE,FALSE,FALSE,FALSE,FALSE,Regular,Gen 6,TRUE
715,Noivern,Noivern,Flying,Dragon,535,85,70,80,97,80,123,1.5,85,37.8,FALSE,FALSE,FALSE,FALSE,FALSE,Regular,Gen 6,TRUE
716,Xerneas,Xerneas,Fairy,NA,680,126,131,95,131,98,99,3,215,23.9,TRUE,FALSE,FALSE,FALSE,TRUE,Legendary,Gen 6,FALSE
717,Yveltal,Yveltal,Dark,Flying,680,126,131,95,131,98,99,5.8,203,6,TRUE,FALSE,FALSE,FALSE,TRUE,Legendary,Gen 6,TRUE
718,Zygarde50% Forme,Zygarde50% Forme,Dragon,Ground,600,108,100,121,81,95,95,5,305,12.2,TRUE,FALSE,FALSE,FALSE,TRUE,Legendary,Gen 6,TRUE
718,Zygarde10% Forme,Zygarde10% Forme,Dragon,Ground,486,54,100,71,61,85,115,1.2,33.5,23.3,TRUE,FALSE,FALSE,FALSE,TRUE,Legendary,Gen 6,TRUE
718,ZygardeComplete Forme,ZygardeComplete Forme,Dragon,Ground,708,216,100,121,91,95,85,4.5,610,30.1,TRUE,FALSE,FALSE,FALSE,TRUE,Legendary,Gen 6,TRUE
719,Diancie,Diancie,Rock,Fairy,600,50,100,150,100,150,50,0.7,8.8,18,FALSE,TRUE,FALSE,FALSE,TRUE,Mythical,Gen 6,TRUE
719,DiancieMega Diancie,Mega Diancie,Rock,Fairy,700,50,160,110,160,110,110,1.1,27.8,23,FALSE,TRUE,FALSE,FALSE,TRUE,Mythical,Gen 6,TRUE
720,HoopaHoopa Unbound,HoopaHoopa Unbound,Psychic,Dark,680,80,160,60,170,130,80,6.5,490,11.6,FALSE,TRUE,FALSE,FALSE,TRUE,Mythical,Gen 6,TRUE
720,HoopaHoopa Confined,HoopaHoopa Confined,Psychic,Ghost,600,80,110,60,150,130,70,0.5,9,36,FALSE,TRUE,FALSE,FALSE,TRUE,Mythical,Gen 6,TRUE
721,Volcanion,Volcanion,Fire,Water,600,80,110,120,130,90,70,1.7,195,67.5,FALSE,TRUE,FALSE,FALSE,TRUE,Mythical,Gen 6,TRUE
724,Decidueye,Decidueye,Grass,Ghost,530,78,107,75,100,100,70,1.6,36.6,14.3,FALSE,FALSE,FALSE,FALSE,FALSE,Regular,Gen 7,TRUE
724,DecidueyeHisuian Decidueye,Hisuian Decidueye,Grass,Fighting,530,88,112,80,95,95,60,1.6,37,14.5,FALSE,FALSE,FALSE,FALSE,FALSE,Regular,Gen 7,TRUE
727,Incineroar,Incineroar,Fire,Dark,530,95,115,90,80,90,60,1.8,83,25.6,FALSE,FALSE,FALSE,FALSE,FALSE,Regular,Gen 7,TRUE
730,Primarina,Primarina,Water,Fairy,530,80,74,74,126,116,60,1.8,44,13.6,FALSE,FALSE,FALSE,FALSE,FALSE,Regular,Gen 7,TRUE
733,Toucannon,Toucannon,Normal,Flying,485,80,120,75,75,75,60,1.1,26,21.5,FALSE,FALSE,FALSE,FALSE,FALSE,Regular,Gen 7,TRUE
735,Gumshoos,Gumshoos,Normal,NA,418,88,110,60,55,60,45,0.7,14.2,29,FALSE,FALSE,FALSE,FALSE,FALSE,Regular,Gen 7,FALSE
738,Vikavolt,Vikavolt,Bug,Electric,500,77,70,90,145,75,43,1.5,45,20,FALSE,FALSE,FALSE,FALSE,FALSE,Regular,Gen 7,TRUE
740,Crabominable,Crabominable,Fighting,Ice,478,97,132,77,62,67,43,1.7,180,62.3,FALSE,FALSE,FALSE,FALSE,FALSE,Regular,Gen 7,TRUE
741,OricorioBaile Style,OricorioBaile Style,Fire,Flying,476,75,70,70,98,70,93,0.6,3.4,9.4,FALSE,FALSE,FALSE,FALSE,FALSE,Regular,Gen 7,TRUE
741,OricorioPom-Pom Style,OricorioPom-Pom Style,Electric,Flying,476,75,70,70,98,70,93,0.6,3.4,9.4,FALSE,FALSE,FALSE,FALSE,FALSE,Regular,Gen 7,TRUE
741,OricorioPa'u Style,OricorioPa'u Style,Psychic,Flying,476,75,70,70,98,70,93,0.6,3.4,9.4,FALSE,FALSE,FALSE,FALSE,FALSE,Regular,Gen 7,TRUE
741,OricorioSensu Style,OricorioSensu Style,Ghost,Flying,476,75,70,70,98,70,93,0.6,3.4,9.4,FALSE,FALSE,FALSE,FALSE,FALSE,Regular,Gen 7,TRUE
743,Ribombee,Ribombee,Bug,Fairy,464,60,55,60,95,70,124,0.2,0.5,12.5,FALSE,FALSE,FALSE,FALSE,FALSE,Regular,Gen 7,TRUE
745,LycanrocMidnight Form,LycanrocMidnight Form,Rock,NA,487,85,115,75,55,75,82,1.1,25,20.7,FALSE,FALSE,FALSE,FALSE,FALSE,Regular,Gen 7,FALSE
745,LycanrocMidday Form,LycanrocMidday Form,Rock,NA,487,75,115,65,55,65,112,0.8,25,39.1,FALSE,FALSE,FALSE,FALSE,FALSE,Regular,Gen 7,FALSE
745,LycanrocDusk Form,LycanrocDusk Form,Rock,NA,487,75,117,65,55,65,110,0.8,25,39.1,FALSE,FALSE,FALSE,FALSE,FALSE,Regular,Gen 7,FALSE
746,WishiwashiSchool Form,WishiwashiSchool Form,Water,NA,620,45,140,130,140,135,30,8.2,78.6,1.2,FALSE,FALSE,FALSE,FALSE,FALSE,Regular,Gen 7,FALSE
746,WishiwashiSolo Form,WishiwashiSolo Form,Water,NA,175,45,20,20,25,25,40,0.2,0.3,7.5,FALSE,FALSE,FALSE,FALSE,FALSE,Regular,Gen 7,FALSE
748,Toxapex,Toxapex,Poison,Water,495,50,63,152,53,142,35,0.7,14.5,29.6,FALSE,FALSE,FALSE,FALSE,FALSE,Regular,Gen 7,TRUE
750,Mudsdale,Mudsdale,Ground,NA,500,100,125,100,55,85,35,2.5,920,147.2,FALSE,FALSE,FALSE,FALSE,FALSE,Regular,Gen 7,FALSE
752,Araquanid,Araquanid,Water,Bug,454,68,70,92,50,132,42,1.8,82,25.3,FALSE,FALSE,FALSE,FALSE,FALSE,Regular,Gen 7,TRUE
754,Lurantis,Lurantis,Grass,NA,480,70,105,90,80,90,45,0.9,18.5,22.8,FALSE,FALSE,FALSE,FALSE,FALSE,Regular,Gen 7,FALSE
756,Shiinotic,Shiinotic,Grass,Fairy,405,60,45,80,90,100,30,1,11.5,11.5,FALSE,FALSE,FALSE,FALSE,FALSE,Regular,Gen 7,TRUE
758,Salazzle,Salazzle,Poison,Fire,480,68,64,60,111,60,117,1.2,22.2,15.4,FALSE,FALSE,FALSE,FALSE,FALSE,Regular,Gen 7,TRUE
760,Bewear,Bewear,Normal,Fighting,500,120,125,80,55,60,60,2.1,135,30.6,FALSE,FALSE,FALSE,FALSE,FALSE,Regular,Gen 7,TRUE
763,Tsareena,Tsareena,Grass,NA,510,72,120,98,50,98,72,1.2,21.4,14.9,FALSE,FALSE,FALSE,FALSE,FALSE,Regular,Gen 7,FALSE
764,Comfey,Comfey,Fairy,NA,485,51,52,90,82,110,100,0.1,0.3,30,FALSE,FALSE,FALSE,FALSE,FALSE,Regular,Gen 7,FALSE
765,Oranguru,Oranguru,Normal,Psychic,490,90,60,80,90,110,60,1.5,76,33.8,FALSE,FALSE,FALSE,FALSE,FALSE,Regular,Gen 7,TRUE
766,Passimian,Passimian,Fighting,NA,490,100,120,90,40,60,80,2,82.8,20.7,FALSE,FALSE,FALSE,FALSE,FALSE,Regular,Gen 7,FALSE
768,Golisopod,Golisopod,Bug,Water,530,75,125,140,60,90,40,2,108,27,FALSE,FALSE,FALSE,FALSE,FALSE,Regular,Gen 7,TRUE
770,Palossand,Palossand,Ghost,Ground,480,85,75,110,100,75,35,1.3,250,147.9,FALSE,FALSE,FALSE,FALSE,FALSE,Regular,Gen 7,TRUE
771,Pyukumuku,Pyukumuku,Water,NA,410,55,60,130,30,130,5,0.3,1.2,13.3,FALSE,FALSE,FALSE,FALSE,FALSE,Regular,Gen 7,FALSE
773,Silvally,Silvally,Normal,NA,570,95,95,95,95,95,95,2.3,100.5,19,TRUE,FALSE,FALSE,FALSE,TRUE,Legendary,Gen 7,FALSE
774,MiniorCore Form,MiniorCore Form,Rock,Flying,500,60,100,60,100,60,120,0.3,0.3,3.3,FALSE,FALSE,FALSE,FALSE,FALSE,Regular,Gen 7,TRUE
774,MiniorMeteor Form,MiniorMeteor Form,Rock,Flying,440,60,60,100,60,100,60,0.3,40,444.4,FALSE,FALSE,FALSE,FALSE,FALSE,Regular,Gen 7,TRUE
775,Komala,Komala,Normal,NA,480,65,115,65,75,95,65,0.4,19.9,124.4,FALSE,FALSE,FALSE,FALSE,FALSE,Regular,Gen 7,FALSE
776,Turtonator,Turtonator,Fire,Dragon,485,60,78,135,91,85,36,2,212,53,FALSE,FALSE,FALSE,FALSE,FALSE,Regular,Gen 7,TRUE
777,Togedemaru,Togedemaru,Electric,Steel,435,65,98,63,40,73,96,0.3,3.3,36.7,FALSE,FALSE,FALSE,FALSE,FALSE,Regular,Gen 7,TRUE
778,Mimikyu,Mimikyu,Ghost,Fairy,476,55,90,80,50,105,96,0.2,0.7,17.5,FALSE,FALSE,FALSE,FALSE,FALSE,Regular,Gen 7,TRUE
779,Bruxish,Bruxish,Water,Psychic,475,68,105,70,70,70,92,0.9,19,23.5,FALSE,FALSE,FALSE,FALSE,FALSE,Regular,Gen 7,TRUE
780,Drampa,Drampa,Normal,Dragon,485,78,60,85,135,91,36,3,185,20.6,FALSE,FALSE,FALSE,FALSE,FALSE,Regular,Gen 7,TRUE
781,Dhelmise,Dhelmise,Ghost,Grass,517,70,131,100,86,90,40,3.9,210,13.8,FALSE,FALSE,FALSE,FALSE,FALSE,Regular,Gen 7,TRUE
784,Kommo-o,Kommo-o,Dragon,Fighting,600,75,110,125,100,105,85,1.6,78.2,30.5,FALSE,FALSE,FALSE,FALSE,FALSE,Regular,Gen 7,TRUE
785,Tapu Koko,Tapu Koko,Electric,Fairy,570,70,115,85,95,75,130,1.8,20.5,6.3,TRUE,FALSE,FALSE,FALSE,TRUE,Legendary,Gen 7,TRUE
786,Tapu Lele,Tapu Lele,Psychic,Fairy,570,70,85,75,130,115,95,1.2,18.6,12.9,TRUE,FALSE,FALSE,FALSE,TRUE,Legendary,Gen 7,TRUE
787,Tapu Bulu,Tapu Bulu,Grass,Fairy,570,70,130,115,85,95,75,1.9,45.5,12.6,TRUE,FALSE,FALSE,FALSE,TRUE,Legendary,Gen 7,TRUE
788,Tapu Fini,Tapu Fini,Water,Fairy,570,70,75,115,95,130,85,1.3,21.2,12.5,TRUE,FALSE,FALSE,FALSE,TRUE,Legendary,Gen 7,TRUE
791,Solgaleo,Solgaleo,Psychic,Steel,680,137,137,107,113,89,97,3.4,230,19.9,TRUE,FALSE,FALSE,FALSE,TRUE,Legendary,Gen 7,TRUE
792,Lunala,Lunala,Psychic,Ghost,680,137,113,89,137,107,97,4,120,7.5,TRUE,FALSE,FALSE,FALSE,TRUE,Legendary,Gen 7,TRUE
793,Nihilego,Nihilego,Rock,Poison,570,109,53,47,127,131,103,1.2,55.5,38.5,FALSE,FALSE,FALSE,TRUE,TRUE,Ultra Beast,Gen 7,TRUE
794,Buzzwole,Buzzwole,Bug,Fighting,570,107,139,139,53,53,79,2.4,333.6,57.9,FALSE,FALSE,FALSE,TRUE,TRUE,Ultra Beast,Gen 7,TRUE
795,Pheromosa,Pheromosa,Bug,Fighting,570,71,137,37,137,37,151,1.8,25,7.7,FALSE,FALSE,FALSE,TRUE,TRUE,Ultra Beast,Gen 7,TRUE
796,Xurkitree,Xurkitree,Electric,NA,570,83,89,71,173,71,83,3.8,100,6.9,FALSE,FALSE,FALSE,TRUE,TRUE,Ultra Beast,Gen 7,FALSE
797,Celesteela,Celesteela,Steel,Flying,570,97,101,103,107,101,61,9.2,999.9,11.8,FALSE,FALSE,FALSE,TRUE,TRUE,Ultra Beast,Gen 7,TRUE
798,Kartana,Kartana,Grass,Steel,570,59,181,131,59,31,109,0.3,0.1,1.1,FALSE,FALSE,FALSE,TRUE,TRUE,Ultra Beast,Gen 7,TRUE
799,Guzzlord,Guzzlord,Dark,Dragon,570,223,101,53,97,53,43,5.5,888,29.4,FALSE,FALSE,FALSE,TRUE,TRUE,Ultra Beast,Gen 7,TRUE
800,NecrozmaUltra Necrozma,Ultra Necrozma,Psychic,Dragon,754,97,167,97,167,97,129,7.5,230,4.1,TRUE,FALSE,FALSE,FALSE,TRUE,Legendary,Gen 7,TRUE
800,NecrozmaDawn Wings Necrozma,NecrozmaDawn Wings Necrozma,Psychic,Ghost,680,97,113,109,157,127,77,4.2,350,19.8,TRUE,FALSE,FALSE,FALSE,TRUE,Legendary,Gen 7,TRUE
800,NecrozmaDusk Mane Necrozma,NecrozmaDusk Mane Necrozma,Psychic,Steel,680,97,157,127,113,109,77,3.8,460,31.9,TRUE,FALSE,FALSE,FALSE,TRUE,Legendary,Gen 7,TRUE
800,Necrozma,Necrozma,Psychic,NA,600,97,107,101,127,89,79,2.4,230,39.9,TRUE,FALSE,FALSE,FALSE,TRUE,Legendary,Gen 7,FALSE
801,Magearna,Magearna,Steel,Fairy,600,80,95,115,130,115,65,1,80.5,80.5,FALSE,TRUE,FALSE,FALSE,TRUE,Mythical,Gen 7,TRUE
802,Marshadow,Marshadow,Fighting,Ghost,600,90,125,80,90,90,125,0.7,22.2,45.3,FALSE,TRUE,FALSE,FALSE,TRUE,Mythical,Gen 7,TRUE
804,Naganadel,Naganadel,Poison,Dragon,540,73,73,73,127,73,121,3.6,150,11.6,FALSE,FALSE,FALSE,TRUE,TRUE,Ultra Beast,Gen 7,TRUE
805,Stakataka,Stakataka,Rock,Steel,570,61,131,211,53,101,13,5.5,820,27.1,FALSE,FALSE,FALSE,TRUE,TRUE,Ultra Beast,Gen 7,TRUE
806,Blacephalon,Blacephalon,Fire,Ghost,570,53,127,53,151,79,107,1.8,13,4,FALSE,FALSE,FALSE,TRUE,TRUE,Ultra Beast,Gen 7,TRUE
807,Zeraora,Zeraora,Electric,NA,600,88,112,75,102,80,143,1.5,44.5,19.8,FALSE,TRUE,FALSE,FALSE,TRUE,Mythical,Gen 7,FALSE
809,Melmetal,Melmetal,Steel,NA,600,135,143,143,80,65,34,2.5,800,128,FALSE,TRUE,FALSE,FALSE,TRUE,Mythical,Gen 7,FALSE
812,Rillaboom,Rillaboom,Grass,NA,530,100,125,90,60,70,85,2.1,90,20.4,FALSE,FALSE,FALSE,FALSE,FALSE,Regular,Gen 8,FALSE
815,Cinderace,Cinderace,Fire,NA,530,80,116,75,65,75,119,1.4,33,16.8,FALSE,FALSE,FALSE,FALSE,FALSE,Regular,Gen 8,FALSE
818,Inteleon,Inteleon,Water,NA,530,70,85,65,125,65,120,1.9,45.2,12.5,FALSE,FALSE,FALSE,FALSE,FALSE,Regular,Gen 8,FALSE
820,Greedent,Greedent,Normal,NA,460,120,95,95,55,75,20,0.6,6,16.7,FALSE,FALSE,FALSE,FALSE,FALSE,Regular,Gen 8,FALSE
823,Corviknight,Corviknight,Flying,Steel,495,98,87,105,53,85,67,2.2,75,15.5,FALSE,FALSE,FALSE,FALSE,FALSE,Regular,Gen 8,TRUE
826,Orbeetle,Orbeetle,Bug,Psychic,505,60,45,110,80,120,90,0.4,40.8,255,FALSE,FALSE,FALSE,FALSE,FALSE,Regular,Gen 8,TRUE
828,Thievul,Thievul,Dark,NA,455,70,58,58,87,92,90,1.2,19.9,13.8,FALSE,FALSE,FALSE,FALSE,FALSE,Regular,Gen 8,FALSE
830,Eldegoss,Eldegoss,Grass,NA,460,60,50,90,80,120,60,0.5,2.5,10,FALSE,FALSE,FALSE,FALSE,FALSE,Regular,Gen 8,FALSE
832,Dubwool,Dubwool,Normal,NA,490,72,80,100,60,90,88,1.3,43,25.4,FALSE,FALSE,FALSE,FALSE,FALSE,Regular,Gen 8,FALSE
834,Drednaw,Drednaw,Water,Rock,485,90,115,90,48,68,74,1,115.5,115.5,FALSE,FALSE,FALSE,FALSE,FALSE,Regular,Gen 8,TRUE
836,Boltund,Boltund,Electric,NA,490,69,90,60,90,60,121,1,34,34,FALSE,FALSE,FALSE,FALSE,FALSE,Regular,Gen 8,FALSE
839,Coalossal,Coalossal,Rock,Fire,510,110,80,120,80,90,30,2.8,310.5,39.6,FALSE,FALSE,FALSE,FALSE,FALSE,Regular,Gen 8,TRUE
841,Flapple,Flapple,Grass,Dragon,485,70,110,80,95,60,70,0.3,1,11.1,FALSE,FALSE,FALSE,FALSE,FALSE,Regular,Gen 8,TRUE
842,Appletun,Appletun,Grass,Dragon,485,110,85,80,100,80,30,0.4,13,81.3,FALSE,FALSE,FALSE,FALSE,FALSE,Regular,Gen 8,TRUE
844,Sandaconda,Sandaconda,Ground,NA,510,72,107,125,65,70,71,3.8,65.5,4.5,FALSE,FALSE,FALSE,FALSE,FALSE,Regular,Gen 8,FALSE
845,Cramorant,Cramorant,Flying,Water,475,70,85,55,85,95,85,0.8,18,28.1,FALSE,FALSE,FALSE,FALSE,FALSE,Regular,Gen 8,TRUE
847,Barraskewda,Barraskewda,Water,NA,490,61,123,60,60,50,136,1.3,30,17.8,FALSE,FALSE,FALSE,FALSE,FALSE,Regular,Gen 8,FALSE
849,ToxtricityAmped Form,ToxtricityAmped Form,Electric,Poison,502,75,98,70,114,70,75,1.6,40,15.6,FALSE,FALSE,FALSE,FALSE,FALSE,Regular,Gen 8,TRUE
849,ToxtricityLow Key Form,ToxtricityLow Key Form,Electric,Poison,502,75,98,70,114,70,75,1.6,40,15.6,FALSE,FALSE,FALSE,FALSE,FALSE,Regular,Gen 8,TRUE
851,Centiskorch,Centiskorch,Fire,Bug,525,100,115,65,90,90,65,3,120,13.3,FALSE,FALSE,FALSE,FALSE,FALSE,Regular,Gen 8,TRUE
853,Grapploct,Grapploct,Fighting,NA,480,80,118,90,70,80,42,1.6,39,15.2,FALSE,FALSE,FALSE,FALSE,FALSE,Regular,Gen 8,FALSE
855,Polteageist,Polteageist,Ghost,NA,508,60,65,65,134,114,70,0.2,0.4,10,FALSE,FALSE,FALSE,FALSE,FALSE,Regular,Gen 8,FALSE
858,Hatterene,Hatterene,Psychic,Fairy,510,57,90,95,136,103,29,2.1,5.1,1.2,FALSE,FALSE,FALSE,FALSE,FALSE,Regular,Gen 8,TRUE
861,Grimmsnarl,Grimmsnarl,Dark,Fairy,510,95,120,65,95,75,60,1.5,61,27.1,FALSE,FALSE,FALSE,FALSE,FALSE,Regular,Gen 8,TRUE
862,Obstagoon,Obstagoon,Dark,Normal,520,93,90,101,60,81,95,1.6,46,18,FALSE,FALSE,FALSE,FALSE,FALSE,Regular,Gen 8,TRUE
863,Perrserker,Perrserker,Steel,NA,440,70,110,100,50,60,50,0.8,28,43.8,FALSE,FALSE,FALSE,FALSE,FALSE,Regular,Gen 8,FALSE
864,Cursola,Cursola,Ghost,NA,510,60,95,50,145,130,30,1,0.4,0.4,FALSE,FALSE,FALSE,FALSE,FALSE,Regular,Gen 8,FALSE
865,Sirfetch'd,Sirfetch'd,Fighting,NA,507,62,135,95,68,82,65,0.8,117,182.8,FALSE,FALSE,FALSE,FALSE,FALSE,Regular,Gen 8,FALSE
866,Mr. Rime,Mr. Rime,Ice,Psychic,520,80,85,75,110,100,70,1.5,58.2,25.9,FALSE,FALSE,FALSE,FALSE,FALSE,Regular,Gen 8,TRUE
867,Runerigus,Runerigus,Ground,Ghost,483,58,95,145,50,105,30,1.6,66.6,26,FALSE,FALSE,FALSE,FALSE,FALSE,Regular,Gen 8,TRUE
869,Alcremie,Alcremie,Fairy,NA,495,65,60,75,110,121,64,0.3,0.5,5.6,FALSE,FALSE,FALSE,FALSE,FALSE,Regular,Gen 8,FALSE
870,Falinks,Falinks,Fighting,NA,470,65,100,100,70,60,75,3,62,6.9,FALSE,FALSE,FALSE,FALSE,FALSE,Regular,Gen 8,FALSE
871,Pincurchin,Pincurchin,Electric,NA,435,48,101,95,91,85,15,0.3,1,11.1,FALSE,FALSE,FALSE,FALSE,FALSE,Regular,Gen 8,FALSE
873,Frosmoth,Frosmoth,Ice,Bug,475,70,65,60,125,90,65,1.3,42,24.9,FALSE,FALSE,FALSE,FALSE,FALSE,Regular,Gen 8,TRUE
874,Stonjourner,Stonjourner,Rock,NA,470,100,125,135,20,20,70,2.5,520,83.2,FALSE,FALSE,FALSE,FALSE,FALSE,Regular,Gen 8,FALSE
875,EiscueIce Face,EiscueIce Face,Ice,NA,470,75,80,110,65,90,50,1.4,89,45.4,FALSE,FALSE,FALSE,FALSE,FALSE,Regular,Gen 8,FALSE
875,EiscueNoice Face,EiscueNoice Face,Ice,NA,470,75,80,70,65,50,130,1.4,89,45.4,FALSE,FALSE,FALSE,FALSE,FALSE,Regular,Gen 8,FALSE
876,IndeedeeMale,IndeedeeMale,Psychic,Normal,475,60,65,55,105,95,95,0.9,28,34.6,FALSE,FALSE,FALSE,FALSE,FALSE,Regular,Gen 8,TRUE
876,IndeedeeFemale,IndeedeeFemale,Psychic,Normal,475,70,55,65,95,105,85,0.9,28,34.6,FALSE,FALSE,FALSE,FALSE,FALSE,Regular,Gen 8,TRUE
877,MorpekoFull Belly Mode,MorpekoFull Belly Mode,Electric,Dark,436,58,95,58,70,58,97,0.3,3,33.3,FALSE,FALSE,FALSE,FALSE,FALSE,Regular,Gen 8,TRUE
877,MorpekoHangry Mode,MorpekoHangry Mode,Electric,Dark,436,58,95,58,70,58,97,0.3,3,33.3,FALSE,FALSE,FALSE,FALSE,FALSE,Regular,Gen 8,TRUE
879,Copperajah,Copperajah,Steel,NA,500,122,130,69,80,69,30,3,650,72.2,FALSE,FALSE,FALSE,FALSE,FALSE,Regular,Gen 8,FALSE
880,Dracozolt,Dracozolt,Electric,Dragon,505,90,100,90,80,70,75,1.8,190,58.6,FALSE,FALSE,FALSE,FALSE,FALSE,Regular,Gen 8,TRUE
881,Arctozolt,Arctozolt,Electric,Ice,505,90,100,90,90,80,55,2.3,150,28.4,FALSE,FALSE,FALSE,FALSE,FALSE,Regular,Gen 8,TRUE
882,Dracovish,Dracovish,Water,Dragon,505,90,90,100,70,80,75,2.3,215,40.6,FALSE,FALSE,FALSE,FALSE,FALSE,Regular,Gen 8,TRUE
883,Arctovish,Arctovish,Water,Ice,505,90,90,100,80,90,55,2,175,43.8,FALSE,FALSE,FALSE,FALSE,FALSE,Regular,Gen 8,TRUE
887,Dragapult,Dragapult,Dragon,Ghost,600,88,120,75,100,75,142,3,50,5.6,FALSE,FALSE,FALSE,FALSE,FALSE,Regular,Gen 8,TRUE
888,ZacianHero of Many Battles,ZacianHero of Many Battles,Fairy,NA,660,92,120,115,80,115,138,2.8,110,14,TRUE,FALSE,FALSE,FALSE,TRUE,Legendary,Gen 8,FALSE
888,ZacianCrowned Sword,ZacianCrowned Sword,Fairy,Steel,700,92,150,115,80,115,148,2.8,355,45.3,TRUE,FALSE,FALSE,FALSE,TRUE,Legendary,Gen 8,TRUE
889,ZamazentaHero of Many Battles,ZamazentaHero of Many Battles,Fighting,NA,660,92,120,115,80,115,138,2.9,210,25,TRUE,FALSE,FALSE,FALSE,TRUE,Legendary,Gen 8,FALSE
889,ZamazentaCrowned Shield,ZamazentaCrowned Shield,Fighting,Steel,700,92,120,140,80,140,128,2.9,785,93.3,TRUE,FALSE,FALSE,FALSE,TRUE,Legendary,Gen 8,TRUE
890,Eternatus,Eternatus,Poison,Dragon,690,140,85,95,145,95,130,20,950,2.4,TRUE,FALSE,FALSE,FALSE,TRUE,Legendary,Gen 8,TRUE
892,UrshifuSingle Strike Style,UrshifuSingle Strike Style,Fighting,Dark,550,100,130,100,63,60,97,1.9,105,29.1,TRUE,FALSE,FALSE,FALSE,TRUE,Legendary,Gen 8,TRUE
892,UrshifuRapid Strike Style,UrshifuRapid Strike Style,Fighting,Water,550,100,130,100,63,60,97,1.9,105,29.1,TRUE,FALSE,FALSE,FALSE,TRUE,Legendary,Gen 8,TRUE
893,Zarude,Zarude,Dark,Grass,600,105,120,105,70,95,105,1.8,70,21.6,FALSE,TRUE,FALSE,FALSE,TRUE,Mythical,Gen 8,TRUE
894,Regieleki,Regieleki,Electric,NA,580,80,100,50,100,50,200,1.2,145,100.7,TRUE,FALSE,FALSE,FALSE,TRUE,Legendary,Gen 8,FALSE
895,Regidrago,Regidrago,Dragon,NA,580,200,100,50,100,50,80,2.1,200,45.4,TRUE,FALSE,FALSE,FALSE,TRUE,Legendary,Gen 8,FALSE
896,Glastrier,Glastrier,Ice,NA,580,100,145,130,65,110,30,2.2,800,165.3,TRUE,FALSE,FALSE,FALSE,TRUE,Legendary,Gen 8,FALSE
897,Spectrier,Spectrier,Ghost,NA,580,100,65,60,145,80,130,2,44.5,11.1,TRUE,FALSE,FALSE,FALSE,TRUE,Legendary,Gen 8,FALSE
898,Calyrex,Calyrex,Psychic,Grass,500,100,80,80,80,80,80,1.1,7.7,6.4,TRUE,FALSE,FALSE,FALSE,TRUE,Legendary,Gen 8,TRUE
898,CalyrexShadow Rider,CalyrexShadow Rider,Psychic,Ghost,680,100,85,80,165,100,150,2.4,53.6,9.3,TRUE,FALSE,FALSE,FALSE,TRUE,Legendary,Gen 8,TRUE
898,CalyrexIce Rider,CalyrexIce Rider,Psychic,Ice,680,100,165,150,85,130,50,2.4,809.1,140.5,TRUE,FALSE,FALSE,FALSE,TRUE,Legendary,Gen 8,TRUE
899,Wyrdeer,Wyrdeer,Normal,Psychic,525,103,105,72,105,75,65,1.8,95.1,29.4,FALSE,FALSE,FALSE,FALSE,FALSE,Regular,Gen 8,TRUE
900,Kleavor,Kleavor,Bug,Rock,500,70,135,95,45,70,85,1.8,89,27.5,FALSE,FALSE,FALSE,FALSE,FALSE,Regular,Gen 8,TRUE
901,UrsalunaBloodmoon,UrsalunaBloodmoon,Ground,Normal,555,113,70,120,135,65,52,2.7,333,45.7,FALSE,FALSE,FALSE,FALSE,FALSE,Regular,Gen 8,TRUE
901,Ursaluna,Ursaluna,Ground,Normal,550,130,140,105,45,80,50,2.4,290,50.3,FALSE,FALSE,FALSE,FALSE,FALSE,Regular,Gen 8,TRUE
902,BasculegionMale,BasculegionMale,Water,Ghost,530,120,112,65,80,75,78,3,110,12.2,FALSE,FALSE,FALSE,FALSE,FALSE,Regular,Gen 8,TRUE
902,BasculegionFemale,BasculegionFemale,Water,Ghost,530,120,92,65,100,75,78,3,110,12.2,FALSE,FALSE,FALSE,FALSE,FALSE,Regular,Gen 8,TRUE
903,Sneasler,Sneasler,Fighting,Poison,510,80,130,60,40,80,120,1.3,43,25.4,FALSE,FALSE,FALSE,FALSE,FALSE,Regular,Gen 8,TRUE
904,Overqwil,Overqwil,Dark,Poison,510,85,115,95,65,65,85,2.5,60.5,9.7,FALSE,FALSE,FALSE,FALSE,FALSE,Regular,Gen 8,TRUE
905,EnamorusIncarnate Forme,EnamorusIncarnate Forme,Fairy,Flying,580,74,115,70,135,80,106,1.6,48,18.8,TRUE,FALSE,FALSE,FALSE,TRUE,Legendary,Gen 8,TRUE
905,EnamorusTherian Forme,EnamorusTherian Forme,Fairy,Flying,580,74,115,110,135,100,46,1.6,48,18.8,TRUE,FALSE,FALSE,FALSE,TRUE,Legendary,Gen 8,TRUE
908,Meowscarada,Meowscarada,Grass,Dark,530,76,110,70,81,70,123,1.5,31.2,13.9,FALSE,FALSE,FALSE,FALSE,FALSE,Regular,Gen 9,TRUE
911,Skeledirge,Skeledirge,Fire,Ghost,530,104,75,100,110,75,66,1.6,326.5,127.5,FALSE,FALSE,FALSE,FALSE,FALSE,Regular,Gen 9,TRUE
914,Quaquaval,Quaquaval,Water,Fighting,530,85,120,80,85,75,85,1.8,61.9,19.1,FALSE,FALSE,FALSE,FALSE,FALSE,Regular,Gen 9,TRUE
916,OinkologneMale,OinkologneMale,Normal,NA,489,110,100,75,59,80,65,1,120,120,FALSE,FALSE,FALSE,FALSE,FALSE,Regular,Gen 9,FALSE
916,OinkologneFemale,OinkologneFemale,Normal,NA,489,115,90,70,59,90,65,1,120,120,FALSE,FALSE,FALSE,FALSE,FALSE,Regular,Gen 9,FALSE
918,Spidops,Spidops,Bug,NA,404,60,79,92,52,86,35,1,16.5,16.5,FALSE,FALSE,FALSE,FALSE,FALSE,Regular,Gen 9,FALSE
920,Lokix,Lokix,Bug,Dark,450,71,102,78,52,55,92,1,17.5,17.5,FALSE,FALSE,FALSE,FALSE,FALSE,Regular,Gen 9,TRUE
923,Pawmot,Pawmot,Electric,Fighting,490,70,115,70,70,60,105,0.9,41,50.6,FALSE,FALSE,FALSE,FALSE,FALSE,Regular,Gen 9,TRUE
925,MausholdFamily of Three,MausholdFamily of Three,Normal,NA,470,74,75,70,65,75,111,0.3,2.3,25.6,FALSE,FALSE,FALSE,FALSE,FALSE,Regular,Gen 9,FALSE
925,MausholdFamily of Four,MausholdFamily of Four,Normal,NA,470,74,75,70,65,75,111,0.3,2.8,31.1,FALSE,FALSE,FALSE,FALSE,FALSE,Regular,Gen 9,FALSE
927,Dachsbun,Dachsbun,Fairy,NA,477,57,80,115,50,80,95,0.5,14.9,59.6,FALSE,FALSE,FALSE,FALSE,FALSE,Regular,Gen 9,FALSE
930,Arboliva,Arboliva,Grass,Normal,510,78,69,90,125,109,39,1.4,48.2,24.6,FALSE,FALSE,FALSE,FALSE,FALSE,Regular,Gen 9,TRUE
931,SquawkabillyGreen Plumage,SquawkabillyGreen Plumage,Normal,Flying,417,82,96,51,45,51,92,0.6,2.4,6.7,FALSE,FALSE,FALSE,FALSE,FALSE,Regular,Gen 9,TRUE
931,SquawkabillyBlue Plumage,SquawkabillyBlue Plumage,Normal,Flying,417,82,96,51,45,51,92,0.6,2.4,6.7,FALSE,FALSE,FALSE,FALSE,FALSE,Regular,Gen 9,TRUE
931,SquawkabillyYellow Plumage,SquawkabillyYellow Plumage,Normal,Flying,417,82,96,51,45,51,92,0.6,2.4,6.7,FALSE,FALSE,FALSE,FALSE,FALSE,Regular,Gen 9,TRUE
931,SquawkabillyWhite Plumage,SquawkabillyWhite Plumage,Normal,Flying,417,82,96,51,45,51,92,0.6,2.4,6.7,FALSE,FALSE,FALSE,FALSE,FALSE,Regular,Gen 9,TRUE
934,Garganacl,Garganacl,Rock,NA,500,100,100,130,45,90,35,2.3,240,45.4,FALSE,FALSE,FALSE,FALSE,FALSE,Regular,Gen 9,FALSE
936,Armarouge,Armarouge,Fire,Psychic,525,85,60,100,125,80,75,1.5,85,37.8,FALSE,FALSE,FALSE,FALSE,FALSE,Regular,Gen 9,TRUE
937,Ceruledge,Ceruledge,Fire,Ghost,525,75,125,80,60,100,85,1.6,62,24.2,FALSE,FALSE,FALSE,FALSE,FALSE,Regular,Gen 9,TRUE
939,Bellibolt,Bellibolt,Electric,NA,495,109,64,91,103,83,45,1.2,113,78.5,FALSE,FALSE,FALSE,FALSE,FALSE,Regular,Gen 9,FALSE
941,Kilowattrel,Kilowattrel,Electric,Flying,490,70,70,60,105,60,125,1.4,38.6,19.7,FALSE,FALSE,FALSE,FALSE,FALSE,Regular,Gen 9,TRUE
943,Mabosstiff,Mabosstiff,Dark,NA,505,80,120,90,60,70,85,1.1,61,50.4,FALSE,FALSE,FALSE,FALSE,FALSE,Regular,Gen 9,FALSE
945,Grafaiai,Grafaiai,Poison,Normal,485,63,95,65,80,72,110,0.7,27.2,55.5,FALSE,FALSE,FALSE,FALSE,FALSE,Regular,Gen 9,TRUE
947,Brambleghast,Brambleghast,Grass,Ghost,480,55,115,70,80,70,90,1.2,6,4.2,FALSE,FALSE,FALSE,FALSE,FALSE,Regular,Gen 9,TRUE
949,Toedscruel,Toedscruel,Ground,Grass,515,80,70,65,80,120,100,1.9,58,16.1,FALSE,FALSE,FALSE,FALSE,FALSE,Regular,Gen 9,TRUE
950,Klawf,Klawf,Rock,NA,450,70,100,115,35,55,75,1.3,79,46.7,FALSE,FALSE,FALSE,FALSE,FALSE,Regular,Gen 9,FALSE
952,Scovillain,Scovillain,Grass,Fire,486,65,108,65,108,65,75,0.9,15,18.5,FALSE,FALSE,FALSE,FALSE,FALSE,Regular,Gen 9,TRUE
954,Rabsca,Rabsca,Bug,Psychic,470,75,50,85,115,100,45,0.3,3.5,38.9,FALSE,FALSE,FALSE,FALSE,FALSE,Regular,Gen 9,TRUE
956,Espathra,Espathra,Psychic,NA,481,95,60,60,101,60,105,1.9,90,24.9,FALSE,FALSE,FALSE,FALSE,FALSE,Regular,Gen 9,FALSE
959,Tinkaton,Tinkaton,Fairy,Steel,506,85,75,77,70,105,94,0.7,112.8,230.2,FALSE,FALSE,FALSE,FALSE,FALSE,Regular,Gen 9,TRUE
961,Wugtrio,Wugtrio,Water,NA,425,35,100,50,50,70,120,1.2,5.4,3.8,FALSE,FALSE,FALSE,FALSE,FALSE,Regular,Gen 9,FALSE
962,Bombirdier,Bombirdier,Flying,Dark,485,70,103,85,60,85,82,1.5,42.9,19.1,FALSE,FALSE,FALSE,FALSE,FALSE,Regular,Gen 9,TRUE
964,PalafinHero Form,PalafinHero Form,Water,NA,650,100,160,97,106,87,100,1.8,97.4,30.1,FALSE,FALSE,FALSE,FALSE,FALSE,Regular,Gen 9,FALSE
964,PalafinZero Form,PalafinZero Form,Water,NA,457,100,70,72,53,62,100,1.3,60.2,35.6,FALSE,FALSE,FALSE,FALSE,FALSE,Regular,Gen 9,FALSE
966,Revavroom,Revavroom,Steel,Poison,500,80,119,90,54,67,90,1.8,120,37,FALSE,FALSE,FALSE,FALSE,FALSE,Regular,Gen 9,TRUE
967,Cyclizar,Cyclizar,Dragon,Normal,501,70,95,65,85,65,121,1.6,63,24.6,FALSE,FALSE,FALSE,FALSE,FALSE,Regular,Gen 9,TRUE
968,Orthworm,Orthworm,Steel,NA,480,70,85,145,60,55,65,2.5,310,49.6,FALSE,FALSE,FALSE,FALSE,FALSE,Regular,Gen 9,FALSE
970,Glimmora,Glimmora,Rock,Poison,525,83,55,90,130,81,86,1.5,45,20,FALSE,FALSE,FALSE,FALSE,FALSE,Regular,Gen 9,TRUE
972,Houndstone,Houndstone,Ghost,NA,488,72,101,100,50,97,68,2,15,3.8,FALSE,FALSE,FALSE,FALSE,FALSE,Regular,Gen 9,FALSE
973,Flamigo,Flamigo,Flying,Fighting,500,82,115,74,75,64,90,1.6,37,14.5,FALSE,FALSE,FALSE,FALSE,FALSE,Regular,Gen 9,TRUE
975,Cetitan,Cetitan,Ice,NA,521,170,113,65,45,55,73,4.5,700,34.6,FALSE,FALSE,FALSE,FALSE,FALSE,Regular,Gen 9,FALSE
976,Veluza,Veluza,Water,Psychic,478,90,102,73,78,65,70,2.5,90,14.4,FALSE,FALSE,FALSE,FALSE,FALSE,Regular,Gen 9,TRUE
977,Dondozo,Dondozo,Water,NA,530,150,100,115,65,65,35,12,220,1.5,FALSE,FALSE,FALSE,FALSE,FALSE,Regular,Gen 9,FALSE
978,TatsugiriCurly Form,TatsugiriCurly Form,Dragon,Water,475,68,50,60,120,95,82,0.3,8,88.9,FALSE,FALSE,FALSE,FALSE,FALSE,Regular,Gen 9,TRUE
978,TatsugiriDroopy Form,TatsugiriDroopy Form,Dragon,Water,475,68,50,60,120,95,82,0.3,8,88.9,FALSE,FALSE,FALSE,FALSE,FALSE,Regular,Gen 9,TRUE
978,TatsugiriStretchy Form,TatsugiriStretchy Form,Dragon,Water,475,68,50,60,120,95,82,0.3,8,88.9,FALSE,FALSE,FALSE,FALSE,FALSE,Regular,Gen 9,TRUE
979,Annihilape,Annihilape,Fighting,Ghost,535,110,115,80,50,90,90,1.2,56,38.9,FALSE,FALSE,FALSE,FALSE,FALSE,Regular,Gen 9,TRUE
980,Clodsire,Clodsire,Poison,Ground,430,130,75,60,45,100,20,1.8,223,68.8,FALSE,FALSE,FALSE,FALSE,FALSE,Regular,Gen 9,TRUE
981,Farigiraf,Farigiraf,Normal,Psychic,520,120,90,70,110,70,60,3.2,160,15.6,FALSE,FALSE,FALSE,FALSE,FALSE,Regular,Gen 9,TRUE
982,DudunsparceThree-Segment Form,DudunsparceThree-Segment Form,Normal,NA,520,125,100,80,85,75,55,4.5,47.4,2.3,FALSE,FALSE,FALSE,FALSE,FALSE,Regular,Gen 9,FALSE
982,DudunsparceTwo-Segment Form,DudunsparceTwo-Segment Form,Normal,NA,520,125,100,80,85,75,55,3.6,39.2,3,FALSE,FALSE,FALSE,FALSE,FALSE,Regular,Gen 9,FALSE
983,Kingambit,Kingambit,Dark,Steel,550,100,135,120,60,85,50,2,120,30,FALSE,FALSE,FALSE,FALSE,FALSE,Regular,Gen 9,TRUE
984,Great Tusk,Great Tusk,Ground,Fighting,570,115,131,131,53,53,87,2.2,320,66.1,FALSE,FALSE,TRUE,FALSE,TRUE,Paradox,Gen 9,TRUE
985,Scream Tail,Scream Tail,Fairy,Psychic,570,115,65,99,65,115,111,1.2,8,5.6,FALSE,FALSE,TRUE,FALSE,TRUE,Paradox,Gen 9,TRUE
986,Brute Bonnet,Brute Bonnet,Grass,Dark,570,111,127,99,79,99,55,1.2,21,14.6,FALSE,FALSE,TRUE,FALSE,TRUE,Paradox,Gen 9,TRUE
987,Flutter Mane,Flutter Mane,Ghost,Fairy,570,55,55,55,135,135,135,1.4,4,2,FALSE,FALSE,TRUE,FALSE,TRUE,Paradox,Gen 9,TRUE
988,Slither Wing,Slither Wing,Bug,Fighting,570,85,135,79,85,105,81,3.2,92,9,FALSE,FALSE,TRUE,FALSE,TRUE,Paradox,Gen 9,TRUE
989,Sandy Shocks,Sandy Shocks,Electric,Ground,570,85,81,97,121,85,101,2.3,60,11.3,FALSE,FALSE,TRUE,FALSE,TRUE,Paradox,Gen 9,TRUE
990,Iron Treads,Iron Treads,Ground,Steel,570,90,112,120,72,70,106,0.9,240,296.3,FALSE,FALSE,TRUE,FALSE,TRUE,Paradox,Gen 9,TRUE
991,Iron Bundle,Iron Bundle,Ice,Water,570,56,80,114,124,60,136,0.6,11,30.6,FALSE,FALSE,TRUE,FALSE,TRUE,Paradox,Gen 9,TRUE
992,Iron Hands,Iron Hands,Fighting,Electric,570,154,140,108,50,68,50,1.8,380.7,117.5,FALSE,FALSE,TRUE,FALSE,TRUE,Paradox,Gen 9,TRUE
993,Iron Jugulis,Iron Jugulis,Dark,Flying,570,94,80,86,122,80,108,1.3,111,65.7,FALSE,FALSE,TRUE,FALSE,TRUE,Paradox,Gen 9,TRUE
994,Iron Moth,Iron Moth,Fire,Poison,570,80,70,60,140,110,110,1.2,36,25,FALSE,FALSE,TRUE,FALSE,TRUE,Paradox,Gen 9,TRUE
995,Iron Thorns,Iron Thorns,Rock,Electric,570,100,134,110,70,84,72,1.6,303,118.4,FALSE,FALSE,TRUE,FALSE,TRUE,Paradox,Gen 9,TRUE
998,Baxcalibur,Baxcalibur,Dragon,Ice,600,115,145,92,75,86,87,2.1,210,47.6,FALSE,FALSE,FALSE,FALSE,FALSE,Regular,Gen 9,TRUE
1000,Gholdengo,Gholdengo,Steel,Ghost,550,87,60,95,133,91,84,1.2,30,20.8,FALSE,FALSE,FALSE,FALSE,FALSE,Regular,Gen 9,TRUE
1001,Wo-Chien,Wo-Chien,Dark,Grass,570,85,85,100,95,135,70,1.5,74.2,33,TRUE,FALSE,FALSE,FALSE,TRUE,Legendary,Gen 9,TRUE
1002,Chien-Pao,Chien-Pao,Dark,Ice,570,80,120,80,90,65,135,1.9,152.2,42.2,TRUE,FALSE,FALSE,FALSE,TRUE,Legendary,Gen 9,TRUE
1003,Ting-Lu,Ting-Lu,Dark,Ground,570,155,110,125,55,80,45,2.7,699.7,96,TRUE,FALSE,FALSE,FALSE,TRUE,Legendary,Gen 9,TRUE
1004,Chi-Yu,Chi-Yu,Dark,Fire,570,55,80,80,135,120,100,0.4,4.9,30.6,TRUE,FALSE,FALSE,FALSE,TRUE,Legendary,Gen 9,TRUE
1005,Roaring Moon,Roaring Moon,Dragon,Dark,590,105,139,71,55,101,119,2,380,95,FALSE,FALSE,TRUE,FALSE,TRUE,Paradox,Gen 9,TRUE
1006,Iron Valiant,Iron Valiant,Fairy,Fighting,590,74,130,90,120,60,116,1.4,35,17.9,FALSE,FALSE,TRUE,FALSE,TRUE,Paradox,Gen 9,TRUE
1007,Koraidon,Koraidon,Fighting,Dragon,670,100,135,115,85,100,135,2.5,303,48.5,TRUE,FALSE,TRUE,FALSE,TRUE,Legendary,Gen 9,TRUE
1008,Miraidon,Miraidon,Electric,Dragon,670,100,85,100,135,115,135,3.5,240,19.6,TRUE,FALSE,TRUE,FALSE,TRUE,Legendary,Gen 9,TRUE
1009,Walking Wake,Walking Wake,Water,Dragon,590,99,83,91,125,83,109,3.5,280,22.9,FALSE,FALSE,TRUE,FALSE,TRUE,Paradox,Gen 9,TRUE
1010,Iron Leaves,Iron Leaves,Grass,Psychic,590,90,130,88,70,108,104,1.5,125,55.6,FALSE,FALSE,TRUE,FALSE,TRUE,Paradox,Gen 9,TRUE
1013,Sinistcha,Sinistcha,Grass,Ghost,508,71,60,106,121,80,70,0.2,2.2,55,FALSE,FALSE,FALSE,FALSE,FALSE,Regular,Gen 9,TRUE
1014,Okidogi,Okidogi,Poison,Fighting,555,88,128,115,58,86,80,1.8,92,28.4,TRUE,FALSE,FALSE,FALSE,TRUE,Legendary,Gen 9,TRUE
1015,Munkidori,Munkidori,Poison,Psychic,555,88,75,66,130,90,106,1,12.2,12.2,TRUE,FALSE,FALSE,FALSE,TRUE,Legendary,Gen 9,TRUE
1016,Fezandipiti,Fezandipiti,Poison,Fairy,555,88,91,82,70,125,99,1.4,30.1,15.4,TRUE,FALSE,FALSE,FALSE,TRUE,Legendary,Gen 9,TRUE
1017,OgerponTeal Mask,OgerponTeal Mask,Grass,NA,550,80,120,84,60,96,110,1.2,39.8,27.6,TRUE,FALSE,FALSE,FALSE,TRUE,Legendary,Gen 9,FALSE
1017,OgerponWellspring Mask,OgerponWellspring Mask,Grass,Water,550,80,120,84,60,96,110,1.2,39.8,27.6,TRUE,FALSE,FALSE,FALSE,TRUE,Legendary,Gen 9,TRUE
1017,OgerponHearthflame Mask,OgerponHearthflame Mask,Grass,Fire,550,80,120,84,60,96,110,1.2,39.8,27.6,TRUE,FALSE,FALSE,FALSE,TRUE,Legendary,Gen 9,TRUE
1017,OgerponCornerstone Mask,OgerponCornerstone Mask,Grass,Rock,550,80,120,84,60,96,110,1.2,39.8,27.6,TRUE,FALSE,FALSE,FALSE,TRUE,Legendary,Gen 9,TRUE
1018,Archaludon,Archaludon,Steel,Dragon,600,90,105,130,125,65,85,2,60,15,FALSE,FALSE,FALSE,FALSE,FALSE,Regular,Gen 9,TRUE
1019,Hydrapple,Hydrapple,Grass,Dragon,540,106,80,110,120,80,44,1.8,93,28.7,FALSE,FALSE,FALSE,FALSE,FALSE,Regular,Gen 9,TRUE
1020,Gouging Fire,Gouging Fire,Fire,Dragon,590,105,115,121,65,93,91,3.5,590,48.2,FALSE,FALSE,TRUE,FALSE,TRUE,Paradox,Gen 9,TRUE
1021,Raging Bolt,Raging Bolt,Electric,Dragon,590,125,73,91,137,89,75,5.2,480,17.8,FALSE,FALSE,TRUE,FALSE,TRUE,Paradox,Gen 9,TRUE
1022,Iron Boulder,Iron Boulder,Rock,Psychic,590,90,120,80,68,108,124,1.5,162.5,72.2,FALSE,FALSE,TRUE,FALSE,TRUE,Paradox,Gen 9,TRUE
1023,Iron Crown,Iron Crown,Steel,Psychic,590,90,72,100,122,108,98,1.6,156,60.9,FALSE,FALSE,TRUE,FALSE,TRUE,Paradox,Gen 9,TRUE
1024,TerapagosStellar Form,TerapagosStellar Form,Normal,NA,700,160,105,110,130,110,85,1.7,77,26.6,TRUE,FALSE,FALSE,FALSE,TRUE,Legendary,Gen 9,FALSE
1024,TerapagosNormal Form,TerapagosNormal Form,Normal,NA,450,90,65,85,65,85,60,0.2,6.5,162.5,TRUE,FALSE,FALSE,FALSE,TRUE,Legendary,Gen 9,FALSE
1024,TerapagosTerastal Form,TerapagosTerastal Form,Normal,NA,600,95,95,110,105,110,85,0.3,16,177.8,TRUE,FALSE,FALSE,FALSE,TRUE,Legendary,Gen 9,FALSE
1025,Pecharunt,Pecharunt,Poison,Ghost,600,88,88,160,88,88,88,0.3,0.3,3.3,FALSE,TRUE,FALSE,FALSE,TRUE,Mythical,Gen 9,TRUE
