def_type,atk_type,multiplier
Normal,Bug,1
Normal,Dark,1
Normal,Dragon,1
Normal,Electric,1
Normal,Fairy,1
Normal,Fighting,2
Normal,Fire,1
Normal,Flying,1
Normal,Ghost,0
Normal,Grass,1
Normal,Ground,1
Normal,Ice,1
Normal,Normal,1
Normal,Poison,1
Normal,Psychic,1
Normal,Rock,1
Normal,Steel,1
Normal,Water,1
Fire,Bug,0.5
Fire,Dark,1
Fire,Dragon,1
Fire,Electric,1
Fire,Fairy,0.5
Fire,Fighting,1
Fire,Fire,0.5
Fire,Flying,1
Fire,Ghost,1
Fire,Grass,0.5
Fire,Ground,2
Fire,Ice,0.5
Fire,Normal,1
Fire,Poison,1
Fire,Psychic,1
Fire,Rock,2
Fire,Steel,0.5
Fire,Water,2
Water,Bug,1
Water,Dark,1
Water,Dragon,1
Water,Electric,2
Water,Fairy,1
Water,Fighting,1
Water,Fire,0.5
Water,Flying,1
Water,Ghost,1
Water,Grass,2
Water,Ground,1
Water,Ice,0.5
Water,Normal,1
Water,Poison,1
Water,Psychic,1
Water,Rock,1
Water,Steel,0.5
Water,Water,0.5
Electric,Bug,1
Electric,Dark,1
Electric,Dragon,1
Electric,Electric,0.5
Electric,Fairy,1
Electric,Fighting,1
Electric,Fire,1
Electric,Flying,0.5
Electric,Ghost,1
Electric,Grass,1
Electric,Ground,2
Electric,Ice,1
Electric,Normal,1
Electric,Poison,1
Electric,Psychic,1
Electric,Rock,1
Electric,Steel,0.5
Electric,Water,1
Grass,Bug,2
Grass,Dark,1
Grass,Dragon,1
Grass,Electric,0.5
Grass,Fairy,1
Grass,Fighting,1
Grass,Fire,2
Grass,Flying,2
Grass,Ghost,1
Grass,Grass,0.5
Grass,Ground,0.5
Grass,Ice,2
Grass,Normal,1
Grass,Poison,2
Grass,Psychic,1
Grass,Rock,1
Grass,Steel,1
Grass,Water,0.5
Ice,Bug,1
Ice,Dark,1
Ice,Dragon,1
Ice,Electric,1
Ice,Fairy,1
Ice,Fighting,2
Ice,Fire,2
Ice,Flying,1
Ice,Ghost,1
Ice,Grass,1
Ice,Ground,1
Ice,Ice,0.5
Ice,Normal,1
Ice,Poison,1
Ice,Psychic,1
Ice,Rock,2
Ice,Steel,2
Ice,Water,1
Fighting,Bug,0.5
Fighting,Dark,0.5
Fighting,Dragon,1
Fighting,Electric,1
Fighting,Fairy,2
Fighting,Fighting,1
Fighting,Fire,1
Fighting,Flying,2
Fighting,Ghost,1
Fighting,Grass,1
Fighting,Ground,1
Fighting,Ice,1
Fighting,Normal,1
Fighting,Poison,1
Fighting,Psychic,2
Fighting,Rock,0.5
Fighting,Steel,1
Fighting,Water,1
Poison,Bug,0.5
Poison,Dark,1
Poison,Dragon,1
Poison,Electric,1
Poison,Fairy,0.5
Poison,Fighting,0.5
Poison,Fire,1
Poison,Flying,1
Poison,Ghost,1
Poison,Grass,0.5
Poison,Ground,2
Poison,Ice,1
Poison,Normal,1
Poison,Poison,0.5
Poison,Psychic,2
Poison,Rock,1
Poison,Steel,1
Poison,Water,1
Ground,Bug,1
Ground,Dark,1
Ground,Dragon,1
Ground,Electric,0
Ground,Fairy,1
Ground,Fighting,1
Ground,Fire,1
Ground,Flying,1
Ground,Ghost,1
Ground,Grass,2
Ground,Ground,1
Ground,Ice,2
Ground,Normal,1
Ground,Poison,0.5
Ground,Psychic,1
Ground,Rock,0.5
Ground,Steel,1
Ground,Water,2
Flying,Bug,0.5
Flying,Dark,1
Flying,Dragon,1
Flying,Electric,2
Flying,Fairy,1
Flying,Fighting,0.5
Flying,Fire,1
Flying,Flying,1
Flying,Ghost,1
Flying,Grass,0.5
Flying,Ground,0
Flying,Ice,2
Flying,Normal,1
Flying,Poison,1
Flying,Psychic,1
Flying,Rock,2
Flying,Steel,1
Flying,Water,1
Psychic,Bug,2
Psychic,Dark,2
Psychic,Dragon,1
Psychic,Electric,1
Psychic,Fairy,1
Psychic,Fighting,0.5
Psychic,Fire,1
Psychic,Flying,1
Psychic,Ghost,2
Psychic,Grass,1
Psychic,Ground,1
Psychic,Ice,1
Psychic,Normal,1
Psychic,Poison,1
Psychic,Psychic,0.5
Psychic,Rock,1
Psychic,Steel,1
Psychic,Water,1
Bug,Bug,1
Bug,Dark,1
Bug,Dragon,1
Bug,Electric,1
Bug,Fairy,1
Bug,Fighting,0.5
Bug,Fire,2
Bug,Flying,2
Bug,Ghost,1
Bug,Grass,0.5
Bug,Ground,0.5
Bug,Ice,1
Bug,Normal,1
Bug,Poison,1
Bug,Psychic,1
Bug,Rock,2
Bug,Steel,1
Bug,Water,1
Rock,Bug,1
Rock,Dark,1
Rock,Dragon,1
Rock,Electric,1
Rock,Fairy,1
Rock,Fighting,2
Rock,Fire,0.5
Rock,Flying,0.5
Rock,Ghost,1
Rock,Grass,2
Rock,Ground,2
Rock,Ice,1
Rock,Normal,0.5
Rock,Poison,0.5
Rock,Psychic,1
Rock,Rock,1
Rock,Steel,2
Rock,Water,2
Ghost,Bug,0.5
Ghost,Dark,2
Ghost,Dragon,1
Ghost,Electric,1
Ghost,Fairy,1
Ghost,Fighting,0
Ghost,Fire,1
Ghost,Flying,1
Ghost,Ghost,2
Ghost,Grass,1
Ghost,Ground,1
Ghost,Ice,1
Ghost,Normal,0
Ghost,Poison,0.5
Ghost,Psychic,1
Ghost,Rock,1
Ghost,Steel,1
Ghost,Water,1
Dragon,Bug,1
Dragon,Dark,1
Dragon,Dragon,2
Dragon,Electric,0.5
Dragon,Fairy,2
Dragon,Fighting,1
Dragon,Fire,0.5
Dragon,Flying,1
Dragon,Ghost,1
Dragon,Grass,0.5
Dragon,Ground,1
Dragon,Ice,2
Dragon,Normal,1
Dragon,Poison,1
Dragon,Psychic,1
Dragon,Rock,1
Dragon,Steel,1
Dragon,Water,0.5
Dark,Bug,2
Dark,Dark,0.5
Dark,Dragon,1
Dark,Electric,1
Dark,Fairy,2
Dark,Fighting,2
Dark,Fire,1
Dark,Flying,1
Dark,Ghost,0.5
Dark,Grass,1
Dark,Ground,1
Dark,Ice,1
Dark,Normal,1
Dark,Poison,1
Dark,Psychic,0
Dark,Rock,1
Dark,Steel,1
Dark,Water,1
Steel,Bug,0.5
Steel,Dark,1
Steel,Dragon,0.5
Steel,Electric,1
Steel,Fairy,0.5
Steel,Fighting,2
Steel,Fire,2
Steel,Flying,0.5
Steel,Ghost,1
Steel,Grass,0.5
Steel,Ground,2
Steel,Ice,0.5
Steel,Normal,0.5
Steel,Poison,0
Steel,Psychic,0.5
Steel,Rock,0.5
Steel,Steel,0.5
Steel,Water,1
Fairy,Bug,0.5
Fairy,Dark,0.5
Fairy,Dragon,0
Fairy,Electric,1
Fairy,Fairy,1
Fairy,Fighting,0.5
Fairy,Fire,1
Fairy,Flying,1
Fairy,Ghost,1
Fairy,Grass,1
Fairy,Ground,1
Fairy,Ice,1
Fairy,Normal,1
Fairy,Poison,2
Fairy,Psychic,1
Fairy,Rock,1
Fairy,Steel,2
Fairy,Water,1
Normal/Fire,Normal,1
Normal/Fire,Fire,0.5
Normal/Fire,Water,2
Normal/Fire,Electric,1
Normal/Fire,Grass,0.5
Normal/Fire,Ice,0.5
Normal/Fire,Fighting,2
Normal/Fire,Poison,1
Normal/Fire,Ground,2
Normal/Fire,Flying,1
Normal/Fire,Psychic,1
Normal/Fire,Bug,0.5
Normal/Fire,Rock,2
Normal/Fire,Ghost,0
Normal/Fire,Dragon,1
Normal/Fire,Dark,1
Normal/Fire,Steel,0.5
Normal/Fire,Fairy,0.5
Normal/Water,Normal,1
Normal/Water,Fire,0.5
Normal/Water,Water,0.5
Normal/Water,Electric,2
Normal/Water,Grass,2
Normal/Water,Ice,0.5
Normal/Water,Fighting,2
Normal/Water,Poison,1
Normal/Water,Ground,1
Normal/Water,Flying,1
Normal/Water,Psychic,1
Normal/Water,Bug,1
Normal/Water,Rock,1
Normal/Water,Ghost,0
Normal/Water,Dragon,1
Normal/Water,Dark,1
Normal/Water,Steel,0.5
Normal/Water,Fairy,1
Normal/Electric,Normal,1
Normal/Electric,Fire,1
Normal/Electric,Water,1
Normal/Electric,Electric,0.5
Normal/Electric,Grass,1
Normal/Electric,Ice,1
Normal/Electric,Fighting,2
Normal/Electric,Poison,1
Normal/Electric,Ground,2
Normal/Electric,Flying,0.5
Normal/Electric,Psychic,1
Normal/Electric,Bug,1
Normal/Electric,Rock,1
Normal/Electric,Ghost,0
Normal/Electric,Dragon,1
Normal/Electric,Dark,1
Normal/Electric,Steel,0.5
Normal/Electric,Fairy,1
Normal/Grass,Normal,1
Normal/Grass,Fire,2
Normal/Grass,Water,0.5
Normal/Grass,Electric,0.5
Normal/Grass,Grass,0.5
Normal/Grass,Ice,2
Normal/Grass,Fighting,2
Normal/Grass,Poison,2
Normal/Grass,Ground,0.5
Normal/Grass,Flying,2
Normal/Grass,Psychic,1
Normal/Grass,Bug,2
Normal/Grass,Rock,1
Normal/Grass,Ghost,0
Normal/Grass,Dragon,1
Normal/Grass,Dark,1
Normal/Grass,Steel,1
Normal/Grass,Fairy,1
Normal/Ice,Normal,1
Normal/Ice,Fire,2
Normal/Ice,Water,1
Normal/Ice,Electric,1
Normal/Ice,Grass,1
Normal/Ice,Ice,0.5
Normal/Ice,Fighting,4
Normal/Ice,Poison,1
Normal/Ice,Ground,1
Normal/Ice,Flying,1
Normal/Ice,Psychic,1
Normal/Ice,Bug,1
Normal/Ice,Rock,2
Normal/Ice,Ghost,0
Normal/Ice,Dragon,1
Normal/Ice,Dark,1
Normal/Ice,Steel,2
Normal/Ice,Fairy,1
Normal/Fighting,Normal,1
Normal/Fighting,Fire,1
Normal/Fighting,Water,1
Normal/Fighting,Electric,1
Normal/Fighting,Grass,1
Normal/Fighting,Ice,1
Normal/Fighting,Fighting,2
Normal/Fighting,Poison,1
Normal/Fighting,Ground,1
Normal/Fighting,Flying,2
Normal/Fighting,Psychic,2
Normal/Fighting,Bug,0.5
Normal/Fighting,Rock,0.5
Normal/Fighting,Ghost,0
Normal/Fighting,Dragon,1
Normal/Fighting,Dark,0.5
Normal/Fighting,Steel,1
Normal/Fighting,Fairy,2
Normal/Poison,Normal,1
Normal/Poison,Fire,1
Normal/Poison,Water,1
Normal/Poison,Electric,1
Normal/Poison,Grass,0.5
Normal/Poison,Ice,1
Normal/Poison,Fighting,1
Normal/Poison,Poison,0.5
Normal/Poison,Ground,2
Normal/Poison,Flying,1
Normal/Poison,Psychic,2
Normal/Poison,Bug,0.5
Normal/Poison,Rock,1
Normal/Poison,Ghost,0
Normal/Poison,Dragon,1
Normal/Poison,Dark,1
Normal/Poison,Steel,1
Normal/Poison,Fairy,0.5
Normal/Ground,Normal,1
Normal/Ground,Fire,1
Normal/Ground,Water,2
Normal/Ground,Electric,0
Normal/Ground,Grass,2
Normal/Ground,Ice,2
Normal/Ground,Fighting,2
Normal/Ground,Poison,0.5
Normal/Ground,Ground,1
Normal/Ground,Flying,1
Normal/Ground,Psychic,1
Normal/Ground,Bug,1
Normal/Ground,Rock,0.5
Normal/Ground,Ghost,0
Normal/Ground,Dragon,1
Normal/Ground,Dark,1
Normal/Ground,Steel,1
Normal/Ground,Fairy,1
Normal/Flying,Normal,1
Normal/Flying,Fire,1
Normal/Flying,Water,1
Normal/Flying,Electric,2
Normal/Flying,Grass,0.5
Normal/Flying,Ice,2
Normal/Flying,Fighting,1
Normal/Flying,Poison,1
Normal/Flying,Ground,0
Normal/Flying,Flying,1
Normal/Flying,Psychic,1
Normal/Flying,Bug,0.5
Normal/Flying,Rock,2
Normal/Flying,Ghost,0
Normal/Flying,Dragon,1
Normal/Flying,Dark,1
Normal/Flying,Steel,1
Normal/Flying,Fairy,1
Normal/Psychic,Normal,1
Normal/Psychic,Fire,1
Normal/Psychic,Water,1
Normal/Psychic,Electric,1
Normal/Psychic,Grass,1
Normal/Psychic,Ice,1
Normal/Psychic,Fighting,1
Normal/Psychic,Poison,1
Normal/Psychic,Ground,1
Normal/Psychic,Flying,1
Normal/Psychic,Psychic,0.5
Normal/Psychic,Bug,2
Normal/Psychic,Rock,1
Normal/Psychic,Ghost,0
Normal/Psychic,Dragon,1
Normal/Psychic,Dark,2
Normal/Psychic,Steel,1
Normal/Psychic,Fairy,1
Normal/Bug,Normal,1
Normal/Bug,Fire,2
Normal/Bug,Water,1
Normal/Bug,Electric,1
Normal/Bug,Grass,0.5
Normal/Bug,Ice,1
Normal/Bug,Fighting,1
Normal/Bug,Poison,1
Normal/Bug,Ground,0.5
Normal/Bug,Flying,2
Normal/Bug,Psychic,1
Normal/Bug,Bug,1
Normal/Bug,Rock,2
Normal/Bug,Ghost,0
Normal/Bug,Dragon,1
Normal/Bug,Dark,1
Normal/Bug,Steel,1
Normal/Bug,Fairy,1
Normal/Rock,Normal,0.5
Normal/Rock,Fire,0.5
Normal/Rock,Water,2
Normal/Rock,Electric,1
Normal/Rock,Grass,2
Normal/Rock,Ice,1
Normal/Rock,Fighting,4
Normal/Rock,Poison,0.5
Normal/Rock,Ground,2
Normal/Rock,Flying,0.5
Normal/Rock,Psychic,1
Normal/Rock,Bug,1
Normal/Rock,Rock,1
Normal/Rock,Ghost,0
Normal/Rock,Dragon,1
Normal/Rock,Dark,1
Normal/Rock,Steel,2
Normal/Rock,Fairy,1
Normal/Ghost,Normal,0
Normal/Ghost,Fire,1
Normal/Ghost,Water,1
Normal/Ghost,Electric,1
Normal/Ghost,Grass,1
Normal/Ghost,Ice,1
Normal/Ghost,Fighting,0
Normal/Ghost,Poison,0.5
Normal/Ghost,Ground,1
Normal/Ghost,Flying,1
Normal/Ghost,Psychic,1
Normal/Ghost,Bug,0.5
Normal/Ghost,Rock,1
Normal/Ghost,Ghost,0
Normal/Ghost,Dragon,1
Normal/Ghost,Dark,2
Normal/Ghost,Steel,1
Normal/Ghost,Fairy,1
Normal/Dragon,Normal,1
Normal/Dragon,Fire,0.5
Normal/Dragon,Water,0.5
Normal/Dragon,Electric,0.5
Normal/Dragon,Grass,0.5
Normal/Dragon,Ice,2
Normal/Dragon,Fighting,2
Normal/Dragon,Poison,1
Normal/Dragon,Ground,1
Normal/Dragon,Flying,1
Normal/Dragon,Psychic,1
Normal/Dragon,Bug,1
Normal/Dragon,Rock,1
Normal/Dragon,Ghost,0
Normal/Dragon,Dragon,2
Normal/Dragon,Dark,1
Normal/Dragon,Steel,1
Normal/Dragon,Fairy,2
Normal/Dark,Normal,1
Normal/Dark,Fire,1
Normal/Dark,Water,1
Normal/Dark,Electric,1
Normal/Dark,Grass,1
Normal/Dark,Ice,1
Normal/Dark,Fighting,4
Normal/Dark,Poison,1
Normal/Dark,Ground,1
Normal/Dark,Flying,1
Normal/Dark,Psychic,0
Normal/Dark,Bug,2
Normal/Dark,Rock,1
Normal/Dark,Ghost,0
Normal/Dark,Dragon,1
Normal/Dark,Dark,0.5
Normal/Dark,Steel,1
Normal/Dark,Fairy,2
Normal/Steel,Normal,0.5
Normal/Steel,Fire,2
Normal/Steel,Water,1
Normal/Steel,Electric,1
Normal/Steel,Grass,0.5
Normal/Steel,Ice,0.5
Normal/Steel,Fighting,4
Normal/Steel,Poison,0
Normal/Steel,Ground,2
Normal/Steel,Flying,0.5
Normal/Steel,Psychic,0.5
Normal/Steel,Bug,0.5
Normal/Steel,Rock,0.5
Normal/Steel,Ghost,0
Normal/Steel,Dragon,0.5
Normal/Steel,Dark,1
Normal/Steel,Steel,0.5
Normal/Steel,Fairy,0.5
Normal/Fairy,Normal,1
Normal/Fairy,Fire,1
Normal/Fairy,Water,1
Normal/Fairy,Electric,1
Normal/Fairy,Grass,1
Normal/Fairy,Ice,1
Normal/Fairy,Fighting,1
Normal/Fairy,Poison,2
Normal/Fairy,Ground,1
Normal/Fairy,Flying,1
Normal/Fairy,Psychic,1
Normal/Fairy,Bug,0.5
Normal/Fairy,Rock,1
Normal/Fairy,Ghost,0
Normal/Fairy,Dragon,0
Normal/Fairy,Dark,0.5
Normal/Fairy,Steel,2
Normal/Fairy,Fairy,1
Fire/Water,Normal,1
Fire/Water,Fire,0.25
Fire/Water,Water,1
Fire/Water,Electric,2
Fire/Water,Grass,1
Fire/Water,Ice,0.25
Fire/Water,Fighting,1
Fire/Water,Poison,1
Fire/Water,Ground,2
Fire/Water,Flying,1
Fire/Water,Psychic,1
Fire/Water,Bug,0.5
Fire/Water,Rock,2
Fire/Water,Ghost,1
Fire/Water,Dragon,1
Fire/Water,Dark,1
Fire/Water,Steel,0.25
Fire/Water,Fairy,0.5
Fire/Electric,Normal,1
Fire/Electric,Fire,0.5
Fire/Electric,Water,2
Fire/Electric,Electric,0.5
Fire/Electric,Grass,0.5
Fire/Electric,Ice,0.5
Fire/Electric,Fighting,1
Fire/Electric,Poison,1
Fire/Electric,Ground,4
Fire/Electric,Flying,0.5
Fire/Electric,Psychic,1
Fire/Electric,Bug,0.5
Fire/Electric,Rock,2
Fire/Electric,Ghost,1
Fire/Electric,Dragon,1
Fire/Electric,Dark,1
Fire/Electric,Steel,0.25
Fire/Electric,Fairy,0.5
Fire/Grass,Normal,1
Fire/Grass,Fire,1
Fire/Grass,Water,1
Fire/Grass,Electric,0.5
Fire/Grass,Grass,0.25
Fire/Grass,Ice,1
Fire/Grass,Fighting,1
Fire/Grass,Poison,2
Fire/Grass,Ground,1
Fire/Grass,Flying,2
Fire/Grass,Psychic,1
Fire/Grass,Bug,1
Fire/Grass,Rock,2
Fire/Grass,Ghost,1
Fire/Grass,Dragon,1
Fire/Grass,Dark,1
Fire/Grass,Steel,0.5
Fire/Grass,Fairy,0.5
Fire/Ice,Normal,1
Fire/Ice,Fire,1
Fire/Ice,Water,2
Fire/Ice,Electric,1
Fire/Ice,Grass,0.5
Fire/Ice,Ice,0.25
Fire/Ice,Fighting,2
Fire/Ice,Poison,1
Fire/Ice,Ground,2
Fire/Ice,Flying,1
Fire/Ice,Psychic,1
Fire/Ice,Bug,0.5
Fire/Ice,Rock,4
Fire/Ice,Ghost,1
Fire/Ice,Dragon,1
Fire/Ice,Dark,1
Fire/Ice,Steel,1
Fire/Ice,Fairy,0.5
Fire/Fighting,Normal,1
Fire/Fighting,Fire,0.5
Fire/Fighting,Water,2
Fire/Fighting,Electric,1
Fire/Fighting,Grass,0.5
Fire/Fighting,Ice,0.5
Fire/Fighting,Fighting,1
Fire/Fighting,Poison,1
Fire/Fighting,Ground,2
Fire/Fighting,Flying,2
Fire/Fighting,Psychic,2
Fire/Fighting,Bug,0.25
Fire/Fighting,Rock,1
Fire/Fighting,Ghost,1
Fire/Fighting,Dragon,1
Fire/Fighting,Dark,0.5
Fire/Fighting,Steel,0.5
Fire/Fighting,Fairy,1
Fire/Poison,Normal,1
Fire/Poison,Fire,0.5
Fire/Poison,Water,2
Fire/Poison,Electric,1
Fire/Poison,Grass,0.25
Fire/Poison,Ice,0.5
Fire/Poison,Fighting,0.5
Fire/Poison,Poison,0.5
Fire/Poison,Ground,4
Fire/Poison,Flying,1
Fire/Poison,Psychic,2
Fire/Poison,Bug,0.25
Fire/Poison,Rock,2
Fire/Poison,Ghost,1
Fire/Poison,Dragon,1
Fire/Poison,Dark,1
Fire/Poison,Steel,0.5
Fire/Poison,Fairy,0.25
Fire/Ground,Normal,1
Fire/Ground,Fire,0.5
Fire/Ground,Water,4
Fire/Ground,Electric,0
Fire/Ground,Grass,1
Fire/Ground,Ice,1
Fire/Ground,Fighting,1
Fire/Ground,Poison,0.5
Fire/Ground,Ground,2
Fire/Ground,Flying,1
Fire/Ground,Psychic,1
Fire/Ground,Bug,0.5
Fire/Ground,Rock,1
Fire/Ground,Ghost,1
Fire/Ground,Dragon,1
Fire/Ground,Dark,1
Fire/Ground,Steel,0.5
Fire/Ground,Fairy,0.5
Fire/Flying,Normal,1
Fire/Flying,Fire,0.5
Fire/Flying,Water,2
Fire/Flying,Electric,2
Fire/Flying,Grass,0.25
Fire/Flying,Ice,1
Fire/Flying,Fighting,0.5
Fire/Flying,Poison,1
Fire/Flying,Ground,0
Fire/Flying,Flying,1
Fire/Flying,Psychic,1
Fire/Flying,Bug,0.25
Fire/Flying,Rock,4
Fire/Flying,Ghost,1
Fire/Flying,Dragon,1
Fire/Flying,Dark,1
Fire/Flying,Steel,0.5
Fire/Flying,Fairy,0.5
Fire/Psychic,Normal,1
Fire/Psychic,Fire,0.5
Fire/Psychic,Water,2
Fire/Psychic,Electric,1
Fire/Psychic,Grass,0.5
Fire/Psychic,Ice,0.5
Fire/Psychic,Fighting,0.5
Fire/Psychic,Poison,1
Fire/Psychic,Ground,2
Fire/Psychic,Flying,1
Fire/Psychic,Psychic,0.5
Fire/Psychic,Bug,1
Fire/Psychic,Rock,2
Fire/Psychic,Ghost,2
Fire/Psychic,Dragon,1
Fire/Psychic,Dark,2
Fire/Psychic,Steel,0.5
Fire/Psychic,Fairy,0.5
Fire/Bug,Normal,1
Fire/Bug,Fire,1
Fire/Bug,Water,2
Fire/Bug,Electric,1
Fire/Bug,Grass,0.25
Fire/Bug,Ice,0.5
Fire/Bug,Fighting,0.5
Fire/Bug,Poison,1
Fire/Bug,Ground,1
Fire/Bug,Flying,2
Fire/Bug,Psychic,1
Fire/Bug,Bug,0.5
Fire/Bug,Rock,4
Fire/Bug,Ghost,1
Fire/Bug,Dragon,1
Fire/Bug,Dark,1
Fire/Bug,Steel,0.5
Fire/Bug,Fairy,0.5
Fire/Rock,Normal,0.5
Fire/Rock,Fire,0.25
Fire/Rock,Water,4
Fire/Rock,Electric,1
Fire/Rock,Grass,1
Fire/Rock,Ice,0.5
Fire/Rock,Fighting,2
Fire/Rock,Poison,0.5
Fire/Rock,Ground,4
Fire/Rock,Flying,0.5
Fire/Rock,Psychic,1
Fire/Rock,Bug,0.5
Fire/Rock,Rock,2
Fire/Rock,Ghost,1
Fire/Rock,Dragon,1
Fire/Rock,Dark,1
Fire/Rock,Steel,1
Fire/Rock,Fairy,0.5
Fire/Ghost,Normal,0
Fire/Ghost,Fire,0.5
Fire/Ghost,Water,2
Fire/Ghost,Electric,1
Fire/Ghost,Grass,0.5
Fire/Ghost,Ice,0.5
Fire/Ghost,Fighting,0
Fire/Ghost,Poison,0.5
Fire/Ghost,Ground,2
Fire/Ghost,Flying,1
Fire/Ghost,Psychic,1
Fire/Ghost,Bug,0.25
Fire/Ghost,Rock,2
Fire/Ghost,Ghost,2
Fire/Ghost,Dragon,1
Fire/Ghost,Dark,2
Fire/Ghost,Steel,0.5
Fire/Ghost,Fairy,0.5
Fire/Dragon,Normal,1
Fire/Dragon,Fire,0.25
Fire/Dragon,Water,1
Fire/Dragon,Electric,0.5
Fire/Dragon,Grass,0.25
Fire/Dragon,Ice,1
Fire/Dragon,Fighting,1
Fire/Dragon,Poison,1
Fire/Dragon,Ground,2
Fire/Dragon,Flying,1
Fire/Dragon,Psychic,1
Fire/Dragon,Bug,0.5
Fire/Dragon,Rock,2
Fire/Dragon,Ghost,1
Fire/Dragon,Dragon,2
Fire/Dragon,Dark,1
Fire/Dragon,Steel,0.5
Fire/Dragon,Fairy,1
Fire/Dark,Normal,1
Fire/Dark,Fire,0.5
Fire/Dark,Water,2
Fire/Dark,Electric,1
Fire/Dark,Grass,0.5
Fire/Dark,Ice,0.5
Fire/Dark,Fighting,2
Fire/Dark,Poison,1
Fire/Dark,Ground,2
Fire/Dark,Flying,1
Fire/Dark,Psychic,0
Fire/Dark,Bug,1
Fire/Dark,Rock,2
Fire/Dark,Ghost,0.5
Fire/Dark,Dragon,1
Fire/Dark,Dark,0.5
Fire/Dark,Steel,0.5
Fire/Dark,Fairy,1
Fire/Steel,Normal,0.5
Fire/Steel,Fire,1
Fire/Steel,Water,2
Fire/Steel,Electric,1
Fire/Steel,Grass,0.25
Fire/Steel,Ice,0.25
Fire/Steel,Fighting,2
Fire/Steel,Poison,0
Fire/Steel,Ground,4
Fire/Steel,Flying,0.5
Fire/Steel,Psychic,0.5
Fire/Steel,Bug,0.25
Fire/Steel,Rock,1
Fire/Steel,Ghost,1
Fire/Steel,Dragon,0.5
Fire/Steel,Dark,1
Fire/Steel,Steel,0.25
Fire/Steel,Fairy,0.25
Fire/Fairy,Normal,1
Fire/Fairy,Fire,0.5
Fire/Fairy,Water,2
Fire/Fairy,Electric,1
Fire/Fairy,Grass,0.5
Fire/Fairy,Ice,0.5
Fire/Fairy,Fighting,0.5
Fire/Fairy,Poison,2
Fire/Fairy,Ground,2
Fire/Fairy,Flying,1
Fire/Fairy,Psychic,1
Fire/Fairy,Bug,0.25
Fire/Fairy,Rock,2
Fire/Fairy,Ghost,1
Fire/Fairy,Dragon,0
Fire/Fairy,Dark,0.5
Fire/Fairy,Steel,1
Fire/Fairy,Fairy,0.5
Water/Electric,Normal,1
Water/Electric,Fire,0.5
Water/Electric,Water,0.5
Water/Electric,Electric,1
Water/Electric,Grass,2
Water/Electric,Ice,0.5
Water/Electric,Fighting,1
Water/Electric,Poison,1
Water/Electric,Ground,2
Water/Electric,Flying,0.5
Water/Electric,Psychic,1
Water/Electric,Bug,1
Water/Electric,Rock,1
Water/Electric,Ghost,1
Water/Electric,Dragon,1
Water/Electric,Dark,1
Water/Electric,Steel,0.25
Water/Electric,Fairy,1
Water/Grass,Normal,1
Water/Grass,Fire,1
Water/Grass,Water,0.25
Water/Grass,Electric,1
Water/Grass,Grass,1
Water/Grass,Ice,1
Water/Grass,Fighting,1
Water/Grass,Poison,2
Water/Grass,Ground,0.5
Water/Grass,Flying,2
Water/Grass,Psychic,1
Water/Grass,Bug,2
Water/Grass,Rock,1
Water/Grass,Ghost,1
Water/Grass,Dragon,1
Water/Grass,Dark,1
Water/Grass,Steel,0.5
Water/Grass,Fairy,1
Water/Ice,Normal,1
Water/Ice,Fire,1
Water/Ice,Water,0.5
Water/Ice,Electric,2
Water/Ice,Grass,2
Water/Ice,Ice,0.25
Water/Ice,Fighting,2
Water/Ice,Poison,1
Water/Ice,Ground,1
Water/Ice,Flying,1
Water/Ice,Psychic,1
Water/Ice,Bug,1
Water/Ice,Rock,2
Water/Ice,Ghost,1
Water/Ice,Dragon,1
Water/Ice,Dark,1
Water/Ice,Steel,1
Water/Ice,Fairy,1
Water/Fighting,Normal,1
Water/Fighting,Fire,0.5
Water/Fighting,Water,0.5
Water/Fighting,Electric,2
Water/Fighting,Grass,2
Water/Fighting,Ice,0.5
Water/Fighting,Fighting,1
Water/Fighting,Poison,1
Water/Fighting,Ground,1
Water/Fighting,Flying,2
Water/Fighting,Psychic,2
Water/Fighting,Bug,0.5
Water/Fighting,Rock,0.5
Water/Fighting,Ghost,1
Water/Fighting,Dragon,1
Water/Fighting,Dark,0.5
Water/Fighting,Steel,0.5
Water/Fighting,Fairy,2
Water/Poison,Normal,1
Water/Poison,Fire,0.5
Water/Poison,Water,0.5
Water/Poison,Electric,2
Water/Poison,Grass,1
Water/Poison,Ice,0.5
Water/Poison,Fighting,0.5
Water/Poison,Poison,0.5
Water/Poison,Ground,2
Water/Poison,Flying,1
Water/Poison,Psychic,2
Water/Poison,Bug,0.5
Water/Poison,Rock,1
Water/Poison,Ghost,1
Water/Poison,Dragon,1
Water/Poison,Dark,1
Water/Poison,Steel,0.5
Water/Poison,Fairy,0.5
Water/Ground,Normal,1
Water/Ground,Fire,0.5
Water/Ground,Water,1
Water/Ground,Electric,0
Water/Ground,Grass,4
Water/Ground,Ice,1
Water/Ground,Fighting,1
Water/Ground,Poison,0.5
Water/Ground,Ground,1
Water/Ground,Flying,1
Water/Ground,Psychic,1
Water/Ground,Bug,1
Water/Ground,Rock,0.5
Water/Ground,Ghost,1
Water/Ground,Dragon,1
Water/Ground,Dark,1
Water/Ground,Steel,0.5
Water/Ground,Fairy,1
Water/Flying,Normal,1
Water/Flying,Fire,0.5
Water/Flying,Water,0.5
Water/Flying,Electric,4
Water/Flying,Grass,1
Water/Flying,Ice,1
Water/Flying,Fighting,0.5
Water/Flying,Poison,1
Water/Flying,Ground,0
Water/Flying,Flying,1
Water/Flying,Psychic,1
Water/Flying,Bug,0.5
Water/Flying,Rock,2
Water/Flying,Ghost,1
Water/Flying,Dragon,1
Water/Flying,Dark,1
Water/Flying,Steel,0.5
Water/Flying,Fairy,1
Water/Psychic,Normal,1
Water/Psychic,Fire,0.5
Water/Psychic,Water,0.5
Water/Psychic,Electric,2
Water/Psychic,Grass,2
Water/Psychic,Ice,0.5
Water/Psychic,Fighting,0.5
Water/Psychic,Poison,1
Water/Psychic,Ground,1
Water/Psychic,Flying,1
Water/Psychic,Psychic,0.5
Water/Psychic,Bug,2
Water/Psychic,Rock,1
Water/Psychic,Ghost,2
Water/Psychic,Dragon,1
Water/Psychic,Dark,2
Water/Psychic,Steel,0.5
Water/Psychic,Fairy,1
Water/Bug,Normal,1
Water/Bug,Fire,1
Water/Bug,Water,0.5
Water/Bug,Electric,2
Water/Bug,Grass,1
Water/Bug,Ice,0.5
Water/Bug,Fighting,0.5
Water/Bug,Poison,1
Water/Bug,Ground,0.5
Water/Bug,Flying,2
Water/Bug,Psychic,1
Water/Bug,Bug,1
Water/Bug,Rock,2
Water/Bug,Ghost,1
Water/Bug,Dragon,1
Water/Bug,Dark,1
Water/Bug,Steel,0.5
Water/Bug,Fairy,1
Water/Rock,Normal,0.5
Water/Rock,Fire,0.25
Water/Rock,Water,1
Water/Rock,Electric,2
Water/Rock,Grass,4
Water/Rock,Ice,0.5
Water/Rock,Fighting,2
Water/Rock,Poison,0.5
Water/Rock,Ground,2
Water/Rock,Flying,0.5
Water/Rock,Psychic,1
Water/Rock,Bug,1
Water/Rock,Rock,1
Water/Rock,Ghost,1
Water/Rock,Dragon,1
Water/Rock,Dark,1
Water/Rock,Steel,1
Water/Rock,Fairy,1
Water/Ghost,Normal,0
Water/Ghost,Fire,0.5
Water/Ghost,Water,0.5
Water/Ghost,Electric,2
Water/Ghost,Grass,2
Water/Ghost,Ice,0.5
Water/Ghost,Fighting,0
Water/Ghost,Poison,0.5
Water/Ghost,Ground,1
Water/Ghost,Flying,1
Water/Ghost,Psychic,1
Water/Ghost,Bug,0.5
Water/Ghost,Rock,1
Water/Ghost,Ghost,2
Water/Ghost,Dragon,1
Water/Ghost,Dark,2
Water/Ghost,Steel,0.5
Water/Ghost,Fairy,1
Water/Dragon,Normal,1
Water/Dragon,Fire,0.25
Water/Dragon,Water,0.25
Water/Dragon,Electric,1
Water/Dragon,Grass,1
Water/Dragon,Ice,1
Water/Dragon,Fighting,1
Water/Dragon,Poison,1
Water/Dragon,Ground,1
Water/Dragon,Flying,1
Water/Dragon,Psychic,1
Water/Dragon,Bug,1
Water/Dragon,Rock,1
Water/Dragon,Ghost,1
Water/Dragon,Dragon,2
Water/Dragon,Dark,1
Water/Dragon,Steel,0.5
Water/Dragon,Fairy,2
Water/Dark,Normal,1
Water/Dark,Fire,0.5
Water/Dark,Water,0.5
Water/Dark,Electric,2
Water/Dark,Grass,2
Water/Dark,Ice,0.5
Water/Dark,Fighting,2
Water/Dark,Poison,1
Water/Dark,Ground,1
Water/Dark,Flying,1
Water/Dark,Psychic,0
Water/Dark,Bug,2
Water/Dark,Rock,1
Water/Dark,Ghost,0.5
Water/Dark,Dragon,1
Water/Dark,Dark,0.5
Water/Dark,Steel,0.5
Water/Dark,Fairy,2
Water/Steel,Normal,0.5
Water/Steel,Fire,1
Water/Steel,Water,0.5
Water/Steel,Electric,2
Water/Steel,Grass,1
Water/Steel,Ice,0.25
Water/Steel,Fighting,2
Water/Steel,Poison,0
Water/Steel,Ground,2
Water/Steel,Flying,0.5
Water/Steel,Psychic,0.5
Water/Steel,Bug,0.5
Water/Steel,Rock,0.5
Water/Steel,Ghost,1
Water/Steel,Dragon,0.5
Water/Steel,Dark,1
Water/Steel,Steel,0.25
Water/Steel,Fairy,0.5
Water/Fairy,Normal,1
Water/Fairy,Fire,0.5
Water/Fairy,Water,0.5
Water/Fairy,Electric,2
Water/Fairy,Grass,2
Water/Fairy,Ice,0.5
Water/Fairy,Fighting,0.5
Water/Fairy,Poison,2
Water/Fairy,Ground,1
Water/Fairy,Flying,1
Water/Fairy,Psychic,1
Water/Fairy,Bug,0.5
Water/Fairy,Rock,1
Water/Fairy,Ghost,1
Water/Fairy,Dragon,0
Water/Fairy,Dark,0.5
Water/Fairy,Steel,1
Water/Fairy,Fairy,1
Electric/Grass,Normal,1
Electric/Grass,Fire,2
Electric/Grass,Water,0.5
Electric/Grass,Electric,0.25
Electric/Grass,Grass,0.5
Electric/Grass,Ice,2
Electric/Grass,Fighting,1
Electric/Grass,Poison,2
Electric/Grass,Ground,1
Electric/Grass,Flying,1
Electric/Grass,Psychic,1
Electric/Grass,Bug,2
Electric/Grass,Rock,1
Electric/Grass,Ghost,1
Electric/Grass,Dragon,1
Electric/Grass,Dark,1
Electric/Grass,Steel,0.5
Electric/Grass,Fairy,1
Electric/Ice,Normal,1
Electric/Ice,Fire,2
Electric/Ice,Water,1
Electric/Ice,Electric,0.5
Electric/Ice,Grass,1
Electric/Ice,Ice,0.5
Electric/Ice,Fighting,2
Electric/Ice,Poison,1
Electric/Ice,Ground,2
Electric/Ice,Flying,0.5
Electric/Ice,Psychic,1
Electric/Ice,Bug,1
Electric/Ice,Rock,2
Electric/Ice,Ghost,1
Electric/Ice,Dragon,1
Electric/Ice,Dark,1
Electric/Ice,Steel,1
Electric/Ice,Fairy,1
Electric/Fighting,Normal,1
Electric/Fighting,Fire,1
Electric/Fighting,Water,1
Electric/Fighting,Electric,0.5
Electric/Fighting,Grass,1
Electric/Fighting,Ice,1
Electric/Fighting,Fighting,1
Electric/Fighting,Poison,1
Electric/Fighting,Ground,2
Electric/Fighting,Flying,1
Electric/Fighting,Psychic,2
Electric/Fighting,Bug,0.5
Electric/Fighting,Rock,0.5
Electric/Fighting,Ghost,1
Electric/Fighting,Dragon,1
Electric/Fighting,Dark,0.5
Electric/Fighting,Steel,0.5
Electric/Fighting,Fairy,2
Electric/Poison,Normal,1
Electric/Poison,Fire,1
Electric/Poison,Water,1
Electric/Poison,Electric,0.5
Electric/Poison,Grass,0.5
Electric/Poison,Ice,1
Electric/Poison,Fighting,0.5
Electric/Poison,Poison,0.5
Electric/Poison,Ground,4
Electric/Poison,Flying,0.5
Electric/Poison,Psychic,2
Electric/Poison,Bug,0.5
Electric/Poison,Rock,1
Electric/Poison,Ghost,1
Electric/Poison,Dragon,1
Electric/Poison,Dark,1
Electric/Poison,Steel,0.5
Electric/Poison,Fairy,0.5
Electric/Ground,Normal,1
Electric/Ground,Fire,1
Electric/Ground,Water,2
Electric/Ground,Electric,0
Electric/Ground,Grass,2
Electric/Ground,Ice,2
Electric/Ground,Fighting,1
Electric/Ground,Poison,0.5
Electric/Ground,Ground,2
Electric/Ground,Flying,0.5
Electric/Ground,Psychic,1
Electric/Ground,Bug,1
Electric/Ground,Rock,0.5
Electric/Ground,Ghost,1
Electric/Ground,Dragon,1
Electric/Ground,Dark,1
Electric/Ground,Steel,0.5
Electric/Ground,Fairy,1
Electric/Flying,Normal,1
Electric/Flying,Fire,1
Electric/Flying,Water,1
Electric/Flying,Electric,1
Electric/Flying,Grass,0.5
Electric/Flying,Ice,2
Electric/Flying,Fighting,0.5
Electric/Flying,Poison,1
Electric/Flying,Ground,0
Electric/Flying,Flying,0.5
Electric/Flying,Psychic,1
Electric/Flying,Bug,0.5
Electric/Flying,Rock,2
Electric/Flying,Ghost,1
Electric/Flying,Dragon,1
Electric/Flying,Dark,1
Electric/Flying,Steel,0.5
Electric/Flying,Fairy,1
Electric/Psychic,Normal,1
Electric/Psychic,Fire,1
Electric/Psychic,Water,1
Electric/Psychic,Electric,0.5
Electric/Psychic,Grass,1
Electric/Psychic,Ice,1
Electric/Psychic,Fighting,0.5
Electric/Psychic,Poison,1
Electric/Psychic,Ground,2
Electric/Psychic,Flying,0.5
Electric/Psychic,Psychic,0.5
Electric/Psychic,Bug,2
Electric/Psychic,Rock,1
Electric/Psychic,Ghost,2
Electric/Psychic,Dragon,1
Electric/Psychic,Dark,2
Electric/Psychic,Steel,0.5
Electric/Psychic,Fairy,1
Electric/Bug,Normal,1
Electric/Bug,Fire,2
Electric/Bug,Water,1
Electric/Bug,Electric,0.5
Electric/Bug,Grass,0.5
Electric/Bug,Ice,1
Electric/Bug,Fighting,0.5
Electric/Bug,Poison,1
Electric/Bug,Ground,1
Electric/Bug,Flying,1
Electric/Bug,Psychic,1
Electric/Bug,Bug,1
Electric/Bug,Rock,2
Electric/Bug,Ghost,1
Electric/Bug,Dragon,1
Electric/Bug,Dark,1
Electric/Bug,Steel,0.5
Electric/Bug,Fairy,1
Electric/Rock,Normal,0.5
Electric/Rock,Fire,0.5
Electric/Rock,Water,2
Electric/Rock,Electric,0.5
Electric/Rock,Grass,2
Electric/Rock,Ice,1
Electric/Rock,Fighting,2
Electric/Rock,Poison,0.5
Electric/Rock,Ground,4
Electric/Rock,Flying,0.25
Electric/Rock,Psychic,1
Electric/Rock,Bug,1
Electric/Rock,Rock,1
Electric/Rock,Ghost,1
Electric/Rock,Dragon,1
Electric/Rock,Dark,1
Electric/Rock,Steel,1
Electric/Rock,Fairy,1
Electric/Ghost,Normal,0
Electric/Ghost,Fire,1
Electric/Ghost,Water,1
Electric/Ghost,Electric,0.5
Electric/Ghost,Grass,1
Electric/Ghost,Ice,1
Electric/Ghost,Fighting,0
Electric/Ghost,Poison,0.5
Electric/Ghost,Ground,2
Electric/Ghost,Flying,0.5
Electric/Ghost,Psychic,1
Electric/Ghost,Bug,0.5
Electric/Ghost,Rock,1
Electric/Ghost,Ghost,2
Electric/Ghost,Dragon,1
Electric/Ghost,Dark,2
Electric/Ghost,Steel,0.5
Electric/Ghost,Fairy,1
Electric/Dragon,Normal,1
Electric/Dragon,Fire,0.5
Electric/Dragon,Water,0.5
Electric/Dragon,Electric,0.25
Electric/Dragon,Grass,0.5
Electric/Dragon,Ice,2
Electric/Dragon,Fighting,1
Electric/Dragon,Poison,1
Electric/Dragon,Ground,2
Electric/Dragon,Flying,0.5
Electric/Dragon,Psychic,1
Electric/Dragon,Bug,1
Electric/Dragon,Rock,1
Electric/Dragon,Ghost,1
Electric/Dragon,Dragon,2
Electric/Dragon,Dark,1
Electric/Dragon,Steel,0.5
Electric/Dragon,Fairy,2
Electric/Dark,Normal,1
Electric/Dark,Fire,1
Electric/Dark,Water,1
Electric/Dark,Electric,0.5
Electric/Dark,Grass,1
Electric/Dark,Ice,1
Electric/Dark,Fighting,2
Electric/Dark,Poison,1
Electric/Dark,Ground,2
Electric/Dark,Flying,0.5
Electric/Dark,Psychic,0
Electric/Dark,Bug,2
Electric/Dark,Rock,1
Electric/Dark,Ghost,0.5
Electric/Dark,Dragon,1
Electric/Dark,Dark,0.5
Electric/Dark,Steel,0.5
Electric/Dark,Fairy,2
Electric/Steel,Normal,0.5
Electric/Steel,Fire,2
Electric/Steel,Water,1
Electric/Steel,Electric,0.5
Electric/Steel,Grass,0.5
Electric/Steel,Ice,0.5
Electric/Steel,Fighting,2
Electric/Steel,Poison,0
Electric/Steel,Ground,4
Electric/Steel,Flying,0.25
Electric/Steel,Psychic,0.5
Electric/Steel,Bug,0.5
Electric/Steel,Rock,0.5
Electric/Steel,Ghost,1
Electric/Steel,Dragon,0.5
Electric/Steel,Dark,1
Electric/Steel,Steel,0.25
Electric/Steel,Fairy,0.5
Electric/Fairy,Normal,1
Electric/Fairy,Fire,1
Electric/Fairy,Water,1
Electric/Fairy,Electric,0.5
Electric/Fairy,Grass,1
Electric/Fairy,Ice,1
Electric/Fairy,Fighting,0.5
Electric/Fairy,Poison,2
Electric/Fairy,Ground,2
Electric/Fairy,Flying,0.5
Electric/Fairy,Psychic,1
Electric/Fairy,Bug,0.5
Electric/Fairy,Rock,1
Electric/Fairy,Ghost,1
Electric/Fairy,Dragon,0
Electric/Fairy,Dark,0.5
Electric/Fairy,Steel,1
Electric/Fairy,Fairy,1
Grass/Ice,Normal,1
Grass/Ice,Fire,4
Grass/Ice,Water,0.5
Grass/Ice,Electric,0.5
Grass/Ice,Grass,0.5
Grass/Ice,Ice,1
Grass/Ice,Fighting,2
Grass/Ice,Poison,2
Grass/Ice,Ground,0.5
Grass/Ice,Flying,2
Grass/Ice,Psychic,1
Grass/Ice,Bug,2
Grass/Ice,Rock,2
Grass/Ice,Ghost,1
Grass/Ice,Dragon,1
Grass/Ice,Dark,1
Grass/Ice,Steel,2
Grass/Ice,Fairy,1
Grass/Fighting,Normal,1
Grass/Fighting,Fire,2
Grass/Fighting,Water,0.5
Grass/Fighting,Electric,0.5
Grass/Fighting,Grass,0.5
Grass/Fighting,Ice,2
Grass/Fighting,Fighting,1
Grass/Fighting,Poison,2
Grass/Fighting,Ground,0.5
Grass/Fighting,Flying,4
Grass/Fighting,Psychic,2
Grass/Fighting,Bug,1
Grass/Fighting,Rock,0.5
Grass/Fighting,Ghost,1
Grass/Fighting,Dragon,1
Grass/Fighting,Dark,0.5
Grass/Fighting,Steel,1
Grass/Fighting,Fairy,2
Grass/Poison,Normal,1
Grass/Poison,Fire,2
Grass/Poison,Water,0.5
Grass/Poison,Electric,0.5
Grass/Poison,Grass,0.25
Grass/Poison,Ice,2
Grass/Poison,Fighting,0.5
Grass/Poison,Poison,1
Grass/Poison,Ground,1
Grass/Poison,Flying,2
Grass/Poison,Psychic,2
Grass/Poison,Bug,1
Grass/Poison,Rock,1
Grass/Poison,Ghost,1
Grass/Poison,Dragon,1
Grass/Poison,Dark,1
Grass/Poison,Steel,1
Grass/Poison,Fairy,0.5
Grass/Ground,Normal,1
Grass/Ground,Fire,2
Grass/Ground,Water,1
Grass/Ground,Electric,0
Grass/Ground,Grass,1
Grass/Ground,Ice,4
Grass/Ground,Fighting,1
Grass/Ground,Poison,1
Grass/Ground,Ground,0.5
Grass/Ground,Flying,2
Grass/Ground,Psychic,1
Grass/Ground,Bug,2
Grass/Ground,Rock,0.5
Grass/Ground,Ghost,1
Grass/Ground,Dragon,1
Grass/Ground,Dark,1
Grass/Ground,Steel,1
Grass/Ground,Fairy,1
Grass/Flying,Normal,1
Grass/Flying,Fire,2
Grass/Flying,Water,0.5
Grass/Flying,Electric,1
Grass/Flying,Grass,0.25
Grass/Flying,Ice,4
Grass/Flying,Fighting,0.5
Grass/Flying,Poison,2
Grass/Flying,Ground,0
Grass/Flying,Flying,2
Grass/Flying,Psychic,1
Grass/Flying,Bug,1
Grass/Flying,Rock,2
Grass/Flying,Ghost,1
Grass/Flying,Dragon,1
Grass/Flying,Dark,1
Grass/Flying,Steel,1
Grass/Flying,Fairy,1
Grass/Psychic,Normal,1
Grass/Psychic,Fire,2
Grass/Psychic,Water,0.5
Grass/Psychic,Electric,0.5
Grass/Psychic,Grass,0.5
Grass/Psychic,Ice,2
Grass/Psychic,Fighting,0.5
Grass/Psychic,Poison,2
Grass/Psychic,Ground,0.5
Grass/Psychic,Flying,2
Grass/Psychic,Psychic,0.5
Grass/Psychic,Bug,4
Grass/Psychic,Rock,1
Grass/Psychic,Ghost,2
Grass/Psychic,Dragon,1
Grass/Psychic,Dark,2
Grass/Psychic,Steel,1
Grass/Psychic,Fairy,1
Grass/Bug,Normal,1
Grass/Bug,Fire,4
Grass/Bug,Water,0.5
Grass/Bug,Electric,0.5
Grass/Bug,Grass,0.25
Grass/Bug,Ice,2
Grass/Bug,Fighting,0.5
Grass/Bug,Poison,2
Grass/Bug,Ground,0.25
Grass/Bug,Flying,4
Grass/Bug,Psychic,1
Grass/Bug,Bug,2
Grass/Bug,Rock,2
Grass/Bug,Ghost,1
Grass/Bug,Dragon,1
Grass/Bug,Dark,1
Grass/Bug,Steel,1
Grass/Bug,Fairy,1
Grass/Rock,Normal,0.5
Grass/Rock,Fire,1
Grass/Rock,Water,1
Grass/Rock,Electric,0.5
Grass/Rock,Grass,1
Grass/Rock,Ice,2
Grass/Rock,Fighting,2
Grass/Rock,Poison,1
Grass/Rock,Ground,1
Grass/Rock,Flying,1
Grass/Rock,Psychic,1
Grass/Rock,Bug,2
Grass/Rock,Rock,1
Grass/Rock,Ghost,1
Grass/Rock,Dragon,1
Grass/Rock,Dark,1
Grass/Rock,Steel,2
Grass/Rock,Fairy,1
Grass/Ghost,Normal,0
Grass/Ghost,Fire,2
Grass/Ghost,Water,0.5
Grass/Ghost,Electric,0.5
Grass/Ghost,Grass,0.5
Grass/Ghost,Ice,2
Grass/Ghost,Fighting,0
Grass/Ghost,Poison,1
Grass/Ghost,Ground,0.5
Grass/Ghost,Flying,2
Grass/Ghost,Psychic,1
Grass/Ghost,Bug,1
Grass/Ghost,Rock,1
Grass/Ghost,Ghost,2
Grass/Ghost,Dragon,1
Grass/Ghost,Dark,2
Grass/Ghost,Steel,1
Grass/Ghost,Fairy,1
Grass/Dragon,Normal,1
Grass/Dragon,Fire,1
Grass/Dragon,Water,0.25
Grass/Dragon,Electric,0.25
Grass/Dragon,Grass,0.25
Grass/Dragon,Ice,4
Grass/Dragon,Fighting,1
Grass/Dragon,Poison,2
Grass/Dragon,Ground,0.5
Grass/Dragon,Flying,2
Grass/Dragon,Psychic,1
Grass/Dragon,Bug,2
Grass/Dragon,Rock,1
Grass/Dragon,Ghost,1
Grass/Dragon,Dragon,2
Grass/Dragon,Dark,1
Grass/Dragon,Steel,1
Grass/Dragon,Fairy,2
Grass/Dark,Normal,1
Grass/Dark,Fire,2
Grass/Dark,Water,0.5
Grass/Dark,Electric,0.5
Grass/Dark,Grass,0.5
Grass/Dark,Ice,2
Grass/Dark,Fighting,2
Grass/Dark,Poison,2
Grass/Dark,Ground,0.5
Grass/Dark,Flying,2
Grass/Dark,Psychic,0
Grass/Dark,Bug,4
Grass/Dark,Rock,1
Grass/Dark,Ghost,0.5
Grass/Dark,Dragon,1
Grass/Dark,Dark,0.5
Grass/Dark,Steel,1
Grass/Dark,Fairy,2
Grass/Steel,Normal,0.5
Grass/Steel,Fire,4
Grass/Steel,Water,0.5
Grass/Steel,Electric,0.5
Grass/Steel,Grass,0.25
Grass/Steel,Ice,1
Grass/Steel,Fighting,2
Grass/Steel,Poison,0
Grass/Steel,Ground,1
Grass/Steel,Flying,1
Grass/Steel,Psychic,0.5
Grass/Steel,Bug,1
Grass/Steel,Rock,0.5
Grass/Steel,Ghost,1
Grass/Steel,Dragon,0.5
Grass/Steel,Dark,1
Grass/Steel,Steel,0.5
Grass/Steel,Fairy,0.5
Grass/Fairy,Normal,1
Grass/Fairy,Fire,2
Grass/Fairy,Water,0.5
Grass/Fairy,Electric,0.5
Grass/Fairy,Grass,0.5
Grass/Fairy,Ice,2
Grass/Fairy,Fighting,0.5
Grass/Fairy,Poison,4
Grass/Fairy,Ground,0.5
Grass/Fairy,Flying,2
Grass/Fairy,Psychic,1
Grass/Fairy,Bug,1
Grass/Fairy,Rock,1
Grass/Fairy,Ghost,1
Grass/Fairy,Dragon,0
Grass/Fairy,Dark,0.5
Grass/Fairy,Steel,2
Grass/Fairy,Fairy,1
Ice/Fighting,Normal,1
Ice/Fighting,Fire,2
Ice/Fighting,Water,1
Ice/Fighting,Electric,1
Ice/Fighting,Grass,1
Ice/Fighting,Ice,0.5
Ice/Fighting,Fighting,2
Ice/Fighting,Poison,1
Ice/Fighting,Ground,1
Ice/Fighting,Flying,2
Ice/Fighting,Psychic,2
Ice/Fighting,Bug,0.5
Ice/Fighting,Rock,1
Ice/Fighting,Ghost,1
Ice/Fighting,Dragon,1
Ice/Fighting,Dark,0.5
Ice/Fighting,Steel,2
Ice/Fighting,Fairy,2
Ice/Poison,Normal,1
Ice/Poison,Fire,2
Ice/Poison,Water,1
Ice/Poison,Electric,1
Ice/Poison,Grass,0.5
Ice/Poison,Ice,0.5
Ice/Poison,Fighting,1
Ice/Poison,Poison,0.5
Ice/Poison,Ground,2
Ice/Poison,Flying,1
Ice/Poison,Psychic,2
Ice/Poison,Bug,0.5
Ice/Poison,Rock,2
Ice/Poison,Ghost,1
Ice/Poison,Dragon,1
Ice/Poison,Dark,1
Ice/Poison,Steel,2
Ice/Poison,Fairy,0.5
Ice/Ground,Normal,1
Ice/Ground,Fire,2
Ice/Ground,Water,2
Ice/Ground,Electric,0
Ice/Ground,Grass,2
Ice/Ground,Ice,1
Ice/Ground,Fighting,2
Ice/Ground,Poison,0.5
Ice/Ground,Ground,1
Ice/Ground,Flying,1
Ice/Ground,Psychic,1
Ice/Ground,Bug,1
Ice/Ground,Rock,1
Ice/Ground,Ghost,1
Ice/Ground,Dragon,1
Ice/Ground,Dark,1
Ice/Ground,Steel,2
Ice/Ground,Fairy,1
Ice/Flying,Normal,1
Ice/Flying,Fire,2
Ice/Flying,Water,1
Ice/Flying,Electric,2
Ice/Flying,Grass,0.5
Ice/Flying,Ice,1
Ice/Flying,Fighting,1
Ice/Flying,Poison,1
Ice/Flying,Ground,0
Ice/Flying,Flying,1
Ice/Flying,Psychic,1
Ice/Flying,Bug,0.5
Ice/Flying,Rock,4
Ice/Flying,Ghost,1
Ice/Flying,Dragon,1
Ice/Flying,Dark,1
Ice/Flying,Steel,2
Ice/Flying,Fairy,1
Ice/Psychic,Normal,1
Ice/Psychic,Fire,2
Ice/Psychic,Water,1
Ice/Psychic,Electric,1
Ice/Psychic,Grass,1
Ice/Psychic,Ice,0.5
Ice/Psychic,Fighting,1
Ice/Psychic,Poison,1
Ice/Psychic,Ground,1
Ice/Psychic,Flying,1
Ice/Psychic,Psychic,0.5
Ice/Psychic,Bug,2
Ice/Psychic,Rock,2
Ice/Psychic,Ghost,2
Ice/Psychic,Dragon,1
Ice/Psychic,Dark,2
Ice/Psychic,Steel,2
Ice/Psychic,Fairy,1
Ice/Bug,Normal,1
Ice/Bug,Fire,4
Ice/Bug,Water,1
Ice/Bug,Electric,1
Ice/Bug,Grass,0.5
Ice/Bug,Ice,0.5
Ice/Bug,Fighting,1
Ice/Bug,Poison,1
Ice/Bug,Ground,0.5
Ice/Bug,Flying,2
Ice/Bug,Psychic,1
Ice/Bug,Bug,1
Ice/Bug,Rock,4
Ice/Bug,Ghost,1
Ice/Bug,Dragon,1
Ice/Bug,Dark,1
Ice/Bug,Steel,2
Ice/Bug,Fairy,1
Ice/Rock,Normal,0.5
Ice/Rock,Fire,1
Ice/Rock,Water,2
Ice/Rock,Electric,1
Ice/Rock,Grass,2
Ice/Rock,Ice,0.5
Ice/Rock,Fighting,4
Ice/Rock,Poison,0.5
Ice/Rock,Ground,2
Ice/Rock,Flying,0.5
Ice/Rock,Psychic,1
Ice/Rock,Bug,1
Ice/Rock,Rock,2
Ice/Rock,Ghost,1
Ice/Rock,Dragon,1
Ice/Rock,Dark,1
Ice/Rock,Steel,4
Ice/Rock,Fairy,1
Ice/Ghost,Normal,0
Ice/Ghost,Fire,2
Ice/Ghost,Water,1
Ice/Ghost,Electric,1
Ice/Ghost,Grass,1
Ice/Ghost,Ice,0.5
Ice/Ghost,Fighting,0
Ice/Ghost,Poison,0.5
Ice/Ghost,Ground,1
Ice/Ghost,Flying,1
Ice/Ghost,Psychic,1
Ice/Ghost,Bug,0.5
Ice/Ghost,Rock,2
Ice/Ghost,Ghost,2
Ice/Ghost,Dragon,1
Ice/Ghost,Dark,2
Ice/Ghost,Steel,2
Ice/Ghost,Fairy,1
Ice/Dragon,Normal,1
Ice/Dragon,Fire,1
Ice/Dragon,Water,0.5
Ice/Dragon,Electric,0.5
Ice/Dragon,Grass,0.5
Ice/Dragon,Ice,1
Ice/Dragon,Fighting,2
Ice/Dragon,Poison,1
Ice/Dragon,Ground,1
Ice/Dragon,Flying,1
Ice/Dragon,Psychic,1
Ice/Dragon,Bug,1
Ice/Dragon,Rock,2
Ice/Dragon,Ghost,1
Ice/Dragon,Dragon,2
Ice/Dragon,Dark,1
Ice/Dragon,Steel,2
Ice/Dragon,Fairy,2
Ice/Dark,Normal,1
Ice/Dark,Fire,2
Ice/Dark,Water,1
Ice/Dark,Electric,1
Ice/Dark,Grass,1
Ice/Dark,Ice,0.5
Ice/Dark,Fighting,4
Ice/Dark,Poison,1
Ice/Dark,Ground,1
Ice/Dark,Flying,1
Ice/Dark,Psychic,0
Ice/Dark,Bug,2
Ice/Dark,Rock,2
Ice/Dark,Ghost,0.5
Ice/Dark,Dragon,1
Ice/Dark,Dark,0.5
Ice/Dark,Steel,2
Ice/Dark,Fairy,2
Ice/Steel,Normal,0.5
Ice/Steel,Fire,4
Ice/Steel,Water,1
Ice/Steel,Electric,1
Ice/Steel,Grass,0.5
Ice/Steel,Ice,0.25
Ice/Steel,Fighting,4
Ice/Steel,Poison,0
Ice/Steel,Ground,2
Ice/Steel,Flying,0.5
Ice/Steel,Psychic,0.5
Ice/Steel,Bug,0.5
Ice/Steel,Rock,1
Ice/Steel,Ghost,1
Ice/Steel,Dragon,0.5
Ice/Steel,Dark,1
Ice/Steel,Steel,1
Ice/Steel,Fairy,0.5
Ice/Fairy,Normal,1
Ice/Fairy,Fire,2
Ice/Fairy,Water,1
Ice/Fairy,Electric,1
Ice/Fairy,Grass,1
Ice/Fairy,Ice,0.5
Ice/Fairy,Fighting,1
Ice/Fairy,Poison,2
Ice/Fairy,Ground,1
Ice/Fairy,Flying,1
Ice/Fairy,Psychic,1
Ice/Fairy,Bug,0.5
Ice/Fairy,Rock,2
Ice/Fairy,Ghost,1
Ice/Fairy,Dragon,0
Ice/Fairy,Dark,0.5
Ice/Fairy,Steel,4
Ice/Fairy,Fairy,1
Fighting/Poison,Normal,1
Fighting/Poison,Fire,1
Fighting/Poison,Water,1
Fighting/Poison,Electric,1
Fighting/Poison,Grass,0.5
Fighting/Poison,Ice,1
Fighting/Poison,Fighting,0.5
Fighting/Poison,Poison,0.5
Fighting/Poison,Ground,2
Fighting/Poison,Flying,2
Fighting/Poison,Psychic,4
Fighting/Poison,Bug,0.25
Fighting/Poison,Rock,0.5
Fighting/Poison,Ghost,1
Fighting/Poison,Dragon,1
Fighting/Poison,Dark,0.5
Fighting/Poison,Steel,1
Fighting/Poison,Fairy,1
Fighting/Ground,Normal,1
Fighting/Ground,Fire,1
Fighting/Ground,Water,2
Fighting/Ground,Electric,0
Fighting/Ground,Grass,2
Fighting/Ground,Ice,2
Fighting/Ground,Fighting,1
Fighting/Ground,Poison,0.5
Fighting/Ground,Ground,1
Fighting/Ground,Flying,2
Fighting/Ground,Psychic,2
Fighting/Ground,Bug,0.5
Fighting/Ground,Rock,0.25
Fighting/Ground,Ghost,1
Fighting/Ground,Dragon,1
Fighting/Ground,Dark,0.5
Fighting/Ground,Steel,1
Fighting/Ground,Fairy,2
Fighting/Flying,Normal,1
Fighting/Flying,Fire,1
Fighting/Flying,Water,1
Fighting/Flying,Electric,2
Fighting/Flying,Grass,0.5
Fighting/Flying,Ice,2
Fighting/Flying,Fighting,0.5
Fighting/Flying,Poison,1
Fighting/Flying,Ground,0
Fighting/Flying,Flying,2
Fighting/Flying,Psychic,2
Fighting/Flying,Bug,0.25
Fighting/Flying,Rock,1
Fighting/Flying,Ghost,1
Fighting/Flying,Dragon,1
Fighting/Flying,Dark,0.5
Fighting/Flying,Steel,1
Fighting/Flying,Fairy,2
Fighting/Psychic,Normal,1
Fighting/Psychic,Fire,1
Fighting/Psychic,Water,1
Fighting/Psychic,Electric,1
Fighting/Psychic,Grass,1
Fighting/Psychic,Ice,1
Fighting/Psychic,Fighting,0.5
Fighting/Psychic,Poison,1
Fighting/Psychic,Ground,1
Fighting/Psychic,Flying,2
Fighting/Psychic,Psychic,1
Fighting/Psychic,Bug,1
Fighting/Psychic,Rock,0.5
Fighting/Psychic,Ghost,2
Fighting/Psychic,Dragon,1
Fighting/Psychic,Dark,1
Fighting/Psychic,Steel,1
Fighting/Psychic,Fairy,2
Fighting/Bug,Normal,1
Fighting/Bug,Fire,2
Fighting/Bug,Water,1
Fighting/Bug,Electric,1
Fighting/Bug,Grass,0.5
Fighting/Bug,Ice,1
Fighting/Bug,Fighting,0.5
Fighting/Bug,Poison,1
Fighting/Bug,Ground,0.5
Fighting/Bug,Flying,4
Fighting/Bug,Psychic,2
Fighting/Bug,Bug,0.5
Fighting/Bug,Rock,1
Fighting/Bug,Ghost,1
Fighting/Bug,Dragon,1
Fighting/Bug,Dark,0.5
Fighting/Bug,Steel,1
Fighting/Bug,Fairy,2
Fighting/Rock,Normal,0.5
Fighting/Rock,Fire,0.5
Fighting/Rock,Water,2
Fighting/Rock,Electric,1
Fighting/Rock,Grass,2
Fighting/Rock,Ice,1
Fighting/Rock,Fighting,2
Fighting/Rock,Poison,0.5
Fighting/Rock,Ground,2
Fighting/Rock,Flying,1
Fighting/Rock,Psychic,2
Fighting/Rock,Bug,0.5
Fighting/Rock,Rock,0.5
Fighting/Rock,Ghost,1
Fighting/Rock,Dragon,1
Fighting/Rock,Dark,0.5
Fighting/Rock,Steel,2
Fighting/Rock,Fairy,2
Fighting/Ghost,Normal,0
Fighting/Ghost,Fire,1
Fighting/Ghost,Water,1
Fighting/Ghost,Electric,1
Fighting/Ghost,Grass,1
Fighting/Ghost,Ice,1
Fighting/Ghost,Fighting,0
Fighting/Ghost,Poison,0.5
Fighting/Ghost,Ground,1
Fighting/Ghost,Flying,2
Fighting/Ghost,Psychic,2
Fighting/Ghost,Bug,0.25
Fighting/Ghost,Rock,0.5
Fighting/Ghost,Ghost,2
Fighting/Ghost,Dragon,1
Fighting/Ghost,Dark,1
Fighting/Ghost,Steel,1
Fighting/Ghost,Fairy,2
Fighting/Dragon,Normal,1
Fighting/Dragon,Fire,0.5
Fighting/Dragon,Water,0.5
Fighting/Dragon,Electric,0.5
Fighting/Dragon,Grass,0.5
Fighting/Dragon,Ice,2
Fighting/Dragon,Fighting,1
Fighting/Dragon,Poison,1
Fighting/Dragon,Ground,1
Fighting/Dragon,Flying,2
Fighting/Dragon,Psychic,2
Fighting/Dragon,Bug,0.5
Fighting/Dragon,Rock,0.5
Fighting/Dragon,Ghost,1
Fighting/Dragon,Dragon,2
Fighting/Dragon,Dark,0.5
Fighting/Dragon,Steel,1
Fighting/Dragon,Fairy,4
Fighting/Dark,Normal,1
Fighting/Dark,Fire,1
Fighting/Dark,Water,1
Fighting/Dark,Electric,1
Fighting/Dark,Grass,1
Fighting/Dark,Ice,1
Fighting/Dark,Fighting,2
Fighting/Dark,Poison,1
Fighting/Dark,Ground,1
Fighting/Dark,Flying,2
Fighting/Dark,Psychic,0
Fighting/Dark,Bug,1
Fighting/Dark,Rock,0.5
Fighting/Dark,Ghost,0.5
Fighting/Dark,Dragon,1
Fighting/Dark,Dark,0.25
Fighting/Dark,Steel,1
Fighting/Dark,Fairy,4
Fighting/Steel,Normal,0.5
Fighting/Steel,Fire,2
Fighting/Steel,Water,1
Fighting/Steel,Electric,1
Fighting/Steel,Grass,0.5
Fighting/Steel,Ice,0.5
Fighting/Steel,Fighting,2
Fighting/Steel,Poison,0
Fighting/Steel,Ground,2
Fighting/Steel,Flying,1
Fighting/Steel,Psychic,1
Fighting/Steel,Bug,0.25
Fighting/Steel,Rock,0.25
Fighting/Steel,Ghost,1
Fighting/Steel,Dragon,0.5
Fighting/Steel,Dark,0.5
Fighting/Steel,Steel,0.5
Fighting/Steel,Fairy,1
Fighting/Fairy,Normal,1
Fighting/Fairy,Fire,1
Fighting/Fairy,Water,1
Fighting/Fairy,Electric,1
Fighting/Fairy,Grass,1
Fighting/Fairy,Ice,1
Fighting/Fairy,Fighting,0.5
Fighting/Fairy,Poison,2
Fighting/Fairy,Ground,1
Fighting/Fairy,Flying,2
Fighting/Fairy,Psychic,2
Fighting/Fairy,Bug,0.25
Fighting/Fairy,Rock,0.5
Fighting/Fairy,Ghost,1
Fighting/Fairy,Dragon,0
Fighting/Fairy,Dark,0.25
Fighting/Fairy,Steel,2
Fighting/Fairy,Fairy,2
Poison/Ground,Normal,1
Poison/Ground,Fire,1
Poison/Ground,Water,2
Poison/Ground,Electric,0
Poison/Ground,Grass,1
Poison/Ground,Ice,2
Poison/Ground,Fighting,0.5
Poison/Ground,Poison,0.25
Poison/Ground,Ground,2
Poison/Ground,Flying,1
Poison/Ground,Psychic,2
Poison/Ground,Bug,0.5
Poison/Ground,Rock,0.5
Poison/Ground,Ghost,1
Poison/Ground,Dragon,1
Poison/Ground,Dark,1
Poison/Ground,Steel,1
Poison/Ground,Fairy,0.5
Poison/Flying,Normal,1
Poison/Flying,Fire,1
Poison/Flying,Water,1
Poison/Flying,Electric,2
Poison/Flying,Grass,0.25
Poison/Flying,Ice,2
Poison/Flying,Fighting,0.25
Poison/Flying,Poison,0.5
Poison/Flying,Ground,0
Poison/Flying,Flying,1
Poison/Flying,Psychic,2
Poison/Flying,Bug,0.25
Poison/Flying,Rock,2
Poison/Flying,Ghost,1
Poison/Flying,Dragon,1
Poison/Flying,Dark,1
Poison/Flying,Steel,1
Poison/Flying,Fairy,0.5
Poison/Psychic,Normal,1
Poison/Psychic,Fire,1
Poison/Psychic,Water,1
Poison/Psychic,Electric,1
Poison/Psychic,Grass,0.5
Poison/Psychic,Ice,1
Poison/Psychic,Fighting,0.25
Poison/Psychic,Poison,0.5
Poison/Psychic,Ground,2
Poison/Psychic,Flying,1
Poison/Psychic,Psychic,1
Poison/Psychic,Bug,1
Poison/Psychic,Rock,1
Poison/Psychic,Ghost,2
Poison/Psychic,Dragon,1
Poison/Psychic,Dark,2
Poison/Psychic,Steel,1
Poison/Psychic,Fairy,0.5
Poison/Bug,Normal,1
Poison/Bug,Fire,2
Poison/Bug,Water,1
Poison/Bug,Electric,1
Poison/Bug,Grass,0.25
Poison/Bug,Ice,1
Poison/Bug,Fighting,0.25
Poison/Bug,Poison,0.5
Poison/Bug,Ground,1
Poison/Bug,Flying,2
Poison/Bug,Psychic,2
Poison/Bug,Bug,0.5
Poison/Bug,Rock,2
Poison/Bug,Ghost,1
Poison/Bug,Dragon,1
Poison/Bug,Dark,1
Poison/Bug,Steel,1
Poison/Bug,Fairy,0.5
Poison/Rock,Normal,0.5
Poison/Rock,Fire,0.5
Poison/Rock,Water,2
Poison/Rock,Electric,1
Poison/Rock,Grass,1
Poison/Rock,Ice,1
Poison/Rock,Fighting,1
Poison/Rock,Poison,0.25
Poison/Rock,Ground,4
Poison/Rock,Flying,0.5
Poison/Rock,Psychic,2
Poison/Rock,Bug,0.5
Poison/Rock,Rock,1
Poison/Rock,Ghost,1
Poison/Rock,Dragon,1
Poison/Rock,Dark,1
Poison/Rock,Steel,2
Poison/Rock,Fairy,0.5
Poison/Ghost,Normal,0
Poison/Ghost,Fire,1
Poison/Ghost,Water,1
Poison/Ghost,Electric,1
Poison/Ghost,Grass,0.5
Poison/Ghost,Ice,1
Poison/Ghost,Fighting,0
Poison/Ghost,Poison,0.25
Poison/Ghost,Ground,2
Poison/Ghost,Flying,1
Poison/Ghost,Psychic,2
Poison/Ghost,Bug,0.25
Poison/Ghost,Rock,1
Poison/Ghost,Ghost,2
Poison/Ghost,Dragon,1
Poison/Ghost,Dark,2
Poison/Ghost,Steel,1
Poison/Ghost,Fairy,0.5
Poison/Dragon,Normal,1
Poison/Dragon,Fire,0.5
Poison/Dragon,Water,0.5
Poison/Dragon,Electric,0.5
Poison/Dragon,Grass,0.25
Poison/Dragon,Ice,2
Poison/Dragon,Fighting,0.5
Poison/Dragon,Poison,0.5
Poison/Dragon,Ground,2
Poison/Dragon,Flying,1
Poison/Dragon,Psychic,2
Poison/Dragon,Bug,0.5
Poison/Dragon,Rock,1
Poison/Dragon,Ghost,1
Poison/Dragon,Dragon,2
Poison/Dragon,Dark,1
Poison/Dragon,Steel,1
Poison/Dragon,Fairy,1
Poison/Dark,Normal,1
Poison/Dark,Fire,1
Poison/Dark,Water,1
Poison/Dark,Electric,1
Poison/Dark,Grass,0.5
Poison/Dark,Ice,1
Poison/Dark,Fighting,1
Poison/Dark,Poison,0.5
Poison/Dark,Ground,2
Poison/Dark,Flying,1
Poison/Dark,Psychic,0
Poison/Dark,Bug,1
Poison/Dark,Rock,1
Poison/Dark,Ghost,0.5
Poison/Dark,Dragon,1
Poison/Dark,Dark,0.5
Poison/Dark,Steel,1
Poison/Dark,Fairy,1
Poison/Steel,Normal,0.5
Poison/Steel,Fire,2
Poison/Steel,Water,1
Poison/Steel,Electric,1
Poison/Steel,Grass,0.25
Poison/Steel,Ice,0.5
Poison/Steel,Fighting,1
Poison/Steel,Poison,0
Poison/Steel,Ground,4
Poison/Steel,Flying,0.5
Poison/Steel,Psychic,1
Poison/Steel,Bug,0.25
Poison/Steel,Rock,0.5
Poison/Steel,Ghost,1
Poison/Steel,Dragon,0.5
Poison/Steel,Dark,1
Poison/Steel,Steel,0.5
Poison/Steel,Fairy,0.25
Poison/Fairy,Normal,1
Poison/Fairy,Fire,1
Poison/Fairy,Water,1
Poison/Fairy,Electric,1
Poison/Fairy,Grass,0.5
Poison/Fairy,Ice,1
Poison/Fairy,Fighting,0.25
Poison/Fairy,Poison,1
Poison/Fairy,Ground,2
Poison/Fairy,Flying,1
Poison/Fairy,Psychic,2
Poison/Fairy,Bug,0.25
Poison/Fairy,Rock,1
Poison/Fairy,Ghost,1
Poison/Fairy,Dragon,0
Poison/Fairy,Dark,0.5
Poison/Fairy,Steel,2
Poison/Fairy,Fairy,0.5
Ground/Flying,Normal,1
Ground/Flying,Fire,1
Ground/Flying,Water,2
Ground/Flying,Electric,0
Ground/Flying,Grass,1
Ground/Flying,Ice,4
Ground/Flying,Fighting,0.5
Ground/Flying,Poison,0.5
Ground/Flying,Ground,0
Ground/Flying,Flying,1
Ground/Flying,Psychic,1
Ground/Flying,Bug,0.5
Ground/Flying,Rock,1
Ground/Flying,Ghost,1
Ground/Flying,Dragon,1
Ground/Flying,Dark,1
Ground/Flying,Steel,1
Ground/Flying,Fairy,1
Ground/Psychic,Normal,1
Ground/Psychic,Fire,1
Ground/Psychic,Water,2
Ground/Psychic,Electric,0
Ground/Psychic,Grass,2
Ground/Psychic,Ice,2
Ground/Psychic,Fighting,0.5
Ground/Psychic,Poison,0.5
Ground/Psychic,Ground,1
Ground/Psychic,Flying,1
Ground/Psychic,Psychic,0.5
Ground/Psychic,Bug,2
Ground/Psychic,Rock,0.5
Ground/Psychic,Ghost,2
Ground/Psychic,Dragon,1
Ground/Psychic,Dark,2
Ground/Psychic,Steel,1
Ground/Psychic,Fairy,1
Ground/Bug,Normal,1
Ground/Bug,Fire,2
Ground/Bug,Water,2
Ground/Bug,Electric,0
Ground/Bug,Grass,1
Ground/Bug,Ice,2
Ground/Bug,Fighting,0.5
Ground/Bug,Poison,0.5
Ground/Bug,Ground,0.5
Ground/Bug,Flying,2
Ground/Bug,Psychic,1
Ground/Bug,Bug,1
Ground/Bug,Rock,1
Ground/Bug,Ghost,1
Ground/Bug,Dragon,1
Ground/Bug,Dark,1
Ground/Bug,Steel,1
Ground/Bug,Fairy,1
Ground/Rock,Normal,0.5
Ground/Rock,Fire,0.5
Ground/Rock,Water,4
Ground/Rock,Electric,0
Ground/Rock,Grass,4
Ground/Rock,Ice,2
Ground/Rock,Fighting,2
Ground/Rock,Poison,0.25
Ground/Rock,Ground,2
Ground/Rock,Flying,0.5
Ground/Rock,Psychic,1
Ground/Rock,Bug,1
Ground/Rock,Rock,0.5
Ground/Rock,Ghost,1
Ground/Rock,Dragon,1
Ground/Rock,Dark,1
Ground/Rock,Steel,2
Ground/Rock,Fairy,1
Ground/Ghost,Normal,0
Ground/Ghost,Fire,1
Ground/Ghost,Water,2
Ground/Ghost,Electric,0
Ground/Ghost,Grass,2
Ground/Ghost,Ice,2
Ground/Ghost,Fighting,0
Ground/Ghost,Poison,0.25
Ground/Ghost,Ground,1
Ground/Ghost,Flying,1
Ground/Ghost,Psychic,1
Ground/Ghost,Bug,0.5
Ground/Ghost,Rock,0.5
Ground/Ghost,Ghost,2
Ground/Ghost,Dragon,1
Ground/Ghost,Dark,2
Ground/Ghost,Steel,1
Ground/Ghost,Fairy,1
Ground/Dragon,Normal,1
Ground/Dragon,Fire,0.5
Ground/Dragon,Water,1
Ground/Dragon,Electric,0
Ground/Dragon,Grass,1
Ground/Dragon,Ice,4
Ground/Dragon,Fighting,1
Ground/Dragon,Poison,0.5
Ground/Dragon,Ground,1
Ground/Dragon,Flying,1
Ground/Dragon,Psychic,1
Ground/Dragon,Bug,1
Ground/Dragon,Rock,0.5
Ground/Dragon,Ghost,1
Ground/Dragon,Dragon,2
Ground/Dragon,Dark,1
Ground/Dragon,Steel,1
Ground/Dragon,Fairy,2
Ground/Dark,Normal,1
Ground/Dark,Fire,1
Ground/Dark,Water,2
Ground/Dark,Electric,0
Ground/Dark,Grass,2
Ground/Dark,Ice,2
Ground/Dark,Fighting,2
Ground/Dark,Poison,0.5
Ground/Dark,Ground,1
Ground/Dark,Flying,1
Ground/Dark,Psychic,0
Ground/Dark,Bug,2
Ground/Dark,Rock,0.5
Ground/Dark,Ghost,0.5
Ground/Dark,Dragon,1
Ground/Dark,Dark,0.5
Ground/Dark,Steel,1
Ground/Dark,Fairy,2
Ground/Steel,Normal,0.5
Ground/Steel,Fire,2
Ground/Steel,Water,2
Ground/Steel,Electric,0
Ground/Steel,Grass,1
Ground/Steel,Ice,1
Ground/Steel,Fighting,2
Ground/Steel,Poison,0
Ground/Steel,Ground,2
Ground/Steel,Flying,0.5
Ground/Steel,Psychic,0.5
Ground/Steel,Bug,0.5
Ground/Steel,Rock,0.25
Ground/Steel,Ghost,1
Ground/Steel,Dragon,0.5
Ground/Steel,Dark,1
Ground/Steel,Steel,0.5
Ground/Steel,Fairy,0.5
Ground/Fairy,Normal,1
Ground/Fairy,Fire,1
Ground/Fairy,Water,2
Ground/Fairy,Electric,0
Ground/Fairy,Grass,2
Ground/Fairy,Ice,2
Ground/Fairy,Fighting,0.5
Ground/Fairy,Poison,1
Ground/Fairy,Ground,1
Ground/Fairy,Flying,1
Ground/Fairy,Psychic,1
Ground/Fairy,Bug,0.5
Ground/Fairy,Rock,0.5
Ground/Fairy,Ghost,1
Ground/Fairy,Dragon,0
Ground/Fairy,Dark,0.5
Ground/Fairy,Steel,2
Ground/Fairy,Fairy,1
Flying/Psychic,Normal,1
Flying/Psychic,Fire,1
Flying/Psychic,Water,1
Flying/Psychic,Electric,2
Flying/Psychic,Grass,0.5
Flying/Psychic,Ice,2
Flying/Psychic,Fighting,0.25
Flying/Psychic,Poison,1
Flying/Psychic,Ground,0
Flying/Psychic,Flying,1
Flying/Psychic,Psychic,0.5
Flying/Psychic,Bug,1
Flying/Psychic,Rock,2
Flying/Psychic,Ghost,2
Flying/Psychic,Dragon,1
Flying/Psychic,Dark,2
Flying/Psychic,Steel,1
Flying/Psychic,Fairy,1
Flying/Bug,Normal,1
Flying/Bug,Fire,2
Flying/Bug,Water,1
Flying/Bug,Electric,2
Flying/Bug,Grass,0.25
Flying/Bug,Ice,2
Flying/Bug,Fighting,0.25
Flying/Bug,Poison,1
Flying/Bug,Ground,0
Flying/Bug,Flying,2
Flying/Bug,Psychic,1
Flying/Bug,Bug,0.5
Flying/Bug,Rock,4
Flying/Bug,Ghost,1
Flying/Bug,Dragon,1
Flying/Bug,Dark,1
Flying/Bug,Steel,1
Flying/Bug,Fairy,1
Flying/Rock,Normal,0.5
Flying/Rock,Fire,0.5
Flying/Rock,Water,2
Flying/Rock,Electric,2
Flying/Rock,Grass,1
Flying/Rock,Ice,2
Flying/Rock,Fighting,1
Flying/Rock,Poison,0.5
Flying/Rock,Ground,0
Flying/Rock,Flying,0.5
Flying/Rock,Psychic,1
Flying/Rock,Bug,0.5
Flying/Rock,Rock,2
Flying/Rock,Ghost,1
Flying/Rock,Dragon,1
Flying/Rock,Dark,1
Flying/Rock,Steel,2
Flying/Rock,Fairy,1
Flying/Ghost,Normal,0
Flying/Ghost,Fire,1
Flying/Ghost,Water,1
Flying/Ghost,Electric,2
Flying/Ghost,Grass,0.5
Flying/Ghost,Ice,2
Flying/Ghost,Fighting,0
Flying/Ghost,Poison,0.5
Flying/Ghost,Ground,0
Flying/Ghost,Flying,1
Flying/Ghost,Psychic,1
Flying/Ghost,Bug,0.25
Flying/Ghost,Rock,2
Flying/Ghost,Ghost,2
Flying/Ghost,Dragon,1
Flying/Ghost,Dark,2
Flying/Ghost,Steel,1
Flying/Ghost,Fairy,1
Flying/Dragon,Normal,1
Flying/Dragon,Fire,0.5
Flying/Dragon,Water,0.5
Flying/Dragon,Electric,1
Flying/Dragon,Grass,0.25
Flying/Dragon,Ice,4
Flying/Dragon,Fighting,0.5
Flying/Dragon,Poison,1
Flying/Dragon,Ground,0
Flying/Dragon,Flying,1
Flying/Dragon,Psychic,1
Flying/Dragon,Bug,0.5
Flying/Dragon,Rock,2
Flying/Dragon,Ghost,1
Flying/Dragon,Dragon,2
Flying/Dragon,Dark,1
Flying/Dragon,Steel,1
Flying/Dragon,Fairy,2
Flying/Dark,Normal,1
Flying/Dark,Fire,1
Flying/Dark,Water,1
Flying/Dark,Electric,2
Flying/Dark,Grass,0.5
Flying/Dark,Ice,2
Flying/Dark,Fighting,1
Flying/Dark,Poison,1
Flying/Dark,Ground,0
Flying/Dark,Flying,1
Flying/Dark,Psychic,0
Flying/Dark,Bug,1
Flying/Dark,Rock,2
Flying/Dark,Ghost,0.5
Flying/Dark,Dragon,1
Flying/Dark,Dark,0.5
Flying/Dark,Steel,1
Flying/Dark,Fairy,2
Flying/Steel,Normal,0.5
Flying/Steel,Fire,2
Flying/Steel,Water,1
Flying/Steel,Electric,2
Flying/Steel,Grass,0.25
Flying/Steel,Ice,1
Flying/Steel,Fighting,1
Flying/Steel,Poison,0
Flying/Steel,Ground,0
Flying/Steel,Flying,0.5
Flying/Steel,Psychic,0.5
Flying/Steel,Bug,0.25
Flying/Steel,Rock,1
Flying/Steel,Ghost,1
Flying/Steel,Dragon,0.5
Flying/Steel,Dark,1
Flying/Steel,Steel,0.5
Flying/Steel,Fairy,0.5
Flying/Fairy,Normal,1
Flying/Fairy,Fire,1
Flying/Fairy,Water,1
Flying/Fairy,Electric,2
Flying/Fairy,Grass,0.5
Flying/Fairy,Ice,2
Flying/Fairy,Fighting,0.25
Flying/Fairy,Poison,2
Flying/Fairy,Ground,0
Flying/Fairy,Flying,1
Flying/Fairy,Psychic,1
Flying/Fairy,Bug,0.25
Flying/Fairy,Rock,2
Flying/Fairy,Ghost,1
Flying/Fairy,Dragon,0
Flying/Fairy,Dark,0.5
Flying/Fairy,Steel,2
Flying/Fairy,Fairy,1
Psychic/Bug,Normal,1
Psychic/Bug,Fire,2
Psychic/Bug,Water,1
Psychic/Bug,Electric,1
Psychic/Bug,Grass,0.5
Psychic/Bug,Ice,1
Psychic/Bug,Fighting,0.25
Psychic/Bug,Poison,1
Psychic/Bug,Ground,0.5
Psychic/Bug,Flying,2
Psychic/Bug,Psychic,0.5
Psychic/Bug,Bug,2
Psychic/Bug,Rock,2
Psychic/Bug,Ghost,2
Psychic/Bug,Dragon,1
Psychic/Bug,Dark,2
Psychic/Bug,Steel,1
Psychic/Bug,Fairy,1
Psychic/Rock,Normal,0.5
Psychic/Rock,Fire,0.5
Psychic/Rock,Water,2
Psychic/Rock,Electric,1
Psychic/Rock,Grass,2
Psychic/Rock,Ice,1
Psychic/Rock,Fighting,1
Psychic/Rock,Poison,0.5
Psychic/Rock,Ground,2
Psychic/Rock,Flying,0.5
Psychic/Rock,Psychic,0.5
Psychic/Rock,Bug,2
Psychic/Rock,Rock,1
Psychic/Rock,Ghost,2
Psychic/Rock,Dragon,1
Psychic/Rock,Dark,2
Psychic/Rock,Steel,2
Psychic/Rock,Fairy,1
Psychic/Ghost,Normal,0
Psychic/Ghost,Fire,1
Psychic/Ghost,Water,1
Psychic/Ghost,Electric,1
Psychic/Ghost,Grass,1
Psychic/Ghost,Ice,1
Psychic/Ghost,Fighting,0
Psychic/Ghost,Poison,0.5
Psychic/Ghost,Ground,1
Psychic/Ghost,Flying,1
Psychic/Ghost,Psychic,0.5
Psychic/Ghost,Bug,1
Psychic/Ghost,Rock,1
Psychic/Ghost,Ghost,4
Psychic/Ghost,Dragon,1
Psychic/Ghost,Dark,4
Psychic/Ghost,Steel,1
Psychic/Ghost,Fairy,1
Psychic/Dragon,Normal,1
Psychic/Dragon,Fire,0.5
Psychic/Dragon,Water,0.5
Psychic/Dragon,Electric,0.5
Psychic/Dragon,Grass,0.5
Psychic/Dragon,Ice,2
Psychic/Dragon,Fighting,0.5
Psychic/Dragon,Poison,1
Psychic/Dragon,Ground,1
Psychic/Dragon,Flying,1
Psychic/Dragon,Psychic,0.5
Psychic/Dragon,Bug,2
Psychic/Dragon,Rock,1
Psychic/Dragon,Ghost,2
Psychic/Dragon,Dragon,2
Psychic/Dragon,Dark,2
Psychic/Dragon,Steel,1
Psychic/Dragon,Fairy,2
Psychic/Dark,Normal,1
Psychic/Dark,Fire,1
Psychic/Dark,Water,1
Psychic/Dark,Electric,1
Psychic/Dark,Grass,1
Psychic/Dark,Ice,1
Psychic/Dark,Fighting,1
Psychic/Dark,Poison,1
Psychic/Dark,Ground,1
Psychic/Dark,Flying,1
Psychic/Dark,Psychic,0
Psychic/Dark,Bug,4
Psychic/Dark,Rock,1
Psychic/Dark,Ghost,1
Psychic/Dark,Dragon,1
Psychic/Dark,Dark,1
Psychic/Dark,Steel,1
Psychic/Dark,Fairy,2
Psychic/Steel,Normal,0.5
Psychic/Steel,Fire,2
Psychic/Steel,Water,1
Psychic/Steel,Electric,1
Psychic/Steel,Grass,0.5
Psychic/Steel,Ice,0.5
Psychic/Steel,Fighting,1
Psychic/Steel,Poison,0
Psychic/Steel,Ground,2
Psychic/Steel,Flying,0.5
Psychic/Steel,Psychic,0.25
Psychic/Steel,Bug,1
Psychic/Steel,Rock,0.5
Psychic/Steel,Ghost,2
Psychic/Steel,Dragon,0.5
Psychic/Steel,Dark,2
Psychic/Steel,Steel,0.5
Psychic/Steel,Fairy,0.5
Psychic/Fairy,Normal,1
Psychic/Fairy,Fire,1
Psychic/Fairy,Water,1
Psychic/Fairy,Electric,1
Psychic/Fairy,Grass,1
Psychic/Fairy,Ice,1
Psychic/Fairy,Fighting,0.25
Psychic/Fairy,Poison,2
Psychic/Fairy,Ground,1
Psychic/Fairy,Flying,1
Psychic/Fairy,Psychic,0.5
Psychic/Fairy,Bug,1
Psychic/Fairy,Rock,1
Psychic/Fairy,Ghost,2
Psychic/Fairy,Dragon,0
Psychic/Fairy,Dark,1
Psychic/Fairy,Steel,2
Psychic/Fairy,Fairy,1
Bug/Rock,Normal,0.5
Bug/Rock,Fire,1
Bug/Rock,Water,2
Bug/Rock,Electric,1
Bug/Rock,Grass,1
Bug/Rock,Ice,1
Bug/Rock,Fighting,1
Bug/Rock,Poison,0.5
Bug/Rock,Ground,1
Bug/Rock,Flying,1
Bug/Rock,Psychic,1
Bug/Rock,Bug,1
Bug/Rock,Rock,2
Bug/Rock,Ghost,1
Bug/Rock,Dragon,1
Bug/Rock,Dark,1
Bug/Rock,Steel,2
Bug/Rock,Fairy,1
Bug/Ghost,Normal,0
Bug/Ghost,Fire,2
Bug/Ghost,Water,1
Bug/Ghost,Electric,1
Bug/Ghost,Grass,0.5
Bug/Ghost,Ice,1
Bug/Ghost,Fighting,0
Bug/Ghost,Poison,0.5
Bug/Ghost,Ground,0.5
Bug/Ghost,Flying,2
Bug/Ghost,Psychic,1
Bug/Ghost,Bug,0.5
Bug/Ghost,Rock,2
Bug/Ghost,Ghost,2
Bug/Ghost,Dragon,1
Bug/Ghost,Dark,2
Bug/Ghost,Steel,1
Bug/Ghost,Fairy,1
Bug/Dragon,Normal,1
Bug/Dragon,Fire,1
Bug/Dragon,Water,0.5
Bug/Dragon,Electric,0.5
Bug/Dragon,Grass,0.25
Bug/Dragon,Ice,2
Bug/Dragon,Fighting,0.5
Bug/Dragon,Poison,1
Bug/Dragon,Ground,0.5
Bug/Dragon,Flying,2
Bug/Dragon,Psychic,1
Bug/Dragon,Bug,1
Bug/Dragon,Rock,2
Bug/Dragon,Ghost,1
Bug/Dragon,Dragon,2
Bug/Dragon,Dark,1
Bug/Dragon,Steel,1
Bug/Dragon,Fairy,2
Bug/Dark,Normal,1
Bug/Dark,Fire,2
Bug/Dark,Water,1
Bug/Dark,Electric,1
Bug/Dark,Grass,0.5
Bug/Dark,Ice,1
Bug/Dark,Fighting,1
Bug/Dark,Poison,1
Bug/Dark,Ground,0.5
Bug/Dark,Flying,2
Bug/Dark,Psychic,0
Bug/Dark,Bug,2
Bug/Dark,Rock,2
Bug/Dark,Ghost,0.5
Bug/Dark,Dragon,1
Bug/Dark,Dark,0.5
Bug/Dark,Steel,1
Bug/Dark,Fairy,2
Bug/Steel,Normal,0.5
Bug/Steel,Fire,4
Bug/Steel,Water,1
Bug/Steel,Electric,1
Bug/Steel,Grass,0.25
Bug/Steel,Ice,0.5
Bug/Steel,Fighting,1
Bug/Steel,Poison,0
Bug/Steel,Ground,1
Bug/Steel,Flying,1
Bug/Steel,Psychic,0.5
Bug/Steel,Bug,0.5
Bug/Steel,Rock,1
Bug/Steel,Ghost,1
Bug/Steel,Dragon,0.5
Bug/Steel,Dark,1
Bug/Steel,Steel,0.5
Bug/Steel,Fairy,0.5
Bug/Fairy,Normal,1
Bug/Fairy,Fire,2
Bug/Fairy,Water,1
Bug/Fairy,Electric,1
Bug/Fairy,Grass,0.5
Bug/Fairy,Ice,1
Bug/Fairy,Fighting,0.25
Bug/Fairy,Poison,2
Bug/Fairy,Ground,0.5
Bug/Fairy,Flying,2
Bug/Fairy,Psychic,1
Bug/Fairy,Bug,0.5
Bug/Fairy,Rock,2
Bug/Fairy,Ghost,1
Bug/Fairy,Dragon,0
Bug/Fairy,Dark,0.5
Bug/Fairy,Steel,2
Bug/Fairy,Fairy,1
Rock/Ghost,Normal,0
Rock/Ghost,Fire,0.5
Rock/Ghost,Water,2
Rock/Ghost,Electric,1
Rock/Ghost,Grass,2
Rock/Ghost,Ice,1
Rock/Ghost,Fighting,0
Rock/Ghost,Poison,0.25
Rock/Ghost,Ground,2
Rock/Ghost,Flying,0.5
Rock/Ghost,Psychic,1
Rock/Ghost,Bug,0.5
Rock/Ghost,Rock,1
Rock/Ghost,Ghost,2
Rock/Ghost,Dragon,1
Rock/Ghost,Dark,2
Rock/Ghost,Steel,2
Rock/Ghost,Fairy,1
Rock/Dragon,Normal,0.5
Rock/Dragon,Fire,0.25
Rock/Dragon,Water,1
Rock/Dragon,Electric,0.5
Rock/Dragon,Grass,1
Rock/Dragon,Ice,2
Rock/Dragon,Fighting,2
Rock/Dragon,Poison,0.5
Rock/Dragon,Ground,2
Rock/Dragon,Flying,0.5
Rock/Dragon,Psychic,1
Rock/Dragon,Bug,1
Rock/Dragon,Rock,1
Rock/Dragon,Ghost,1
Rock/Dragon,Dragon,2
Rock/Dragon,Dark,1
Rock/Dragon,Steel,2
Rock/Dragon,Fairy,2
Rock/Dark,Normal,0.5
Rock/Dark,Fire,0.5
Rock/Dark,Water,2
Rock/Dark,Electric,1
Rock/Dark,Grass,2
Rock/Dark,Ice,1
Rock/Dark,Fighting,4
Rock/Dark,Poison,0.5
Rock/Dark,Ground,2
Rock/Dark,Flying,0.5
Rock/Dark,Psychic,0
Rock/Dark,Bug,2
Rock/Dark,Rock,1
Rock/Dark,Ghost,0.5
Rock/Dark,Dragon,1
Rock/Dark,Dark,0.5
Rock/Dark,Steel,2
Rock/Dark,Fairy,2
Rock/Steel,Normal,0.25
Rock/Steel,Fire,1
Rock/Steel,Water,2
Rock/Steel,Electric,1
Rock/Steel,Grass,1
Rock/Steel,Ice,0.5
Rock/Steel,Fighting,4
Rock/Steel,Poison,0
Rock/Steel,Ground,4
Rock/Steel,Flying,0.25
Rock/Steel,Psychic,0.5
Rock/Steel,Bug,0.5
Rock/Steel,Rock,0.5
Rock/Steel,Ghost,1
Rock/Steel,Dragon,0.5
Rock/Steel,Dark,1
Rock/Steel,Steel,1
Rock/Steel,Fairy,0.5
Rock/Fairy,Normal,0.5
Rock/Fairy,Fire,0.5
Rock/Fairy,Water,2
Rock/Fairy,Electric,1
Rock/Fairy,Grass,2
Rock/Fairy,Ice,1
Rock/Fairy,Fighting,1
Rock/Fairy,Poison,1
Rock/Fairy,Ground,2
Rock/Fairy,Flying,0.5
Rock/Fairy,Psychic,1
Rock/Fairy,Bug,0.5
Rock/Fairy,Rock,1
Rock/Fairy,Ghost,1
Rock/Fairy,Dragon,0
Rock/Fairy,Dark,0.5
Rock/Fairy,Steel,4
Rock/Fairy,Fairy,1
Ghost/Dragon,Normal,0
Ghost/Dragon,Fire,0.5
Ghost/Dragon,Water,0.5
Ghost/Dragon,Electric,0.5
Ghost/Dragon,Grass,0.5
Ghost/Dragon,Ice,2
Ghost/Dragon,Fighting,0
Ghost/Dragon,Poison,0.5
Ghost/Dragon,Ground,1
Ghost/Dragon,Flying,1
Ghost/Dragon,Psychic,1
Ghost/Dragon,Bug,0.5
Ghost/Dragon,Rock,1
Ghost/Dragon,Ghost,2
Ghost/Dragon,Dragon,2
Ghost/Dragon,Dark,2
Ghost/Dragon,Steel,1
Ghost/Dragon,Fairy,2
Ghost/Dark,Normal,0
Ghost/Dark,Fire,1
Ghost/Dark,Water,1
Ghost/Dark,Electric,1
Ghost/Dark,Grass,1
Ghost/Dark,Ice,1
Ghost/Dark,Fighting,0
Ghost/Dark,Poison,0.5
Ghost/Dark,Ground,1
Ghost/Dark,Flying,1
Ghost/Dark,Psychic,0
Ghost/Dark,Bug,1
Ghost/Dark,Rock,1
Ghost/Dark,Ghost,1
Ghost/Dark,Dragon,1
Ghost/Dark,Dark,1
Ghost/Dark,Steel,1
Ghost/Dark,Fairy,2
Ghost/Steel,Normal,0
Ghost/Steel,Fire,2
Ghost/Steel,Water,1
Ghost/Steel,Electric,1
Ghost/Steel,Grass,0.5
Ghost/Steel,Ice,0.5
Ghost/Steel,Fighting,0
Ghost/Steel,Poison,0
Ghost/Steel,Ground,2
Ghost/Steel,Flying,0.5
Ghost/Steel,Psychic,0.5
Ghost/Steel,Bug,0.25
Ghost/Steel,Rock,0.5
Ghost/Steel,Ghost,2
Ghost/Steel,Dragon,0.5
Ghost/Steel,Dark,2
Ghost/Steel,Steel,0.5
Ghost/Steel,Fairy,0.5
Ghost/Fairy,Normal,0
Ghost/Fairy,Fire,1
Ghost/Fairy,Water,1
Ghost/Fairy,Electric,1
Ghost/Fairy,Grass,1
Ghost/Fairy,Ice,1
Ghost/Fairy,Fighting,0
Ghost/Fairy,Poison,1
Ghost/Fairy,Ground,1
Ghost/Fairy,Flying,1
Ghost/Fairy,Psychic,1
Ghost/Fairy,Bug,0.25
Ghost/Fairy,Rock,1
Ghost/Fairy,Ghost,2
Ghost/Fairy,Dragon,0
Ghost/Fairy,Dark,1
Ghost/Fairy,Steel,2
Ghost/Fairy,Fairy,1
Dragon/Dark,Normal,1
Dragon/Dark,Fire,0.5
Dragon/Dark,Water,0.5
Dragon/Dark,Electric,0.5
Dragon/Dark,Grass,0.5
Dragon/Dark,Ice,2
Dragon/Dark,Fighting,2
Dragon/Dark,Poison,1
Dragon/Dark,Ground,1
Dragon/Dark,Flying,1
Dragon/Dark,Psychic,0
Dragon/Dark,Bug,2
Dragon/Dark,Rock,1
Dragon/Dark,Ghost,0.5
Dragon/Dark,Dragon,2
Dragon/Dark,Dark,0.5
Dragon/Dark,Steel,1
Dragon/Dark,Fairy,4
Dragon/Steel,Normal,0.5
Dragon/Steel,Fire,1
Dragon/Steel,Water,0.5
Dragon/Steel,Electric,0.5
Dragon/Steel,Grass,0.25
Dragon/Steel,Ice,1
Dragon/Steel,Fighting,2
Dragon/Steel,Poison,0
Dragon/Steel,Ground,2
Dragon/Steel,Flying,0.5
Dragon/Steel,Psychic,0.5
Dragon/Steel,Bug,0.5
Dragon/Steel,Rock,0.5
Dragon/Steel,Ghost,1
Dragon/Steel,Dragon,1
Dragon/Steel,Dark,1
Dragon/Steel,Steel,0.5
Dragon/Steel,Fairy,1
Dragon/Fairy,Normal,1
Dragon/Fairy,Fire,0.5
Dragon/Fairy,Water,0.5
Dragon/Fairy,Electric,0.5
Dragon/Fairy,Grass,0.5
Dragon/Fairy,Ice,2
Dragon/Fairy,Fighting,0.5
Dragon/Fairy,Poison,2
Dragon/Fairy,Ground,1
Dragon/Fairy,Flying,1
Dragon/Fairy,Psychic,1
Dragon/Fairy,Bug,0.5
Dragon/Fairy,Rock,1
Dragon/Fairy,Ghost,1
Dragon/Fairy,Dragon,0
Dragon/Fairy,Dark,0.5
Dragon/Fairy,Steel,2
Dragon/Fairy,Fairy,2
Dark/Steel,Normal,0.5
Dark/Steel,Fire,2
Dark/Steel,Water,1
Dark/Steel,Electric,1
Dark/Steel,Grass,0.5
Dark/Steel,Ice,0.5
Dark/Steel,Fighting,4
Dark/Steel,Poison,0
Dark/Steel,Ground,2
Dark/Steel,Flying,0.5
Dark/Steel,Psychic,0
Dark/Steel,Bug,1
Dark/Steel,Rock,0.5
Dark/Steel,Ghost,0.5
Dark/Steel,Dragon,0.5
Dark/Steel,Dark,0.5
Dark/Steel,Steel,0.5
Dark/Steel,Fairy,1
Dark/Fairy,Normal,1
Dark/Fairy,Fire,1
Dark/Fairy,Water,1
Dark/Fairy,Electric,1
Dark/Fairy,Grass,1
Dark/Fairy,Ice,1
Dark/Fairy,Fighting,1
Dark/Fairy,Poison,2
Dark/Fairy,Ground,1
Dark/Fairy,Flying,1
Dark/Fairy,Psychic,0
Dark/Fairy,Bug,1
Dark/Fairy,Rock,1
Dark/Fairy,Ghost,0.5
Dark/Fairy,Dragon,0
Dark/Fairy,Dark,0.25
Dark/Fairy,Steel,2
Dark/Fairy,Fairy,2
Steel/Fairy,Normal,0.5
Steel/Fairy,Fire,2
Steel/Fairy,Water,1
Steel/Fairy,Electric,1
Steel/Fairy,Grass,0.5
Steel/Fairy,Ice,0.5
Steel/Fairy,Fighting,1
Steel/Fairy,Poison,0
Steel/Fairy,Ground,2
Steel/Fairy,Flying,0.5
Steel/Fairy,Psychic,0.5
Steel/Fairy,Bug,0.25
Steel/Fairy,Rock,0.5
Steel/Fairy,Ghost,1
Steel/Fairy,Dragon,0
Steel/Fairy,Dark,0.5
Steel/Fairy,Steel,1
Steel/Fairy,Fairy,0.5
