"","dex","name","type_1","type_2","total","hp","attack","defense","sp_atk","sp_def","speed","height_m","weight_kgs","bmi"
"1",1,"Bulbasaur","Grass","Poison",318,45,49,49,65,65,45,0.7,6.9,"14.1"
"2",2,"Ivysaur","Grass","Poison",405,60,62,63,80,80,60,1,13,"13.0"
"3",3,"Venusaur","Grass","Poison",525,80,82,83,100,100,80,2,100,"25.0"
"4",3,"VenusaurMega Venusaur","Grass","Poison",625,80,100,123,122,120,80,2.4,155.5,"27.0"
"5",4,"Charmander","Fire",NA,309,39,52,43,60,50,65,0.6,8.5,"23.6"
"6",5,"Charmeleon","Fire",NA,405,58,64,58,80,65,80,1.1,19,"15.7"
"7",6,"Charizard","Fire","Flying",534,78,84,78,109,85,100,1.7,90.5,"31.3"
"8",6,"CharizardMega Charizard Y","Fire","Flying",634,78,104,78,159,115,100,1.7,100.5,"34.8"
"9",6,"CharizardMega Charizard X","Fire","Dragon",634,78,130,111,130,85,100,1.7,110.5,"38.2"
"10",7,"Squirtle","Water",NA,314,44,48,65,50,64,43,0.5,9,"36.0"
"11",8,"Wartortle","Water",NA,405,59,63,80,65,80,58,1,22.5,"22.5"
"12",9,"Blastoise","Water",NA,530,79,83,100,85,105,78,1.6,85.5,"33.4"
"13",9,"BlastoiseMega Blastoise","Water",NA,630,79,103,120,135,115,78,1.6,101.1,"39.5"
"14",10,"Caterpie","Bug",NA,195,45,30,35,20,20,45,0.3,2.9,"32.2"
"15",11,"Metapod","Bug",NA,205,50,20,55,25,25,30,0.7,9.9,"20.2"
"16",12,"Butterfree","Bug","Flying",395,60,45,50,90,80,70,1.1,32,"26.4"
"17",13,"Weedle","Bug","Poison",195,40,35,30,20,20,50,0.3,3.2,"35.6"
"18",14,"Kakuna","Bug","Poison",205,45,25,50,25,25,35,0.6,10,"27.8"
"19",15,"BeedrillMega Beedrill","Bug","Poison",495,65,150,40,15,80,145,1.4,40.5,"20.7"
"20",15,"Beedrill","Bug","Poison",395,65,90,40,45,80,75,1,29.5,"29.5"
"21",16,"Pidgey","Normal","Flying",251,40,45,40,35,35,56,0.3,1.8,"20.0"
"22",17,"Pidgeotto","Normal","Flying",349,63,60,55,50,50,71,1.1,30,"24.8"
"23",18,"PidgeotMega Pidgeot","Normal","Flying",579,83,80,80,135,80,121,2.2,50.5,"10.4"
"24",18,"Pidgeot","Normal","Flying",479,83,80,75,70,70,101,1.5,39.5,"17.6"
"25",19,"Rattata","Normal",NA,253,30,56,35,25,35,72,0.3,3.5,"38.9"
"26",19,"RattataAlolan Rattata","Dark","Normal",253,30,56,35,25,35,72,0.3,3.8,"42.2"
"27",20,"Raticate","Normal",NA,413,55,81,60,50,70,97,0.7,18.5,"37.8"
"28",20,"RaticateAlolan Raticate","Dark","Normal",413,75,71,70,40,80,77,0.7,25.5,"52.0"
"29",21,"Spearow","Normal","Flying",262,40,60,30,31,31,70,0.3,2,"22.2"
"30",22,"Fearow","Normal","Flying",442,65,90,65,61,61,100,1.2,38,"26.4"
"31",23,"Ekans","Poison",NA,288,35,60,44,40,54,55,2,6.9,"1.7"
"32",24,"Arbok","Poison",NA,448,60,95,69,65,79,80,3.5,65,"5.3"
"33",25,"Pikachu","Electric",NA,320,35,55,40,50,50,90,0.4,6,"37.5"
"34",25,"PikachuPartner Pikachu","Electric",NA,430,45,80,50,75,60,120,0.4,6,"37.5"
"35",26,"RaichuAlolan Raichu","Electric","Psychic",485,60,85,50,95,85,110,0.7,21,"42.9"
"36",26,"Raichu","Electric",NA,485,60,90,55,90,80,110,0.8,30,"46.9"
"37",27,"Sandshrew","Ground",NA,300,50,75,85,20,30,40,0.6,12,"33.3"
"38",27,"SandshrewAlolan Sandshrew","Ice","Steel",300,50,75,90,10,35,40,0.7,40,"81.6"
"39",28,"Sandslash","Ground",NA,450,75,100,110,45,55,65,1,29.5,"29.5"
"40",28,"SandslashAlolan Sandslash","Ice","Steel",450,75,100,120,25,65,65,1.2,55,"38.2"
"41",29,"Nidoranâ","Poison",NA,275,55,47,52,40,40,41,0.4,7,"43.8"
"42",30,"Nidorina","Poison",NA,365,70,62,67,55,55,56,0.8,20,"31.3"
"43",31,"Nidoqueen","Poison","Ground",505,90,92,87,75,85,76,1.3,60,"35.5"
"44",32,"Nidoranâ","Poison",NA,273,46,57,40,40,40,50,0.5,9,"36.0"
"45",33,"Nidorino","Poison",NA,365,61,72,57,55,55,65,0.9,19.5,"24.1"
"46",34,"Nidoking","Poison","Ground",505,81,102,77,85,75,85,1.4,62,"31.6"
"47",35,"Clefairy","Fairy",NA,323,70,45,48,60,65,35,0.6,7.5,"20.8"
"48",36,"Clefable","Fairy",NA,483,95,70,73,95,90,60,1.3,40,"23.7"
"49",37,"Vulpix","Fire",NA,299,38,41,40,50,65,65,0.6,9.9,"27.5"
"50",37,"VulpixAlolan Vulpix","Ice",NA,299,38,41,40,50,65,65,0.6,9.9,"27.5"
"51",38,"Ninetales","Fire",NA,505,73,76,75,81,100,100,1.1,19.9,"16.4"
"52",38,"NinetalesAlolan Ninetales","Ice","Fairy",505,73,67,75,81,100,109,1.1,19.9,"16.4"
"53",39,"Jigglypuff","Normal","Fairy",270,115,45,20,45,25,20,0.5,5.5,"22.0"
"54",40,"Wigglytuff","Normal","Fairy",435,140,70,45,85,50,45,1,12,"12.0"
"55",41,"Zubat","Poison","Flying",245,40,45,35,30,40,55,0.8,7.5,"11.7"
"56",42,"Golbat","Poison","Flying",455,75,80,70,65,75,90,1.6,55,"21.5"
"57",43,"Oddish","Grass","Poison",320,45,50,55,75,65,30,0.5,5.4,"21.6"
"58",44,"Gloom","Grass","Poison",395,60,65,70,85,75,40,0.8,8.6,"13.4"
"59",45,"Vileplume","Grass","Poison",490,75,80,85,110,90,50,1.2,18.6,"12.9"
"60",46,"Paras","Bug","Grass",285,35,70,55,45,55,25,0.3,5.4,"60.0"
"61",47,"Parasect","Bug","Grass",405,60,95,80,60,80,30,1,29.5,"29.5"
"62",48,"Venonat","Bug","Poison",305,60,55,50,40,55,45,1,30,"30.0"
"63",49,"Venomoth","Bug","Poison",450,70,65,60,90,75,90,1.5,12.5,"5.6"
"64",50,"Diglett","Ground",NA,265,10,55,25,35,45,95,0.2,0.8,"20.0"
"65",50,"DiglettAlolan Diglett","Ground","Steel",265,10,55,30,35,45,90,0.2,1,"25.0"
"66",51,"Dugtrio","Ground",NA,425,35,100,50,50,70,120,0.7,33.3,"68.0"
"67",51,"DugtrioAlolan Dugtrio","Ground","Steel",425,35,100,60,50,70,110,0.7,66.6,"135.9"
"68",52,"Meowth","Normal",NA,290,40,45,35,40,40,90,0.4,4.2,"26.3"
"69",52,"MeowthAlolan Meowth","Dark",NA,290,40,35,35,50,40,90,0.4,4.2,"26.3"
"70",52,"MeowthGalarian Meowth","Steel",NA,290,50,65,55,40,40,40,0.4,7.5,"46.9"
"71",53,"PersianAlolan Persian","Dark",NA,440,65,60,60,75,65,115,1.1,33,"27.3"
"72",53,"Persian","Normal",NA,440,65,70,60,65,65,115,1,32,"32.0"
"73",54,"Psyduck","Water",NA,320,50,52,48,65,50,55,0.8,19.6,"30.6"
"74",55,"Golduck","Water",NA,500,80,82,78,95,80,85,1.7,76.6,"26.5"
"75",56,"Mankey","Fighting",NA,305,40,80,35,35,45,70,0.5,28,"112.0"
"76",57,"Primeape","Fighting",NA,455,65,105,60,60,70,95,1,32,"32.0"
"77",58,"GrowlitheHisuian Growlithe","Fire","Rock",350,60,75,45,65,50,55,0.8,22.7,"35.5"
"78",58,"Growlithe","Fire",NA,350,55,70,45,70,50,60,0.7,19,"38.8"
"79",59,"ArcanineHisuian Arcanine","Fire","Rock",555,95,115,80,95,80,90,2,168,"42.0"
"80",59,"Arcanine","Fire",NA,555,90,110,80,100,80,95,1.9,155,"42.9"
"81",60,"Poliwag","Water",NA,300,40,50,40,40,40,90,0.6,12.4,"34.4"
"82",61,"Poliwhirl","Water",NA,385,65,65,65,50,50,90,1,20,"20.0"
"83",62,"Poliwrath","Water","Fighting",510,90,95,95,70,90,70,1.3,54,"32.0"
"84",63,"Abra","Psychic",NA,310,25,20,15,105,55,90,0.9,19.5,"24.1"
"85",64,"Kadabra","Psychic",NA,400,40,35,30,120,70,105,1.3,56.5,"33.4"
"86",65,"Alakazam","Psychic",NA,500,55,50,45,135,95,120,1.5,48,"21.3"
"87",65,"AlakazamMega Alakazam","Psychic",NA,600,55,50,65,175,105,150,1.2,48,"33.3"
"88",66,"Machop","Fighting",NA,305,70,80,50,35,35,35,0.8,19.5,"30.5"
"89",67,"Machoke","Fighting",NA,405,80,100,70,50,60,45,1.5,70.5,"31.3"
"90",68,"Machamp","Fighting",NA,505,90,130,80,65,85,55,1.6,130,"50.8"
"91",69,"Bellsprout","Grass","Poison",300,50,75,35,70,30,40,0.7,4,"8.2"
"92",70,"Weepinbell","Grass","Poison",390,65,90,50,85,45,55,1,6.4,"6.4"
"93",71,"Victreebel","Grass","Poison",490,80,105,65,100,70,70,1.7,15.5,"5.4"
"94",71,"VictreebelMega Victreebel","Grass","Poison",590,80,125,85,135,95,70,4.5,125.5,"6.2"
"95",72,"Tentacool","Water","Poison",335,40,40,35,50,100,70,0.9,45.5,"56.2"
"96",73,"Tentacruel","Water","Poison",515,80,70,65,80,120,100,1.6,55,"21.5"
"97",74,"Geodude","Rock","Ground",300,40,80,100,30,30,20,0.4,20,"125.0"
"98",74,"GeodudeAlolan Geodude","Rock","Electric",300,40,80,100,30,30,20,0.4,20.3,"126.9"
"99",75,"Graveler","Rock","Ground",390,55,95,115,45,45,35,1,105,"105.0"
"100",75,"GravelerAlolan Graveler","Rock","Electric",390,55,95,115,45,45,35,1,110,"110.0"
"101",76,"GolemAlolan Golem","Rock","Electric",495,80,120,130,55,65,45,1.7,316,"109.3"
"102",76,"Golem","Rock","Ground",495,80,120,130,55,65,45,1.4,300,"153.1"
"103",77,"Ponyta","Fire",NA,410,50,85,55,65,65,90,1,30,"30.0"
"104",77,"PonytaGalarian Ponyta","Psychic",NA,410,50,85,55,65,65,90,0.8,24,"37.5"
"105",78,"RapidashGalarian Rapidash","Psychic","Fairy",500,65,100,70,80,80,105,1.7,80,"27.7"
"106",78,"Rapidash","Fire",NA,500,65,100,70,80,80,105,1.7,95,"32.9"
"107",79,"Slowpoke","Water","Psychic",315,90,65,65,40,40,15,1.2,36,"25.0"
"108",79,"SlowpokeGalarian Slowpoke","Psychic",NA,315,90,65,65,40,40,15,1.2,36,"25.0"
"109",80,"SlowbroGalarian Slowbro","Poison","Psychic",490,95,100,95,100,70,30,1.6,70.5,"27.5"
"110",80,"SlowbroMega Slowbro","Water","Psychic",590,95,75,180,130,80,30,2,120,"30.0"
"111",80,"Slowbro","Water","Psychic",490,95,75,110,100,80,30,1.6,78.5,"30.7"
"112",81,"Magnemite","Electric","Steel",325,25,35,70,95,55,45,0.3,6,"66.7"
"113",82,"Magneton","Electric","Steel",465,50,60,95,120,70,70,1,60,"60.0"
"114",83,"Farfetch'd","Normal","Flying",377,52,90,55,58,62,60,0.8,15,"23.4"
"115",83,"Farfetch'dGalarian Farfetch'd","Fighting",NA,377,52,95,55,58,62,55,0.8,42,"65.6"
"116",84,"Doduo","Normal","Flying",310,35,85,45,35,35,75,1.4,39.2,"20.0"
"117",85,"Dodrio","Normal","Flying",470,60,110,70,60,60,110,1.8,85.2,"26.3"
"118",86,"Seel","Water",NA,325,65,45,55,45,70,45,1.1,90,"74.4"
"119",87,"Dewgong","Water","Ice",475,90,70,80,70,95,70,1.7,120,"41.5"
"120",88,"Grimer","Poison",NA,325,80,80,50,40,50,25,0.9,30,"37.0"
"121",88,"GrimerAlolan Grimer","Poison","Dark",325,80,80,50,40,50,25,0.7,42,"85.7"
"122",89,"Muk","Poison",NA,500,105,105,75,65,100,50,1.2,30,"20.8"
"123",89,"MukAlolan Muk","Poison","Dark",500,105,105,75,65,100,50,1,52,"52.0"
"124",90,"Shellder","Water",NA,305,30,65,100,45,25,40,0.3,4,"44.4"
"125",91,"Cloyster","Water","Ice",525,50,95,180,85,45,70,1.5,132.5,"58.9"
"126",92,"Gastly","Ghost","Poison",310,30,35,30,100,35,80,1.3,0.1,"0.1"
"127",93,"Haunter","Ghost","Poison",405,45,50,45,115,55,95,1.6,0.1,"0.0"
"128",94,"Gengar","Ghost","Poison",500,60,65,60,130,75,110,1.5,40.5,"18.0"
"129",94,"GengarMega Gengar","Ghost","Poison",600,60,65,80,170,95,130,1.4,40.5,"20.7"
"130",95,"Onix","Rock","Ground",385,35,45,160,30,45,70,8.8,210,"2.7"
"131",96,"Drowzee","Psychic",NA,328,60,48,45,43,90,42,1,32.4,"32.4"
"132",97,"Hypno","Psychic",NA,483,85,73,70,73,115,67,1.6,75.6,"29.5"
"133",98,"Krabby","Water",NA,325,30,105,90,25,25,50,0.4,6.5,"40.6"
"134",99,"Kingler","Water",NA,475,55,130,115,50,50,75,1.3,60,"35.5"
"135",100,"Voltorb","Electric",NA,330,40,30,50,55,55,100,0.5,10.4,"41.6"
"136",100,"VoltorbHisuian Voltorb","Electric","Grass",330,40,30,50,55,55,100,0.5,13,"52.0"
"137",101,"Electrode","Electric",NA,490,60,50,70,80,80,150,1.2,66.6,"46.3"
"138",101,"ElectrodeHisuian Electrode","Electric","Grass",490,60,50,70,80,80,150,1.2,71,"49.3"
"139",102,"Exeggcute","Grass","Psychic",325,60,40,80,60,45,40,0.4,2.5,"15.6"
"140",103,"ExeggutorAlolan Exeggutor","Grass","Dragon",530,95,105,85,125,75,45,10.9,415.6,"3.5"
"141",103,"Exeggutor","Grass","Psychic",530,95,95,85,125,75,55,2,120,"30.0"
"142",104,"Cubone","Ground",NA,320,50,50,95,40,50,35,0.4,6.5,"40.6"
"143",105,"MarowakAlolan Marowak","Fire","Ghost",425,60,80,110,50,80,45,1,34,"34.0"
"144",105,"Marowak","Ground",NA,425,60,80,110,50,80,45,1,45,"45.0"
"145",106,"Hitmonlee","Fighting",NA,455,50,120,53,35,110,87,1.5,49.8,"22.1"
"146",107,"Hitmonchan","Fighting",NA,455,50,105,79,35,110,76,1.4,50.2,"25.6"
"147",108,"Lickitung","Normal",NA,385,90,55,75,60,75,30,1.2,65.5,"45.5"
"148",109,"Koffing","Poison",NA,340,40,65,95,60,45,35,0.6,1,"2.8"
"149",110,"WeezingGalarian Weezing","Poison","Fairy",490,65,90,120,85,70,60,3,16,"1.8"
"150",110,"Weezing","Poison",NA,490,65,90,120,85,70,60,1.2,9.5,"6.6"
"151",111,"Rhyhorn","Ground","Rock",345,80,85,95,30,30,25,1,115,"115.0"
"152",112,"Rhydon","Ground","Rock",485,105,130,120,45,45,40,1.9,120,"33.2"
"153",113,"Chansey","Normal",NA,450,250,5,5,35,105,50,1.1,34.6,"28.6"
"154",114,"Tangela","Grass",NA,435,65,55,115,100,40,60,1,35,"35.0"
"155",115,"Kangaskhan","Normal",NA,490,105,95,80,40,80,90,2.2,80,"16.5"
"156",115,"KangaskhanMega Kangaskhan","Normal",NA,590,105,125,100,60,100,100,2.2,100,"20.7"
"157",116,"Horsea","Water",NA,295,30,40,70,70,25,60,0.4,8,"50.0"
"158",117,"Seadra","Water",NA,440,55,65,95,95,45,85,1.2,25,"17.4"
"159",118,"Goldeen","Water",NA,320,45,67,60,35,50,63,0.6,15,"41.7"
"160",119,"Seaking","Water",NA,450,80,92,65,65,80,68,1.3,39,"23.1"
"161",120,"Staryu","Water",NA,340,30,45,55,70,55,85,0.8,34.5,"53.9"
"162",121,"Starmie","Water","Psychic",520,60,75,85,100,85,115,1.1,80,"66.1"
"163",122,"Mr. MimeGalarian Mr. Mime","Ice","Psychic",460,50,65,65,90,90,100,1.4,56.8,"29.0"
"164",122,"Mr. Mime","Psychic","Fairy",460,40,45,65,100,120,90,1.3,54.5,"32.2"
"165",123,"Scyther","Bug","Flying",500,70,110,80,55,80,105,1.5,56,"24.9"
"166",124,"Jynx","Ice","Psychic",455,65,50,35,115,95,95,1.4,40.6,"20.7"
"167",125,"Electabuzz","Electric",NA,490,65,83,57,95,85,105,1.1,30,"24.8"
"168",126,"Magmar","Fire",NA,495,65,95,57,100,85,93,1.3,44.5,"26.3"
"169",127,"PinsirMega Pinsir","Bug","Flying",600,65,155,120,65,90,105,1.7,59,"20.4"
"170",127,"Pinsir","Bug",NA,500,65,125,100,55,70,85,1.5,55,"24.4"
"171",128,"TaurosBlaze Breed","Fighting","Fire",490,75,110,105,30,70,100,1.4,85,"43.4"
"172",128,"Tauros","Normal",NA,490,75,100,95,40,70,110,1.4,88.4,"45.1"
"173",128,"TaurosAqua Breed","Fighting","Water",490,75,110,105,30,70,100,1.4,110,"56.1"
"174",128,"TaurosCombat Breed","Fighting",NA,490,75,110,105,30,70,100,1.4,115,"58.7"
"175",129,"Magikarp","Water",NA,200,20,10,55,15,20,80,0.9,10,"12.3"
"176",130,"Gyarados","Water","Flying",540,95,125,79,60,100,81,6.5,235,"5.6"
"177",130,"GyaradosMega Gyarados","Water","Dark",640,95,155,109,70,130,81,6.5,305,"7.2"
"178",131,"Lapras","Water","Ice",535,130,85,80,85,95,60,2.5,220,"35.2"
"179",132,"Ditto","Normal",NA,288,48,48,48,48,48,48,0.3,4,"44.4"
"180",133,"Eevee","Normal",NA,325,55,55,50,45,65,55,0.3,6.5,"72.2"
"181",133,"EeveePartner Eevee","Normal",NA,435,65,75,70,65,85,75,0.3,6.5,"72.2"
"182",134,"Vaporeon","Water",NA,525,130,65,60,110,95,65,1,29,"29.0"
"183",135,"Jolteon","Electric",NA,525,65,65,60,110,95,130,0.8,24.5,"38.3"
"184",136,"Flareon","Fire",NA,525,65,130,60,95,110,65,0.9,25,"30.9"
"185",137,"Porygon","Normal",NA,395,65,60,70,85,75,40,0.8,36.5,"57.0"
"186",138,"Omanyte","Rock","Water",355,35,40,100,90,55,35,0.4,7.5,"46.9"
"187",139,"Omastar","Rock","Water",495,70,60,125,115,70,55,1,35,"35.0"
"188",140,"Kabuto","Rock","Water",355,30,80,90,55,45,55,0.5,11.5,"46.0"
"189",141,"Kabutops","Rock","Water",495,60,115,105,65,70,80,1.3,40.5,"24.0"
"190",142,"AerodactylMega Aerodactyl","Rock","Flying",615,80,135,85,70,95,150,2.1,79,"17.9"
"191",142,"Aerodactyl","Rock","Flying",515,80,105,65,60,75,130,1.8,59,"18.2"
"192",143,"Snorlax","Normal",NA,540,160,110,65,65,110,30,2.1,460,"104.3"
"193",144,"ArticunoGalarian Articuno","Psychic","Flying",580,90,85,85,125,100,95,1.7,50.9,"17.6"
"194",144,"Articuno","Ice","Flying",580,90,85,100,95,125,85,1.7,55.4,"19.2"
"195",145,"Zapdos","Electric","Flying",580,90,90,85,125,90,100,1.6,52.6,"20.5"
"196",145,"ZapdosGalarian Zapdos","Fighting","Flying",580,90,125,90,85,90,100,1.6,58.2,"22.7"
"197",146,"Moltres","Fire","Flying",580,90,100,90,125,85,90,2,60,"15.0"
"198",146,"MoltresGalarian Moltres","Dark","Flying",580,90,85,90,100,125,90,2,66,"16.5"
"199",147,"Dratini","Dragon",NA,300,41,64,45,50,50,50,1.8,3.3,"1.0"
"200",148,"Dragonair","Dragon",NA,420,61,84,65,70,70,70,4,16.5,"1.0"
"201",149,"Dragonite","Dragon","Flying",600,91,134,95,100,100,80,2.2,210,"43.4"
"202",149,"DragoniteMega Dragonite","Dragon","Flying",700,91,124,115,145,125,100,2.2,290,"59.9"
"203",150,"MewtwoMega Mewtwo Y","Psychic",NA,780,106,150,70,194,120,140,1.5,33,"14.7"
"204",150,"MewtwoMega Mewtwo X","Psychic","Fighting",780,106,190,100,154,100,130,2.3,127,"24.0"
"205",150,"Mewtwo","Psychic",NA,680,106,110,90,154,90,130,2,122,"30.5"
"206",151,"Mew","Psychic",NA,600,100,100,100,100,100,100,0.4,4,"25.0"
"207",152,"Chikorita","Grass",NA,318,45,49,65,49,65,45,0.9,6.4,"7.9"
"208",153,"Bayleef","Grass",NA,405,60,62,80,63,80,60,1.2,15.8,"11.0"
"209",154,"Meganium","Grass",NA,525,80,82,100,83,100,80,1.8,100.5,"31.0"
"210",155,"Cyndaquil","Fire",NA,309,39,52,43,60,50,65,0.5,7.9,"31.6"
"211",156,"Quilava","Fire",NA,405,58,64,58,80,65,80,0.9,19,"23.5"
"212",157,"TyphlosionHisuian Typhlosion","Fire","Ghost",534,73,84,78,119,85,95,1.6,69.8,"27.3"
"213",157,"Typhlosion","Fire",NA,534,78,84,78,109,85,100,1.7,79.5,"27.5"
"214",158,"Totodile","Water",NA,314,50,65,64,44,48,43,0.6,9.5,"26.4"
"215",159,"Croconaw","Water",NA,405,65,80,80,59,63,58,1.1,25,"20.7"
"216",160,"Feraligatr","Water",NA,530,85,105,100,79,83,78,2.3,88.8,"16.8"
"217",161,"Sentret","Normal",NA,215,35,46,34,35,45,20,0.8,6,"9.4"
"218",162,"Furret","Normal",NA,415,85,76,64,45,55,90,1.8,32.5,"10.0"
"219",163,"Hoothoot","Normal","Flying",262,60,30,30,36,56,50,0.7,21.2,"43.3"
"220",164,"Noctowl","Normal","Flying",452,100,50,50,86,96,70,1.6,40.8,"15.9"
"221",165,"Ledyba","Bug","Flying",265,40,20,30,40,80,55,1,10.8,"10.8"
"222",166,"Ledian","Bug","Flying",390,55,35,50,55,110,85,1.4,35.6,"18.2"
"223",167,"Spinarak","Bug","Poison",250,40,60,40,40,40,30,0.5,8.5,"34.0"
"224",168,"Ariados","Bug","Poison",400,70,90,70,60,70,40,1.1,33.5,"27.7"
"225",169,"Crobat","Poison","Flying",535,85,90,80,70,80,130,1.8,75,"23.1"
"226",170,"Chinchou","Water","Electric",330,75,38,38,56,56,67,0.5,12,"48.0"
"227",171,"Lanturn","Water","Electric",460,125,58,58,76,76,67,1.2,22.5,"15.6"
"228",172,"Pichu","Electric",NA,205,20,40,15,35,35,60,0.3,2,"22.2"
"229",173,"Cleffa","Fairy",NA,218,50,25,28,45,55,15,0.3,3,"33.3"
"230",174,"Igglybuff","Normal","Fairy",210,90,30,15,40,20,15,0.3,1,"11.1"
"231",175,"Togepi","Fairy",NA,245,35,20,65,40,65,20,0.3,1.5,"16.7"
"232",176,"Togetic","Fairy","Flying",405,55,40,85,80,105,40,0.6,3.2,"8.9"
"233",177,"Natu","Psychic","Flying",320,40,50,45,70,45,70,0.2,2,"50.0"
"234",178,"Xatu","Psychic","Flying",470,65,75,70,95,70,95,1.5,15,"6.7"
"235",179,"Mareep","Electric",NA,280,55,40,40,65,45,35,0.6,7.8,"21.7"
"236",180,"Flaaffy","Electric",NA,365,70,55,55,80,60,45,0.8,13.3,"20.8"
"237",181,"Ampharos","Electric",NA,510,90,75,85,115,90,55,1.4,61.5,"31.4"
"238",181,"AmpharosMega Ampharos","Electric","Dragon",610,90,95,105,165,110,45,1.4,61.5,"31.4"
"239",182,"Bellossom","Grass",NA,490,75,80,95,90,100,50,0.4,5.8,"36.3"
"240",183,"Marill","Water","Fairy",250,70,20,50,20,50,40,0.4,8.5,"53.1"
"241",184,"Azumarill","Water","Fairy",420,100,50,80,60,80,50,0.8,28.5,"44.5"
"242",185,"Sudowoodo","Rock",NA,410,70,100,115,30,65,30,1.2,38,"26.4"
"243",186,"Politoed","Water",NA,500,90,75,75,90,100,70,1.1,33.9,"28.0"
"244",187,"Hoppip","Grass","Flying",250,35,35,40,35,55,50,0.4,0.5,"3.1"
"245",188,"Skiploom","Grass","Flying",340,55,45,50,45,65,80,0.6,1,"2.8"
"246",189,"Jumpluff","Grass","Flying",460,75,55,70,55,95,110,0.8,3,"4.7"
"247",190,"Aipom","Normal",NA,360,55,70,55,40,55,85,0.8,11.5,"18.0"
"248",191,"Sunkern","Grass",NA,180,30,30,30,30,30,30,0.3,1.8,"20.0"
"249",192,"Sunflora","Grass",NA,425,75,75,55,105,85,30,0.8,8.5,"13.3"
"250",193,"Yanma","Bug","Flying",390,65,65,45,75,45,95,1.2,38,"26.4"
"251",194,"Wooper","Water","Ground",210,55,45,45,25,25,15,0.4,8.5,"53.1"
"252",194,"WooperPaldean Wooper","Poison","Ground",210,55,45,45,25,25,15,0.4,11,"68.8"
"253",195,"Quagsire","Water","Ground",430,95,85,85,65,65,35,1.4,75,"38.3"
"254",196,"Espeon","Psychic",NA,525,65,65,60,130,95,110,0.9,26.5,"32.7"
"255",197,"Umbreon","Dark",NA,525,95,65,110,60,130,65,1,27,"27.0"
"256",198,"Murkrow","Dark","Flying",405,60,85,42,85,42,91,0.5,2.1,"8.4"
"257",199,"Slowking","Water","Psychic",490,95,75,80,100,110,30,2,79.5,"19.9"
"258",199,"SlowkingGalarian Slowking","Poison","Psychic",490,95,65,80,110,110,30,1.8,79.5,"24.5"
"259",200,"Misdreavus","Ghost",NA,435,60,60,60,85,85,85,0.7,1,"2.0"
"260",201,"Unown","Psychic",NA,336,48,72,48,72,48,48,0.5,5,"20.0"
"261",202,"Wobbuffet","Psychic",NA,405,190,33,58,33,58,33,1.3,28.5,"16.9"
"262",203,"Girafarig","Normal","Psychic",455,70,80,65,90,65,85,1.5,41.5,"18.4"
"263",204,"Pineco","Bug",NA,290,50,65,90,35,35,15,0.6,7.2,"20.0"
"264",205,"Forretress","Bug","Steel",465,75,90,140,60,60,40,1.2,125.8,"87.4"
"265",206,"Dunsparce","Normal",NA,415,100,70,70,65,65,45,1.5,14,"6.2"
"266",207,"Gligar","Ground","Flying",430,65,75,105,35,65,85,1.1,64.8,"53.6"
"267",208,"Steelix","Steel","Ground",510,75,85,200,55,65,30,9.2,400,"4.7"
"268",208,"SteelixMega Steelix","Steel","Ground",610,75,125,230,55,95,30,10.5,740,"6.7"
"269",209,"Snubbull","Fairy",NA,300,60,80,50,40,40,30,0.6,7.8,"21.7"
"270",210,"Granbull","Fairy",NA,450,90,120,75,60,60,45,1.4,48.7,"24.8"
"271",211,"Qwilfish","Water","Poison",440,65,95,85,55,55,85,0.5,3.9,"15.6"
"272",211,"QwilfishHisuian Qwilfish","Dark","Poison",440,65,95,85,55,55,85,0.5,3.9,"15.6"
"273",212,"ScizorMega Scizor","Bug","Steel",600,70,150,140,65,100,75,2,125,"31.3"
"274",212,"Scizor","Bug","Steel",500,70,130,100,55,80,65,1.8,118,"36.4"
"275",213,"Shuckle","Bug","Rock",505,20,10,230,10,230,5,0.6,20.5,"56.9"
"276",214,"HeracrossMega Heracross","Bug","Fighting",600,80,185,115,40,105,75,1.7,62.5,"21.6"
"277",214,"Heracross","Bug","Fighting",500,80,125,75,40,95,85,1.5,54,"24.0"
"278",215,"SneaselHisuian Sneasel","Fighting","Poison",430,55,95,55,35,75,115,0.9,27,"33.3"
"279",215,"Sneasel","Dark","Ice",430,55,95,55,35,75,115,0.9,28,"34.6"
"280",216,"Teddiursa","Normal",NA,330,60,80,50,50,50,40,0.6,8.8,"24.4"
"281",217,"Ursaring","Normal",NA,500,90,130,75,75,75,55,1.8,125.8,"38.8"
"282",218,"Slugma","Fire",NA,250,40,40,40,70,40,20,0.7,35,"71.4"
"283",219,"Magcargo","Fire","Rock",430,60,50,120,90,80,30,0.8,55,"85.9"
"284",220,"Swinub","Ice","Ground",250,50,50,40,30,30,50,0.4,6.5,"40.6"
"285",221,"Piloswine","Ice","Ground",450,100,100,80,60,60,50,1.1,55.8,"46.1"
"286",222,"CorsolaGalarian Corsola","Ghost",NA,410,60,55,100,65,100,30,0.6,0.5,"1.4"
"287",222,"Corsola","Water","Rock",410,65,55,95,65,95,35,0.6,5,"13.9"
"288",223,"Remoraid","Water",NA,300,35,65,35,65,35,65,0.6,12,"33.3"
"289",224,"Octillery","Water",NA,480,75,105,75,105,75,45,0.9,28.5,"35.2"
"290",225,"Delibird","Ice","Flying",330,45,55,45,65,45,75,0.9,16,"19.8"
"291",226,"Mantine","Water","Flying",485,85,40,70,80,140,70,2.1,220,"49.9"
"292",227,"Skarmory","Steel","Flying",465,65,80,140,40,70,70,1.7,50.5,"17.5"
"293",228,"Houndour","Dark","Fire",330,45,60,30,80,50,65,0.6,10.8,"30.0"
"294",229,"HoundoomMega Houndoom","Dark","Fire",600,75,90,90,140,90,115,1.9,49.5,"13.7"
"295",229,"Houndoom","Dark","Fire",500,75,90,50,110,80,95,1.4,35,"17.9"
"296",230,"Kingdra","Water","Dragon",540,75,95,95,95,95,85,1.8,152,"46.9"
"297",231,"Phanpy","Ground",NA,330,90,60,60,40,40,40,0.5,33.5,"134.0"
"298",232,"Donphan","Ground",NA,500,90,120,120,60,60,50,1.1,120,"99.2"
"299",233,"Porygon2","Normal",NA,515,85,80,90,105,95,60,0.6,32.5,"90.3"
"300",234,"Stantler","Normal",NA,465,73,95,62,85,65,85,1.4,71.2,"36.3"
"301",235,"Smeargle","Normal",NA,250,55,20,35,20,45,75,1.2,58,"40.3"
"302",236,"Tyrogue","Fighting",NA,210,35,35,35,35,35,35,0.7,21,"42.9"
"303",237,"Hitmontop","Fighting",NA,455,50,95,95,35,110,70,1.4,48,"24.5"
"304",238,"Smoochum","Ice","Psychic",305,45,30,15,85,65,65,0.4,6,"37.5"
"305",239,"Elekid","Electric",NA,360,45,63,37,65,55,95,0.6,23.5,"65.3"
"306",240,"Magby","Fire",NA,365,45,75,37,70,55,83,0.7,21.4,"43.7"
"307",241,"Miltank","Normal",NA,490,95,80,105,40,70,100,1.2,75.5,"52.4"
"308",242,"Blissey","Normal",NA,540,255,10,10,75,135,55,1.5,46.8,"20.8"
"309",243,"Raikou","Electric",NA,580,90,85,75,115,100,115,1.9,178,"49.3"
"310",244,"Entei","Fire",NA,580,115,115,85,90,75,100,2.1,198,"44.9"
"311",245,"Suicune","Water",NA,580,100,75,115,90,115,85,2,187,"46.8"
"312",246,"Larvitar","Rock","Ground",300,50,64,50,45,50,41,0.6,72,"200.0"
"313",247,"Pupitar","Rock","Ground",410,70,84,70,65,70,51,1.2,152,"105.6"
"314",248,"TyranitarMega Tyranitar","Rock","Dark",700,100,164,150,95,120,71,2.5,255,"40.8"
"315",248,"Tyranitar","Rock","Dark",600,100,134,110,95,100,61,2,202,"50.5"
"316",249,"Lugia","Psychic","Flying",680,106,90,130,90,154,110,5.2,216,"8.0"
"317",250,"Ho-oh","Fire","Flying",680,106,130,90,110,154,90,3.8,199,"13.8"
"318",251,"Celebi","Psychic","Grass",600,100,100,100,100,100,100,0.6,5,"13.9"
"319",252,"Treecko","Grass",NA,310,40,45,35,65,55,70,0.5,5,"20.0"
"320",253,"Grovyle","Grass",NA,405,50,65,45,85,65,95,0.9,21.6,"26.7"
"321",254,"SceptileMega Sceptile","Grass","Dragon",630,70,110,75,145,85,145,1.9,55.2,"15.3"
"322",254,"Sceptile","Grass",NA,530,70,85,65,105,85,120,1.7,52.2,"18.1"
"323",255,"Torchic","Fire",NA,310,45,60,40,70,50,45,0.4,2.5,"15.6"
"324",256,"Combusken","Fire","Fighting",405,60,85,60,85,60,55,0.9,19.5,"24.1"
"325",257,"Blaziken","Fire","Fighting",530,80,120,70,110,70,80,1.9,52,"14.4"
"326",257,"BlazikenMega Blaziken","Fire","Fighting",630,80,160,80,130,80,100,1.9,52,"14.4"
"327",258,"Mudkip","Water",NA,310,50,70,50,50,50,40,0.4,7.6,"47.5"
"328",259,"Marshtomp","Water","Ground",405,70,85,70,60,70,50,0.7,28,"57.1"
"329",260,"SwampertMega Swampert","Water","Ground",635,100,150,110,95,110,70,1.9,102,"28.3"
"330",260,"Swampert","Water","Ground",535,100,110,90,85,90,60,1.5,81.9,"36.4"
"331",261,"Poochyena","Dark",NA,220,35,55,35,30,30,35,0.5,13.6,"54.4"
"332",262,"Mightyena","Dark",NA,420,70,90,70,60,60,70,1,37,"37.0"
"333",263,"Zigzagoon","Normal",NA,240,38,30,41,30,41,60,0.4,17.5,"109.4"
"334",263,"ZigzagoonGalarian Zigzagoon","Dark","Normal",240,38,30,41,30,41,60,0.4,17.5,"109.4"
"335",264,"Linoone","Normal",NA,420,78,70,61,50,61,100,0.5,32.5,"130.0"
"336",264,"LinooneGalarian Linoone","Dark","Normal",420,78,70,61,50,61,100,0.5,32.5,"130.0"
"337",265,"Wurmple","Bug",NA,195,45,45,35,20,30,20,0.3,3.6,"40.0"
"338",266,"Silcoon","Bug",NA,205,50,35,55,25,25,15,0.6,10,"27.8"
"339",267,"Beautifly","Bug","Flying",395,60,70,50,100,50,65,1,28.4,"28.4"
"340",268,"Cascoon","Bug",NA,205,50,35,55,25,25,15,0.7,11.5,"23.5"
"341",269,"Dustox","Bug","Poison",385,60,50,70,50,90,65,1.2,31.6,"21.9"
"342",270,"Lotad","Water","Grass",220,40,30,30,40,50,30,0.5,2.6,"10.4"
"343",271,"Lombre","Water","Grass",340,60,50,50,60,70,50,1.2,32.5,"22.6"
"344",272,"Ludicolo","Water","Grass",480,80,70,70,90,100,70,1.5,55,"24.4"
"345",273,"Seedot","Grass",NA,220,40,40,50,30,30,30,0.5,4,"16.0"
"346",274,"Nuzleaf","Grass","Dark",340,70,70,40,60,40,60,1,28,"28.0"
"347",275,"Shiftry","Grass","Dark",480,90,100,60,90,60,80,1.3,59.6,"35.3"
"348",276,"Taillow","Normal","Flying",270,40,55,30,30,30,85,0.3,2.3,"25.6"
"349",277,"Swellow","Normal","Flying",455,60,85,60,75,50,125,0.7,19.8,"40.4"
"350",278,"Wingull","Water","Flying",270,40,30,30,55,30,85,0.6,9.5,"26.4"
"351",279,"Pelipper","Water","Flying",440,60,50,100,95,70,65,1.2,28,"19.4"
"352",280,"Ralts","Psychic","Fairy",198,28,25,25,45,35,40,0.4,6.6,"41.3"
"353",281,"Kirlia","Psychic","Fairy",278,38,35,35,65,55,50,0.8,20.2,"31.6"
"354",282,"Gardevoir","Psychic","Fairy",518,68,65,65,125,115,80,1.6,48.4,"18.9"
"355",282,"GardevoirMega Gardevoir","Psychic","Fairy",618,68,85,65,165,135,100,1.6,48.4,"18.9"
"356",283,"Surskit","Bug","Water",269,40,30,32,50,52,65,0.5,1.7,"6.8"
"357",284,"Masquerain","Bug","Flying",454,70,60,62,100,82,80,0.8,3.6,"5.6"
"358",285,"Shroomish","Grass",NA,295,60,40,60,40,60,35,0.4,4.5,"28.1"
"359",286,"Breloom","Grass","Fighting",460,60,130,80,60,60,70,1.2,39.2,"27.2"
"360",287,"Slakoth","Normal",NA,280,60,60,60,35,35,30,0.8,24,"37.5"
"361",288,"Vigoroth","Normal",NA,440,80,80,80,55,55,90,1.4,46.5,"23.7"
"362",289,"Slaking","Normal",NA,670,150,160,100,95,65,100,2,130.5,"32.6"
"363",290,"Nincada","Bug","Ground",266,31,45,90,30,30,40,0.5,5.5,"22.0"
"364",291,"Ninjask","Bug","Flying",456,61,90,45,50,50,160,0.8,12,"18.8"
"365",292,"Shedinja","Bug","Ghost",236,1,90,45,30,30,40,0.8,1.2,"1.9"
"366",293,"Whismur","Normal",NA,240,64,51,23,51,23,28,0.6,16.3,"45.3"
"367",294,"Loudred","Normal",NA,360,84,71,43,71,43,48,1,40.5,"40.5"
"368",295,"Exploud","Normal",NA,490,104,91,63,91,73,68,1.5,84,"37.3"
"369",296,"Makuhita","Fighting",NA,237,72,60,30,20,30,25,1,86.4,"86.4"
"370",297,"Hariyama","Fighting",NA,474,144,120,60,40,60,50,2.3,253.8,"48.0"
"371",298,"Azurill","Normal","Fairy",190,50,20,40,20,40,20,0.2,2,"50.0"
"372",299,"Nosepass","Rock",NA,375,30,45,135,45,90,30,1,97,"97.0"
"373",300,"Skitty","Normal",NA,260,50,45,45,35,35,50,0.6,11,"30.6"
"374",301,"Delcatty","Normal",NA,400,70,65,65,55,55,90,1.1,32.6,"26.9"
"375",302,"Sableye","Dark","Ghost",380,50,75,75,65,65,50,0.5,11,"44.0"
"376",302,"SableyeMega Sableye","Dark","Ghost",480,50,85,125,85,115,20,0.5,161,"644.0"
"377",303,"MawileMega Mawile","Steel","Fairy",480,50,105,125,55,95,50,1,23.5,"23.5"
"378",303,"Mawile","Steel","Fairy",380,50,85,85,55,55,50,0.6,11.5,"31.9"
"379",304,"Aron","Steel","Rock",330,50,70,100,40,40,30,0.4,60,"375.0"
"380",305,"Lairon","Steel","Rock",430,60,90,140,50,50,40,0.9,120,"148.1"
"381",306,"Aggron","Steel","Rock",530,70,110,180,60,60,50,2.1,360,"81.6"
"382",306,"AggronMega Aggron","Steel",NA,630,70,140,230,60,80,50,2.2,395,"81.6"
"383",307,"Meditite","Fighting","Psychic",280,30,40,55,40,55,60,0.6,11.2,"31.1"
"384",308,"Medicham","Fighting","Psychic",410,60,60,75,60,75,80,1.3,31.5,"18.6"
"385",308,"MedichamMega Medicham","Fighting","Psychic",510,60,100,85,80,85,100,1.3,31.5,"18.6"
"386",309,"Electrike","Electric",NA,295,40,45,40,65,40,65,0.6,15.2,"42.2"
"387",310,"ManectricMega Manectric","Electric",NA,575,70,75,80,135,80,135,1.8,44,"13.6"
"388",310,"Manectric","Electric",NA,475,70,75,60,105,60,105,1.5,40.2,"17.9"
"389",311,"Plusle","Electric",NA,405,60,50,40,85,75,95,0.4,4.2,"26.3"
"390",312,"Minun","Electric",NA,405,60,40,50,75,85,95,0.4,4.2,"26.3"
"391",313,"Volbeat","Bug",NA,430,65,73,75,47,85,85,0.7,17.7,"36.1"
"392",314,"Illumise","Bug",NA,430,65,47,75,73,85,85,0.6,17.7,"49.2"
"393",315,"Roselia","Grass","Poison",400,50,60,45,100,80,65,0.3,2,"22.2"
"394",316,"Gulpin","Poison",NA,302,70,43,53,43,53,40,0.4,10.3,"64.4"
"395",317,"Swalot","Poison",NA,467,100,73,83,73,83,55,1.7,80,"27.7"
"396",318,"Carvanha","Water","Dark",305,45,90,20,65,20,65,0.8,20.8,"32.5"
"397",319,"SharpedoMega Sharpedo","Water","Dark",560,70,140,70,110,65,105,2.5,130.3,"20.8"
"398",319,"Sharpedo","Water","Dark",460,70,120,40,95,40,95,1.8,88.8,"27.4"
"399",320,"Wailmer","Water",NA,400,130,70,35,70,35,60,2,130,"32.5"
"400",321,"Wailord","Water",NA,500,170,90,45,90,45,60,14.5,398,"1.9"
"401",322,"Numel","Fire","Ground",305,60,60,40,65,45,35,0.7,24,"49.0"
"402",323,"CameruptMega Camerupt","Fire","Ground",560,70,120,100,145,105,20,2.5,320.5,"51.3"
"403",323,"Camerupt","Fire","Ground",460,70,100,70,105,75,40,1.9,220,"60.9"
"404",324,"Torkoal","Fire",NA,470,70,85,140,85,70,20,0.5,80.4,"321.6"
"405",325,"Spoink","Psychic",NA,330,60,25,35,70,80,60,0.7,30.6,"62.4"
"406",326,"Grumpig","Psychic",NA,470,80,45,65,90,110,80,0.9,71.5,"88.3"
"407",327,"Spinda","Normal",NA,360,60,60,60,60,60,60,1.1,5,"4.1"
"408",328,"Trapinch","Ground",NA,290,45,100,45,45,45,10,0.7,15,"30.6"
"409",329,"Vibrava","Ground","Dragon",340,50,70,50,50,50,70,1.1,15.3,"12.6"
"410",330,"Flygon","Ground","Dragon",520,80,100,80,80,80,100,2,82,"20.5"
"411",331,"Cacnea","Grass",NA,335,50,85,40,85,40,35,0.4,51.3,"320.6"
"412",332,"Cacturne","Grass","Dark",475,70,115,60,115,60,55,1.3,77.4,"45.8"
"413",333,"Swablu","Normal","Flying",310,45,40,60,40,75,50,0.4,1.2,"7.5"
"414",334,"AltariaMega Altaria","Dragon","Fairy",590,75,110,110,110,105,80,1.5,20.6,"9.2"
"415",334,"Altaria","Dragon","Flying",490,75,70,90,70,105,80,1.1,20.6,"17.0"
"416",335,"Zangoose","Normal",NA,458,73,115,60,60,60,90,1.3,40.3,"23.8"
"417",336,"Seviper","Poison",NA,458,73,100,60,100,60,65,2.7,52.5,"7.2"
"418",337,"Lunatone","Rock","Psychic",460,90,55,65,95,85,70,1,168,"168.0"
"419",338,"Solrock","Rock","Psychic",460,90,95,85,55,65,70,1.2,154,"106.9"
"420",339,"Barboach","Water","Ground",288,50,48,43,46,41,60,0.4,1.9,"11.9"
"421",340,"Whiscash","Water","Ground",468,110,78,73,76,71,60,0.9,23.6,"29.1"
"422",341,"Corphish","Water",NA,308,43,80,65,50,35,35,0.6,11.5,"31.9"
"423",342,"Crawdaunt","Water","Dark",468,63,120,85,90,55,55,1.1,32.8,"27.1"
"424",343,"Baltoy","Ground","Psychic",300,40,40,55,40,70,55,0.5,21.5,"86.0"
"425",344,"Claydol","Ground","Psychic",500,60,70,105,70,120,75,1.5,108,"48.0"
"426",345,"Lileep","Rock","Grass",355,66,41,77,61,87,23,1,23.8,"23.8"
"427",346,"Cradily","Rock","Grass",495,86,81,97,81,107,43,1.5,60.4,"26.8"
"428",347,"Anorith","Rock","Bug",355,45,95,50,40,50,75,0.7,12.5,"25.5"
"429",348,"Armaldo","Rock","Bug",495,75,125,100,70,80,45,1.5,68.2,"30.3"
"430",349,"Feebas","Water",NA,200,20,15,20,10,55,80,0.6,7.4,"20.6"
"431",350,"Milotic","Water",NA,540,95,60,79,100,125,81,6.2,162,"4.2"
"432",351,"Castform","Normal",NA,420,70,70,70,70,70,70,0.3,0.8,"8.9"
"433",351,"CastformSunny Form","Fire",NA,420,70,70,70,70,70,70,0.3,0.8,"8.9"
"434",351,"CastformRainy Form","Water",NA,420,70,70,70,70,70,70,0.3,0.8,"8.9"
"435",351,"CastformSnowy Form","Ice",NA,420,70,70,70,70,70,70,0.3,0.8,"8.9"
"436",352,"Kecleon","Normal",NA,440,60,90,70,60,120,40,1,22,"22.0"
"437",353,"Shuppet","Ghost",NA,295,44,75,35,63,33,45,0.6,2.3,"6.4"
"438",354,"BanetteMega Banette","Ghost",NA,555,64,165,75,93,83,75,1.2,13,"9.0"
"439",354,"Banette","Ghost",NA,455,64,115,65,83,63,65,1.1,12.5,"10.3"
"440",355,"Duskull","Ghost",NA,295,20,40,90,30,90,25,0.8,15,"23.4"
"441",356,"Dusclops","Ghost",NA,455,40,70,130,60,130,25,1.6,30.6,"12.0"
"442",357,"Tropius","Grass","Flying",460,99,68,83,72,87,51,2,100,"25.0"
"443",358,"Chimecho","Psychic",NA,455,75,50,80,95,90,65,0.6,1,"2.8"
"444",359,"Absol","Dark",NA,465,65,130,60,75,60,75,1.2,47,"32.6"
"445",359,"AbsolMega Absol","Dark",NA,565,65,150,60,115,60,115,1.2,49,"34.0"
"446",360,"Wynaut","Psychic",NA,260,95,23,48,23,48,23,0.6,14,"38.9"
"447",361,"Snorunt","Ice",NA,300,50,50,50,50,50,50,0.7,16.8,"34.3"
"448",362,"GlalieMega Glalie","Ice",NA,580,80,120,80,120,80,100,2.1,350.2,"79.4"
"449",362,"Glalie","Ice",NA,480,80,80,80,80,80,80,1.5,256.5,"114.0"
"450",363,"Spheal","Ice","Water",290,70,40,50,55,50,25,0.8,39.5,"61.7"
"451",364,"Sealeo","Ice","Water",410,90,60,70,75,70,45,1.1,87.6,"72.4"
"452",365,"Walrein","Ice","Water",530,110,80,90,95,90,65,1.4,150.6,"76.8"
"453",366,"Clamperl","Water",NA,345,35,64,85,74,55,32,0.4,52.5,"328.1"
"454",367,"Huntail","Water",NA,485,55,104,105,94,75,52,1.7,27,"9.3"
"455",368,"Gorebyss","Water",NA,485,55,84,105,114,75,52,1.8,22.6,"7.0"
"456",369,"Relicanth","Water","Rock",485,100,90,130,45,65,55,1,23.4,"23.4"
"457",370,"Luvdisc","Water",NA,330,43,30,55,40,65,97,0.6,8.7,"24.2"
"458",371,"Bagon","Dragon",NA,300,45,75,60,40,30,50,0.6,42.1,"116.9"
"459",372,"Shelgon","Dragon",NA,420,65,95,100,60,50,50,1.1,110.5,"91.3"
"460",373,"SalamenceMega Salamence","Dragon","Flying",700,95,145,130,120,90,120,1.8,112.6,"34.8"
"461",373,"Salamence","Dragon","Flying",600,95,135,80,110,80,100,1.5,102.6,"45.6"
"462",374,"Beldum","Steel","Psychic",300,40,55,80,35,60,30,0.6,95.2,"264.4"
"463",375,"Metang","Steel","Psychic",420,60,75,100,55,80,50,1.2,202.5,"140.6"
"464",376,"MetagrossMega Metagross","Steel","Psychic",700,80,145,150,105,110,110,2.5,942.9,"150.9"
"465",376,"Metagross","Steel","Psychic",600,80,135,130,95,90,70,1.6,550,"214.8"
"466",377,"Regirock","Rock",NA,580,80,100,200,50,100,50,1.7,230,"79.6"
"467",378,"Regice","Ice",NA,580,80,50,100,100,200,50,1.8,175,"54.0"
"468",379,"Registeel","Steel",NA,580,80,75,150,75,150,50,1.9,205,"56.8"
"469",380,"LatiasMega Latias","Dragon","Psychic",700,80,100,120,140,150,110,1.8,52,"16.0"
"470",380,"Latias","Dragon","Psychic",600,80,80,90,110,130,110,1.4,40,"20.4"
"471",381,"LatiosMega Latios","Dragon","Psychic",700,80,130,100,160,120,110,2.3,70,"13.2"
"472",381,"Latios","Dragon","Psychic",600,80,90,80,130,110,110,2,60,"15.0"
"473",382,"KyogrePrimal Kyogre","Water",NA,770,100,150,90,180,160,90,9.8,430,"4.5"
"474",382,"Kyogre","Water",NA,670,100,100,90,150,140,90,4.5,352,"17.4"
"475",383,"GroudonPrimal Groudon","Ground","Fire",770,100,180,160,150,90,90,5,999.7,"40.0"
"476",383,"Groudon","Ground",NA,670,100,150,140,100,90,90,3.5,950,"77.6"
"477",384,"RayquazaMega Rayquaza","Dragon","Flying",780,105,180,100,180,100,115,10.8,392,"3.4"
"478",384,"Rayquaza","Dragon","Flying",680,105,150,90,150,90,95,7,206.5,"4.2"
"479",385,"Jirachi","Steel","Psychic",600,100,100,100,100,100,100,0.3,1.1,"12.2"
"480",386,"DeoxysNormal Forme","Psychic",NA,600,50,150,50,150,50,150,1.7,60.8,"21.0"
"481",386,"DeoxysAttack Forme","Psychic",NA,600,50,180,20,180,20,150,1.7,60.8,"21.0"
"482",386,"DeoxysDefense Forme","Psychic",NA,600,50,70,160,70,160,90,1.7,60.8,"21.0"
"483",386,"DeoxysSpeed Forme","Psychic",NA,600,50,95,90,95,90,180,1.7,60.8,"21.0"
"484",387,"Turtwig","Grass",NA,318,55,68,64,45,55,31,0.4,10.2,"63.8"
"485",388,"Grotle","Grass",NA,405,75,89,85,55,65,36,1.1,97,"80.2"
"486",389,"Torterra","Grass","Ground",525,95,109,105,75,85,56,2.2,310,"64.0"
"487",390,"Chimchar","Fire",NA,309,44,58,44,58,44,61,0.5,6.2,"24.8"
"488",391,"Monferno","Fire","Fighting",405,64,78,52,78,52,81,0.9,22,"27.2"
"489",392,"Infernape","Fire","Fighting",534,76,104,71,104,71,108,1.2,55,"38.2"
"490",393,"Piplup","Water",NA,314,53,51,53,61,56,40,0.4,5.2,"32.5"
"491",394,"Prinplup","Water",NA,405,64,66,68,81,76,50,0.8,23,"35.9"
"492",395,"Empoleon","Water","Steel",530,84,86,88,111,101,60,1.7,84.5,"29.2"
"493",396,"Starly","Normal","Flying",245,40,55,30,30,30,60,0.3,2,"22.2"
"494",397,"Staravia","Normal","Flying",340,55,75,50,40,40,80,0.6,15.5,"43.1"
"495",398,"Staraptor","Normal","Flying",485,85,120,70,50,60,100,1.2,24.9,"17.3"
"496",399,"Bidoof","Normal",NA,250,59,45,40,35,40,31,0.5,20,"80.0"
"497",400,"Bibarel","Normal","Water",410,79,85,60,55,60,71,1,31.5,"31.5"
"498",401,"Kricketot","Bug",NA,194,37,25,41,25,41,25,0.3,2.2,"24.4"
"499",402,"Kricketune","Bug",NA,384,77,85,51,55,51,65,1,25.5,"25.5"
"500",403,"Shinx","Electric",NA,263,45,65,34,40,34,45,0.5,9.5,"38.0"
"501",404,"Luxio","Electric",NA,363,60,85,49,60,49,60,0.9,30.5,"37.7"
"502",405,"Luxray","Electric",NA,523,80,120,79,95,79,70,1.4,42,"21.4"
"503",406,"Budew","Grass","Poison",280,40,30,35,50,70,55,0.2,1.2,"30.0"
"504",407,"Roserade","Grass","Poison",515,60,70,65,125,105,90,0.9,14.5,"17.9"
"505",408,"Cranidos","Rock",NA,350,67,125,40,30,30,58,0.9,31.5,"38.9"
"506",409,"Rampardos","Rock",NA,495,97,165,60,65,50,58,1.6,102.5,"40.0"
"507",410,"Shieldon","Rock","Steel",350,30,42,118,42,88,30,0.5,57,"228.0"
"508",411,"Bastiodon","Rock","Steel",495,60,52,168,47,138,30,1.3,149.5,"88.5"
"509",412,"BurmyPlant Cloak","Bug",NA,224,40,29,45,29,45,36,0.2,3.4,"85.0"
"510",412,"BurmySandy Cloak","Bug",NA,224,40,29,45,29,45,36,0.2,3.4,"85.0"
"511",412,"BurmyTrash Cloak","Bug",NA,224,40,29,45,29,45,36,0.2,3.4,"85.0"
"512",413,"WormadamPlant Cloak","Bug","Grass",424,60,59,85,79,105,36,0.5,6.5,"26.0"
"513",413,"WormadamSandy Cloak","Bug","Ground",424,60,79,105,59,85,36,0.5,6.5,"26.0"
"514",413,"WormadamTrash Cloak","Bug","Steel",424,60,69,95,69,95,36,0.5,6.5,"26.0"
"515",414,"Mothim","Bug","Flying",424,70,94,50,94,50,66,0.9,23.3,"28.8"
"516",415,"Combee","Bug","Flying",244,30,30,42,30,42,70,0.3,5.5,"61.1"
"517",416,"Vespiquen","Bug","Flying",474,70,80,102,80,102,40,1.2,38.5,"26.7"
"518",417,"Pachirisu","Electric",NA,405,60,45,70,45,90,95,0.4,3.9,"24.4"
"519",418,"Buizel","Water",NA,330,55,65,35,60,30,85,0.7,29.5,"60.2"
"520",419,"Floatzel","Water",NA,495,85,105,55,85,50,115,1.1,33.5,"27.7"
"521",420,"Cherubi","Grass",NA,275,45,35,45,62,53,35,0.4,3.3,"20.6"
"522",421,"Cherrim","Grass",NA,450,70,60,70,87,78,85,0.5,9.3,"37.2"
"523",422,"Shellos","Water",NA,325,76,48,48,57,62,34,0.3,6.3,"70.0"
"524",423,"Gastrodon","Water","Ground",475,111,83,68,92,82,39,0.9,29.9,"36.9"
"525",424,"Ambipom","Normal",NA,482,75,100,66,60,66,115,1.2,20.3,"14.1"
"526",425,"Drifloon","Ghost","Flying",348,90,50,34,60,44,70,0.4,1.2,"7.5"
"527",426,"Drifblim","Ghost","Flying",498,150,80,44,90,54,80,1.2,15,"10.4"
"528",427,"Buneary","Normal",NA,350,55,66,44,44,56,85,0.4,5.5,"34.4"
"529",428,"LopunnyMega Lopunny","Normal","Fighting",580,65,136,94,54,96,135,1.3,28.3,"16.7"
"530",428,"Lopunny","Normal",NA,480,65,76,84,54,96,105,1.2,33.3,"23.1"
"531",429,"Mismagius","Ghost",NA,495,60,60,60,105,105,105,0.9,4.4,"5.4"
"532",430,"Honchkrow","Dark","Flying",505,100,125,52,105,52,71,0.9,27.3,"33.7"
"533",431,"Glameow","Normal",NA,310,49,55,42,42,37,85,0.5,3.9,"15.6"
"534",432,"Purugly","Normal",NA,452,71,82,64,64,59,112,1,43.8,"43.8"
"535",433,"Chingling","Psychic",NA,285,45,30,50,65,50,45,0.2,0.6,"15.0"
"536",434,"Stunky","Poison","Dark",329,63,63,47,41,41,74,0.4,19.2,"120.0"
"537",435,"Skuntank","Poison","Dark",479,103,93,67,71,61,84,1,38,"38.0"
"538",436,"Bronzor","Steel","Psychic",300,57,24,86,24,86,23,0.5,60.5,"242.0"
"539",437,"Bronzong","Steel","Psychic",500,67,89,116,79,116,33,1.3,187,"110.7"
"540",438,"Bonsly","Rock",NA,290,50,80,95,10,45,10,0.5,15,"60.0"
"541",439,"Mime Jr.","Psychic","Fairy",310,20,25,45,70,90,60,0.6,13,"36.1"
"542",440,"Happiny","Normal",NA,220,100,5,5,15,65,30,0.6,24.4,"67.8"
"543",441,"Chatot","Normal","Flying",411,76,65,45,92,42,91,0.5,1.9,"7.6"
"544",442,"Spiritomb","Ghost","Dark",485,50,92,108,92,108,35,1,108,"108.0"
"545",443,"Gible","Dragon","Ground",300,58,70,45,40,45,42,0.7,20.5,"41.8"
"546",444,"Gabite","Dragon","Ground",410,68,90,65,50,55,82,1.4,56,"28.6"
"547",445,"Garchomp","Dragon","Ground",600,108,130,95,80,85,102,1.9,95,"26.3"
"548",445,"GarchompMega Garchomp","Dragon","Ground",700,108,170,115,120,95,92,1.9,95,"26.3"
"549",446,"Munchlax","Normal",NA,390,135,85,40,40,85,5,0.6,105,"291.7"
"550",447,"Riolu","Fighting",NA,285,40,70,40,35,40,60,0.7,20.2,"41.2"
"551",448,"LucarioMega Lucario","Fighting","Steel",625,70,145,88,140,70,112,1.3,57.5,"34.0"
"552",448,"Lucario","Fighting","Steel",525,70,110,70,115,70,90,1.2,54,"37.5"
"553",449,"Hippopotas","Ground",NA,330,68,72,78,38,42,32,0.8,49.5,"77.3"
"554",450,"Hippowdon","Ground",NA,525,108,112,118,68,72,47,2,300,"75.0"
"555",451,"Skorupi","Poison","Bug",330,40,50,90,30,55,65,0.8,12,"18.8"
"556",452,"Drapion","Poison","Dark",500,70,90,110,60,75,95,1.3,61.5,"36.4"
"557",453,"Croagunk","Poison","Fighting",300,48,61,40,61,40,50,0.7,23,"46.9"
"558",454,"Toxicroak","Poison","Fighting",490,83,106,65,86,65,85,1.3,44.4,"26.3"
"559",455,"Carnivine","Grass",NA,454,74,100,72,90,72,46,1.4,27,"13.8"
"560",456,"Finneon","Water",NA,330,49,49,56,49,61,66,0.4,7,"43.8"
"561",457,"Lumineon","Water",NA,460,69,69,76,69,86,91,1.2,24,"16.7"
"562",458,"Mantyke","Water","Flying",345,45,20,50,60,120,50,1,65,"65.0"
"563",459,"Snover","Grass","Ice",334,60,62,50,62,60,40,1,50.5,"50.5"
"564",460,"AbomasnowMega Abomasnow","Grass","Ice",594,90,132,105,132,105,30,2.7,185,"25.4"
"565",460,"Abomasnow","Grass","Ice",494,90,92,75,92,85,60,2.2,135.5,"28.0"
"566",461,"Weavile","Dark","Ice",510,70,120,65,45,85,125,1.1,34,"28.1"
"567",462,"Magnezone","Electric","Steel",535,70,70,115,130,90,60,1.2,180,"125.0"
"568",463,"Lickilicky","Normal",NA,515,110,85,95,80,95,50,1.7,140,"48.4"
"569",464,"Rhyperior","Ground","Rock",535,115,140,130,55,55,40,2.4,282.8,"49.1"
"570",465,"Tangrowth","Grass",NA,535,100,100,125,110,50,50,2,128.6,"32.2"
"571",466,"Electivire","Electric",NA,540,75,123,67,95,85,95,1.8,138.6,"42.8"
"572",467,"Magmortar","Fire",NA,540,75,95,67,125,95,83,1.6,68,"26.6"
"573",468,"Togekiss","Fairy","Flying",545,85,50,95,120,115,80,1.5,38,"16.9"
"574",469,"Yanmega","Bug","Flying",515,86,76,86,116,56,95,1.9,51.5,"14.3"
"575",470,"Leafeon","Grass",NA,525,65,110,130,60,65,95,1,25.5,"25.5"
"576",471,"Glaceon","Ice",NA,525,65,60,110,130,95,65,0.8,25.9,"40.5"
"577",472,"Gliscor","Ground","Flying",510,75,95,125,45,75,95,2,42.5,"10.6"
"578",473,"Mamoswine","Ice","Ground",530,110,130,80,70,60,80,2.5,291,"46.6"
"579",474,"Porygon-Z","Normal",NA,535,85,80,70,135,75,90,0.9,34,"42.0"
"580",475,"Gallade","Psychic","Fighting",518,68,125,65,65,115,80,1.6,52,"20.3"
"581",475,"GalladeMega Gallade","Psychic","Fighting",618,68,165,95,65,115,110,1.6,56.4,"22.0"
"582",476,"Probopass","Rock","Steel",525,60,55,145,75,150,40,1.4,340,"173.5"
"583",477,"Dusknoir","Ghost",NA,525,45,100,135,65,135,45,2.2,106.6,"22.0"
"584",478,"Froslass","Ice","Ghost",480,70,80,70,80,70,110,1.3,26.6,"15.7"
"585",479,"Rotom","Electric","Ghost",440,50,50,77,95,77,91,0.3,0.3,"3.3"
"586",479,"RotomHeat Rotom","Electric","Fire",520,50,65,107,105,107,86,0.3,0.3,"3.3"
"587",479,"RotomWash Rotom","Electric","Water",520,50,65,107,105,107,86,0.3,0.3,"3.3"
"588",479,"RotomFrost Rotom","Electric","Ice",520,50,65,107,105,107,86,0.3,0.3,"3.3"
"589",479,"RotomFan Rotom","Electric","Flying",520,50,65,107,105,107,86,0.3,0.3,"3.3"
"590",479,"RotomMow Rotom","Electric","Grass",520,50,65,107,105,107,86,0.3,0.3,"3.3"
"591",480,"Uxie","Psychic",NA,580,75,75,130,75,130,95,0.3,0.3,"3.3"
"592",481,"Mesprit","Psychic",NA,580,80,105,105,105,105,80,0.3,0.3,"3.3"
"593",482,"Azelf","Psychic",NA,580,75,125,70,125,70,115,0.3,0.3,"3.3"
"594",483,"DialgaOrigin Forme","Steel","Dragon",680,100,100,120,150,120,90,7,850,"17.3"
"595",483,"Dialga","Steel","Dragon",680,100,120,120,150,100,90,5.4,683,"23.4"
"596",484,"PalkiaOrigin Forme","Water","Dragon",680,90,100,100,150,120,120,6.3,660,"16.6"
"597",484,"Palkia","Water","Dragon",680,90,120,100,150,120,100,4.2,336,"19.0"
"598",485,"Heatran","Fire","Steel",600,91,90,106,130,106,77,1.7,430,"148.8"
"599",486,"Regigigas","Normal",NA,670,110,160,110,80,110,100,3.7,420,"30.7"
"600",487,"GiratinaOrigin Forme","Ghost","Dragon",680,150,120,100,120,100,90,6.9,650,"13.7"
"601",487,"GiratinaAltered Forme","Ghost","Dragon",680,150,100,120,100,120,90,4.5,750,"37.0"
"602",488,"Cresselia","Psychic",NA,580,120,70,110,75,120,85,1.5,85.6,"38.0"
"603",489,"Phione","Water",NA,480,80,80,80,80,80,80,0.4,3.1,"19.4"
"604",490,"Manaphy","Water",NA,600,100,100,100,100,100,100,0.3,1.4,"15.6"
"605",491,"Darkrai","Dark",NA,600,70,90,90,135,90,125,1.5,50.5,"22.4"
"606",492,"ShayminSky Forme","Grass","Flying",600,100,103,75,120,75,127,0.4,5.2,"32.5"
"607",492,"ShayminLand Forme","Grass",NA,600,100,100,100,100,100,100,0.2,2.1,"52.5"
"608",493,"Arceus","Normal",NA,720,120,120,120,120,120,120,3.2,320,"31.3"
"609",494,"Victini","Psychic","Fire",600,100,100,100,100,100,100,0.4,4,"25.0"
"610",495,"Snivy","Grass",NA,308,45,45,55,45,55,63,0.6,8.1,"22.5"
"611",496,"Servine","Grass",NA,413,60,60,75,60,75,83,0.8,16,"25.0"
"612",497,"Serperior","Grass",NA,528,75,75,95,75,95,113,3.3,63,"5.8"
"613",498,"Tepig","Fire",NA,308,65,63,45,45,45,45,0.5,9.9,"39.6"
"614",499,"Pignite","Fire","Fighting",418,90,93,55,70,55,55,1,55.5,"55.5"
"615",500,"Emboar","Fire","Fighting",528,110,123,65,100,65,65,1.6,150,"58.6"
"616",501,"Oshawott","Water",NA,308,55,55,45,63,45,45,0.5,5.9,"23.6"
"617",502,"Dewott","Water",NA,413,75,75,60,83,60,60,0.8,24.5,"38.3"
"618",503,"SamurottHisuian Samurott","Water","Dark",528,90,108,80,100,65,85,1.5,58.2,"25.9"
"619",503,"Samurott","Water",NA,528,95,100,85,108,70,70,1.5,94.6,"42.0"
"620",504,"Patrat","Normal",NA,255,45,55,39,35,39,42,0.5,11.6,"46.4"
"621",505,"Watchog","Normal",NA,420,60,85,69,60,69,77,1.1,27,"22.3"
"622",506,"Lillipup","Normal",NA,275,45,60,45,25,45,55,0.4,4.1,"25.6"
"623",507,"Herdier","Normal",NA,370,65,80,65,35,65,60,0.9,14.7,"18.1"
"624",508,"Stoutland","Normal",NA,500,85,110,90,45,90,80,1.2,61,"42.4"
"625",509,"Purrloin","Dark",NA,281,41,50,37,50,37,66,0.4,10.1,"63.1"
"626",510,"Liepard","Dark",NA,446,64,88,50,88,50,106,1.1,37.5,"31.0"
"627",511,"Pansage","Grass",NA,316,50,53,48,53,48,64,0.6,10.5,"29.2"
"628",512,"Simisage","Grass",NA,498,75,98,63,98,63,101,1.1,30.5,"25.2"
"629",513,"Pansear","Fire",NA,316,50,53,48,53,48,64,0.6,11,"30.6"
"630",514,"Simisear","Fire",NA,498,75,98,63,98,63,101,1,28,"28.0"
"631",515,"Panpour","Water",NA,316,50,53,48,53,48,64,0.6,13.5,"37.5"
"632",516,"Simipour","Water",NA,498,75,98,63,98,63,101,1,29,"29.0"
"633",517,"Munna","Psychic",NA,292,76,25,45,67,55,24,0.6,23.3,"64.7"
"634",518,"Musharna","Psychic",NA,487,116,55,85,107,95,29,1.1,60.5,"50.0"
"635",519,"Pidove","Normal","Flying",264,50,55,50,36,30,43,0.3,2.1,"23.3"
"636",520,"Tranquill","Normal","Flying",358,62,77,62,50,42,65,0.6,15,"41.7"
"637",521,"Unfezant","Normal","Flying",488,80,115,80,65,55,93,1.2,29,"20.1"
"638",522,"Blitzle","Electric",NA,295,45,60,32,50,32,76,0.8,29.8,"46.6"
"639",523,"Zebstrika","Electric",NA,497,75,100,63,80,63,116,1.6,79.5,"31.1"
"640",524,"Roggenrola","Rock",NA,280,55,75,85,25,25,15,0.4,18,"112.5"
"641",525,"Boldore","Rock",NA,390,70,105,105,50,40,20,0.9,102,"125.9"
"642",526,"Gigalith","Rock",NA,515,85,135,130,60,80,25,1.7,260,"90.0"
"643",527,"Woobat","Psychic","Flying",323,65,45,43,55,43,72,0.4,2.1,"13.1"
"644",528,"Swoobat","Psychic","Flying",425,67,57,55,77,55,114,0.9,10.5,"13.0"
"645",529,"Drilbur","Ground",NA,328,60,85,40,30,45,68,0.3,8.5,"94.4"
"646",530,"Excadrill","Ground","Steel",508,110,135,60,50,65,88,0.7,40.4,"82.4"
"647",531,"AudinoMega Audino","Normal","Fairy",545,103,60,126,80,126,50,1.5,32,"14.2"
"648",531,"Audino","Normal",NA,445,103,60,86,60,86,50,1.1,31,"25.6"
"649",532,"Timburr","Fighting",NA,305,75,80,55,25,35,35,0.6,12.5,"34.7"
"650",533,"Gurdurr","Fighting",NA,405,85,105,85,40,50,40,1.2,40,"27.8"
"651",534,"Conkeldurr","Fighting",NA,505,105,140,95,55,65,45,1.4,87,"44.4"
"652",535,"Tympole","Water",NA,294,50,50,40,50,40,64,0.5,4.5,"18.0"
"653",536,"Palpitoad","Water","Ground",384,75,65,55,65,55,69,0.8,17,"26.6"
"654",537,"Seismitoad","Water","Ground",509,105,95,75,85,75,74,1.5,62,"27.6"
"655",538,"Throh","Fighting",NA,465,120,100,85,30,85,45,1.3,55.5,"32.8"
"656",539,"Sawk","Fighting",NA,465,75,125,75,30,75,85,1.4,51,"26.0"
"657",540,"Sewaddle","Bug","Grass",310,45,53,70,40,60,42,0.3,2.5,"27.8"
"658",541,"Swadloon","Bug","Grass",380,55,63,90,50,80,42,0.5,7.3,"29.2"
"659",542,"Leavanny","Bug","Grass",500,75,103,80,70,80,92,1.2,20.5,"14.2"
"660",543,"Venipede","Bug","Poison",260,30,45,59,30,39,57,0.4,5.3,"33.1"
"661",544,"Whirlipede","Bug","Poison",360,40,55,99,40,79,47,1.2,58.5,"40.6"
"662",545,"Scolipede","Bug","Poison",485,60,100,89,55,69,112,2.5,200.5,"32.1"
"663",546,"Cottonee","Grass","Fairy",280,40,27,60,37,50,66,0.3,0.6,"6.7"
"664",547,"Whimsicott","Grass","Fairy",480,60,67,85,77,75,116,0.7,6.6,"13.5"
"665",548,"Petilil","Grass",NA,280,45,35,50,70,50,30,0.5,6.6,"26.4"
"666",549,"LilligantHisuian Lilligant","Grass","Fighting",480,70,105,75,50,75,105,1.2,19.2,"13.3"
"667",549,"Lilligant","Grass",NA,480,70,60,75,110,75,90,1.1,16.3,"13.5"
"668",550,"BasculinRed-Striped Form","Water",NA,460,70,92,65,80,55,98,1,18,"18.0"
"669",550,"BasculinBlue-Striped Form","Water",NA,460,70,92,65,80,55,98,1,18,"18.0"
"670",550,"BasculinWhite-Striped Form","Water",NA,460,70,92,65,80,55,98,1,18,"18.0"
"671",551,"Sandile","Ground","Dark",292,50,72,35,35,35,65,0.7,15.2,"31.0"
"672",552,"Krokorok","Ground","Dark",351,60,82,45,45,45,74,1,33.4,"33.4"
"673",553,"Krookodile","Ground","Dark",519,95,117,80,65,70,92,1.5,96.3,"42.8"
"674",554,"DarumakaGalarian Darumaka","Ice",NA,315,70,90,45,15,45,50,0.7,40,"81.6"
"675",554,"Darumaka","Fire",NA,315,70,90,45,15,45,50,0.6,37.5,"104.2"
"676",555,"DarmanitanGalarian Standard Mode","Ice",NA,480,105,140,55,30,55,95,1.7,120,"41.5"
"677",555,"DarmanitanGalarian Zen Mode","Ice","Fire",540,105,160,55,30,55,135,1.7,120,"41.5"
"678",555,"DarmanitanStandard Mode","Fire",NA,480,105,140,55,30,55,95,1.3,92.9,"55.0"
"679",555,"DarmanitanZen Mode","Fire","Psychic",540,105,30,105,140,105,55,1.3,92.9,"55.0"
"680",556,"Maractus","Grass",NA,461,75,86,67,106,67,60,1,28,"28.0"
"681",557,"Dwebble","Bug","Rock",325,50,65,85,35,35,55,0.3,14.5,"161.1"
"682",558,"Crustle","Bug","Rock",485,70,105,125,65,75,45,1.4,200,"102.0"
"683",559,"Scraggy","Dark","Fighting",348,50,75,70,35,70,48,0.6,11.8,"32.8"
"684",560,"Scrafty","Dark","Fighting",488,65,90,115,45,115,58,1.1,30,"24.8"
"685",561,"Sigilyph","Psychic","Flying",490,72,58,80,103,80,97,1.4,14,"7.1"
"686",562,"Yamask","Ghost",NA,303,38,30,85,55,65,30,0.5,1.5,"6.0"
"687",562,"YamaskGalarian Yamask","Ground","Ghost",303,38,55,85,30,65,30,0.5,1.5,"6.0"
"688",563,"Cofagrigus","Ghost",NA,483,58,50,145,95,105,30,1.7,76.5,"26.5"
"689",564,"Tirtouga","Water","Rock",355,54,78,103,53,45,22,0.7,16.5,"33.7"
"690",565,"Carracosta","Water","Rock",495,74,108,133,83,65,32,1.2,81,"56.3"
"691",566,"Archen","Rock","Flying",401,55,112,45,74,45,70,0.5,9.5,"38.0"
"692",567,"Archeops","Rock","Flying",567,75,140,65,112,65,110,1.4,32,"16.3"
"693",568,"Trubbish","Poison",NA,329,50,50,62,40,62,65,0.6,31,"86.1"
"694",569,"Garbodor","Poison",NA,474,80,95,82,60,82,75,1.9,107.3,"29.7"
"695",570,"Zorua","Dark",NA,330,40,65,40,80,40,65,0.7,12.5,"25.5"
"696",570,"ZoruaHisuian Zorua","Normal","Ghost",330,35,60,40,85,40,70,0.7,12.5,"25.5"
"697",571,"ZoroarkHisuian Zoroark","Normal","Ghost",510,55,100,60,125,60,110,1.6,73,"28.5"
"698",571,"Zoroark","Dark",NA,510,60,105,60,120,60,105,1.6,81.1,"31.7"
"699",572,"Minccino","Normal",NA,300,55,50,40,40,40,75,0.4,5.8,"36.3"
"700",573,"Cinccino","Normal",NA,470,75,95,60,65,60,115,0.5,7.5,"30.0"
"701",574,"Gothita","Psychic",NA,290,45,30,50,55,65,45,0.4,5.8,"36.3"
"702",575,"Gothorita","Psychic",NA,390,60,45,70,75,85,55,0.7,18,"36.7"
"703",576,"Gothitelle","Psychic",NA,490,70,55,95,95,110,65,1.5,44,"19.6"
"704",577,"Solosis","Psychic",NA,290,45,30,40,105,50,20,0.3,1,"11.1"
"705",578,"Duosion","Psychic",NA,370,65,40,50,125,60,30,0.6,8,"22.2"
"706",579,"Reuniclus","Psychic",NA,490,110,65,75,125,85,30,1,20.1,"20.1"
"707",580,"Ducklett","Water","Flying",305,62,44,50,44,50,55,0.5,5.5,"22.0"
"708",581,"Swanna","Water","Flying",473,75,87,63,87,63,98,1.3,24.2,"14.3"
"709",582,"Vanillite","Ice",NA,305,36,50,50,65,60,44,0.4,5.7,"35.6"
"710",583,"Vanillish","Ice",NA,395,51,65,65,80,75,59,1.1,41,"33.9"
"711",584,"Vanilluxe","Ice",NA,535,71,95,85,110,95,79,1.3,57.5,"34.0"
"712",585,"Deerling","Normal","Grass",335,60,60,50,40,50,75,0.6,19.5,"54.2"
"713",586,"Sawsbuck","Normal","Grass",475,80,100,70,60,70,95,1.9,92.5,"25.6"
"714",587,"Emolga","Electric","Flying",428,55,75,60,75,60,103,0.4,5,"31.3"
"715",588,"Karrablast","Bug",NA,315,50,75,45,40,45,60,0.5,5.9,"23.6"
"716",589,"Escavalier","Bug","Steel",495,70,135,105,60,105,20,1,33,"33.0"
"717",590,"Foongus","Grass","Poison",294,69,55,45,55,55,15,0.2,1,"25.0"
"718",591,"Amoonguss","Grass","Poison",464,114,85,70,85,80,30,0.6,10.5,"29.2"
"719",592,"Frillish","Water","Ghost",335,55,40,50,65,85,40,1.2,33,"22.9"
"720",593,"Jellicent","Water","Ghost",480,100,60,70,85,105,60,2.2,135,"27.9"
"721",594,"Alomomola","Water",NA,470,165,75,80,40,45,65,1.2,31.6,"21.9"
"722",595,"Joltik","Bug","Electric",319,50,47,50,57,50,65,0.1,0.6,"60.0"
"723",596,"Galvantula","Bug","Electric",472,70,77,60,97,60,108,0.8,14.3,"22.3"
"724",597,"Ferroseed","Grass","Steel",305,44,50,91,24,86,10,0.6,18.8,"52.2"
"725",598,"Ferrothorn","Grass","Steel",489,74,94,131,54,116,20,1,110,"110.0"
"726",599,"Klink","Steel",NA,300,40,55,70,45,60,30,0.3,21,"233.3"
"727",600,"Klang","Steel",NA,440,60,80,95,70,85,50,0.6,51,"141.7"
"728",601,"Klinklang","Steel",NA,520,60,100,115,70,85,90,0.6,81,"225.0"
"729",602,"Tynamo","Electric",NA,275,35,55,40,45,40,60,0.2,0.3,"7.5"
"730",603,"Eelektrik","Electric",NA,405,65,85,70,75,70,40,1.2,22,"15.3"
"731",604,"Eelektross","Electric",NA,515,85,115,80,105,80,50,2.1,80.5,"18.3"
"732",605,"Elgyem","Psychic",NA,335,55,55,55,85,55,30,0.5,9,"36.0"
"733",606,"Beheeyem","Psychic",NA,485,75,75,75,125,95,40,1,34.5,"34.5"
"734",607,"Litwick","Ghost","Fire",275,50,30,55,65,55,20,0.3,3.1,"34.4"
"735",608,"Lampent","Ghost","Fire",370,60,40,60,95,60,55,0.6,13,"36.1"
"736",609,"Chandelure","Ghost","Fire",520,60,55,90,145,90,80,1,34.3,"34.3"
"737",610,"Axew","Dragon",NA,320,46,87,60,30,40,57,0.6,18,"50.0"
"738",611,"Fraxure","Dragon",NA,410,66,117,70,40,50,67,1,36,"36.0"
"739",612,"Haxorus","Dragon",NA,540,76,147,90,60,70,97,1.8,105.5,"32.6"
"740",613,"Cubchoo","Ice",NA,305,55,70,40,60,40,40,0.5,8.5,"34.0"
"741",614,"Beartic","Ice",NA,505,95,130,80,70,80,50,2.6,260,"38.5"
"742",615,"Cryogonal","Ice",NA,515,80,50,50,95,135,105,1.1,148,"122.3"
"743",616,"Shelmet","Bug",NA,305,50,40,85,40,65,25,0.4,7.7,"48.1"
"744",617,"Accelgor","Bug",NA,495,80,70,40,100,60,145,0.8,25.3,"39.5"
"745",618,"Stunfisk","Ground","Electric",471,109,66,84,81,99,32,0.7,11,"22.4"
"746",618,"StunfiskGalarian Stunfisk","Ground","Steel",471,109,81,99,66,84,32,0.7,20.5,"41.8"
"747",619,"Mienfoo","Fighting",NA,350,45,85,50,55,50,65,0.9,20,"24.7"
"748",620,"Mienshao","Fighting",NA,510,65,125,60,95,60,105,1.4,35.5,"18.1"
"749",621,"Druddigon","Dragon",NA,485,77,120,90,60,90,48,1.6,139,"54.3"
"750",622,"Golett","Ground","Ghost",303,59,74,50,35,50,35,1,92,"92.0"
"751",623,"Golurk","Ground","Ghost",483,89,124,80,55,80,55,2.8,330,"42.1"
"752",624,"Pawniard","Dark","Steel",340,45,85,70,40,40,60,0.5,10.2,"40.8"
"753",625,"Bisharp","Dark","Steel",490,65,125,100,60,70,70,1.6,70,"27.3"
"754",626,"Bouffalant","Normal",NA,490,95,110,95,40,95,55,1.6,94.6,"37.0"
"755",627,"Rufflet","Normal","Flying",350,70,83,50,37,50,60,0.5,10.5,"42.0"
"756",628,"BraviaryHisuian Braviary","Psychic","Flying",510,110,83,70,112,70,65,1.7,43.4,"15.0"
"757",628,"Braviary","Normal","Flying",510,100,123,75,57,75,80,1.5,41,"18.2"
"758",629,"Vullaby","Dark","Flying",370,70,55,75,45,65,60,0.5,9,"36.0"
"759",630,"Mandibuzz","Dark","Flying",510,110,65,105,55,95,80,1.2,39.5,"27.4"
"760",631,"Heatmor","Fire",NA,484,85,97,66,105,66,65,1.4,58,"29.6"
"761",632,"Durant","Bug","Steel",484,58,109,112,48,48,109,0.3,33,"366.7"
"762",633,"Deino","Dark","Dragon",300,52,65,50,45,50,38,0.8,17.3,"27.0"
"763",634,"Zweilous","Dark","Dragon",420,72,85,70,65,70,58,1.4,50,"25.5"
"764",635,"Hydreigon","Dark","Dragon",600,92,105,90,125,90,98,1.8,160,"49.4"
"765",636,"Larvesta","Bug","Fire",360,55,85,55,50,55,60,1.1,28.8,"23.8"
"766",637,"Volcarona","Bug","Fire",550,85,60,65,135,105,100,1.6,46,"18.0"
"767",638,"Cobalion","Steel","Fighting",580,91,90,129,90,72,108,2.1,250,"56.7"
"768",639,"Terrakion","Rock","Fighting",580,91,129,90,72,90,108,1.9,260,"72.0"
"769",640,"Virizion","Grass","Fighting",580,91,90,72,90,129,108,2,200,"50.0"
"770",641,"TornadusIncarnate Forme","Flying",NA,580,79,115,70,125,80,111,1.5,63,"28.0"
"771",641,"TornadusTherian Forme","Flying",NA,580,79,100,80,110,90,121,1.4,63,"32.1"
"772",642,"ThundurusTherian Forme","Electric","Flying",580,79,105,70,145,80,101,3,61,"6.8"
"773",642,"ThundurusIncarnate Forme","Electric","Flying",580,79,115,70,125,80,111,1.5,61,"27.1"
"774",643,"Reshiram","Dragon","Fire",680,100,120,100,150,120,90,3.2,330,"32.2"
"775",644,"Zekrom","Dragon","Electric",680,100,150,120,120,100,90,2.9,345,"41.0"
"776",645,"LandorusIncarnate Forme","Ground","Flying",600,89,125,90,115,80,101,1.5,68,"30.2"
"777",645,"LandorusTherian Forme","Ground","Flying",600,89,145,90,105,80,91,1.3,68,"40.2"
"778",646,"KyuremWhite Kyurem","Dragon","Ice",700,125,120,90,170,100,95,3.6,325,"25.1"
"779",646,"KyuremBlack Kyurem","Dragon","Ice",700,125,170,100,120,90,95,3.3,325,"29.8"
"780",646,"Kyurem","Dragon","Ice",660,125,130,90,130,90,95,3,325,"36.1"
"781",647,"KeldeoOrdinary Form","Water","Fighting",580,91,72,90,129,90,108,1.4,48.5,"24.7"
"782",647,"KeldeoResolute Form","Water","Fighting",580,91,72,90,129,90,108,1.4,48.5,"24.7"
"783",648,"MeloettaAria Forme","Normal","Psychic",600,100,77,77,128,128,90,0.6,6.5,"18.1"
"784",648,"MeloettaPirouette Forme","Normal","Fighting",600,100,128,90,77,77,128,0.6,6.5,"18.1"
"785",649,"Genesect","Bug","Steel",600,71,120,95,120,95,99,1.5,82.5,"36.7"
"786",650,"Chespin","Grass",NA,313,56,61,65,48,45,38,0.4,9,"56.3"
"787",651,"Quilladin","Grass",NA,405,61,78,95,56,58,57,0.7,29,"59.2"
"788",652,"Chesnaught","Grass","Fighting",530,88,107,122,74,75,64,1.6,90,"35.2"
"789",653,"Fennekin","Fire",NA,307,40,45,40,62,60,60,0.4,9.4,"58.8"
"790",654,"Braixen","Fire",NA,409,59,59,58,90,70,73,1,14.5,"14.5"
"791",655,"Delphox","Fire","Psychic",534,75,69,72,114,100,104,1.5,39,"17.3"
"792",656,"Froakie","Water",NA,314,41,56,40,62,44,71,0.3,7,"77.8"
"793",657,"Frogadier","Water",NA,405,54,63,52,83,56,97,0.6,10.9,"30.3"
"794",658,"Greninja","Water","Dark",530,72,95,67,103,71,122,1.5,40,"17.8"
"795",658,"GreninjaAsh-Greninja","Water","Dark",640,72,145,67,153,71,132,1.5,40,"17.8"
"796",659,"Bunnelby","Normal",NA,237,38,36,38,32,36,57,0.4,5,"31.3"
"797",660,"Diggersby","Normal","Ground",423,85,56,77,50,77,78,1,42.4,"42.4"
"798",661,"Fletchling","Normal","Flying",278,45,50,43,40,38,62,0.3,1.7,"18.9"
"799",662,"Fletchinder","Fire","Flying",382,62,73,55,56,52,84,0.7,16,"32.7"
"800",663,"Talonflame","Fire","Flying",499,78,81,71,74,69,126,1.2,24.5,"17.0"
"801",664,"Scatterbug","Bug",NA,200,38,35,40,27,25,35,0.3,2.5,"27.8"
"802",665,"Spewpa","Bug",NA,213,45,22,60,27,30,29,0.3,8.4,"93.3"
"803",666,"Vivillon","Bug","Flying",411,80,52,50,90,50,89,1.2,17,"11.8"
"804",667,"Litleo","Fire","Normal",369,62,50,58,73,54,72,0.6,13.5,"37.5"
"805",668,"Pyroar","Fire","Normal",507,86,68,72,109,66,106,1.5,81.5,"36.2"
"806",669,"FlabÃ©bÃ©","Fairy",NA,303,44,38,39,61,79,42,0.1,0.1,"10.0"
"807",670,"Floette","Fairy",NA,371,54,45,47,75,98,52,0.2,0.9,"22.5"
"808",671,"Florges","Fairy",NA,552,78,65,68,112,154,75,1.1,10,"8.3"
"809",672,"Skiddo","Grass",NA,350,66,65,48,62,57,52,0.9,31,"38.3"
"810",673,"Gogoat","Grass",NA,531,123,100,62,97,81,68,1.7,91,"31.5"
"811",674,"Pancham","Fighting",NA,348,67,82,62,46,48,43,0.6,8,"22.2"
"812",675,"Pangoro","Fighting","Dark",495,95,124,78,69,71,58,2.1,136,"30.8"
"813",676,"Furfrou","Normal",NA,472,75,80,60,65,90,102,1.2,28,"19.4"
"814",677,"Espurr","Psychic",NA,355,62,48,54,63,60,68,0.3,3.5,"38.9"
"815",678,"MeowsticMale","Psychic",NA,466,74,48,76,83,81,104,0.6,8.5,"23.6"
"816",678,"MeowsticFemale","Psychic",NA,466,74,48,76,83,81,104,0.6,8.5,"23.6"
"817",679,"Honedge","Steel","Ghost",325,45,80,100,35,37,28,0.8,2,"3.1"
"818",680,"Doublade","Steel","Ghost",448,59,110,150,45,49,35,0.8,4.5,"7.0"
"819",681,"AegislashShield Forme","Steel","Ghost",500,60,50,140,50,140,60,1.7,53,"18.3"
"820",681,"AegislashBlade Forme","Steel","Ghost",500,60,140,50,140,50,60,1.7,53,"18.3"
"821",682,"Spritzee","Fairy",NA,341,78,52,60,63,65,23,0.2,0.5,"12.5"
"822",683,"Aromatisse","Fairy",NA,462,101,72,72,99,89,29,0.8,15.5,"24.2"
"823",684,"Swirlix","Fairy",NA,341,62,48,66,59,57,49,0.4,3.5,"21.9"
"824",685,"Slurpuff","Fairy",NA,480,82,80,86,85,75,72,0.8,5,"7.8"
"825",686,"Inkay","Dark","Psychic",288,53,54,53,37,46,45,0.4,3.5,"21.9"
"826",687,"MalamarMega Malamar","Dark","Psychic",582,86,102,88,98,120,88,2.9,69.8,"8.3"
"827",687,"Malamar","Dark","Psychic",482,86,92,88,68,75,73,1.5,47,"20.9"
"828",688,"Binacle","Rock","Water",306,42,52,67,39,56,50,0.5,31,"124.0"
"829",689,"Barbaracle","Rock","Water",500,72,105,115,54,86,68,1.3,96,"56.8"
"830",690,"Skrelp","Poison","Water",320,50,60,60,60,60,30,0.5,7.3,"29.2"
"831",691,"Dragalge","Poison","Dragon",494,65,75,90,97,123,44,1.8,81.5,"25.2"
"832",692,"Clauncher","Water",NA,330,50,53,62,58,63,44,0.5,8.3,"33.2"
"833",693,"Clawitzer","Water",NA,500,71,73,88,120,89,59,1.3,35.3,"20.9"
"834",694,"Helioptile","Electric","Normal",289,44,38,33,61,43,70,0.5,6,"24.0"
"835",695,"Heliolisk","Electric","Normal",481,62,55,52,109,94,109,1,21,"21.0"
"836",696,"Tyrunt","Rock","Dragon",362,58,89,77,45,45,48,0.8,26,"40.6"
"837",697,"Tyrantrum","Rock","Dragon",521,82,121,119,69,59,71,2.5,270,"43.2"
"838",698,"Amaura","Rock","Ice",362,77,59,50,67,63,46,1.3,25.2,"14.9"
"839",699,"Aurorus","Rock","Ice",521,123,77,72,99,92,58,2.7,225,"30.9"
"840",700,"Sylveon","Fairy",NA,525,95,65,65,110,130,60,1,23.5,"23.5"
"841",701,"HawluchaMega Hawlucha","Fighting","Flying",600,78,137,100,74,93,118,1,25,"25.0"
"842",701,"Hawlucha","Fighting","Flying",500,78,92,75,74,63,118,0.8,21.5,"33.6"
"843",702,"Dedenne","Electric","Fairy",431,67,58,57,81,67,101,0.2,2.2,"55.0"
"844",703,"Carbink","Rock","Fairy",500,50,50,150,50,150,50,0.3,5.7,"63.3"
"845",704,"Goomy","Dragon",NA,300,45,50,35,55,75,40,0.3,2.8,"31.1"
"846",705,"Sliggoo","Dragon",NA,452,68,75,53,83,113,60,0.8,17.5,"27.3"
"847",705,"SliggooHisuian Sliggoo","Steel","Dragon",452,58,75,83,83,113,40,0.7,68.5,"139.8"
"848",706,"Goodra","Dragon",NA,600,90,100,70,110,150,80,2,150.5,"37.6"
"849",706,"GoodraHisuian Goodra","Steel","Dragon",600,80,100,100,110,150,60,1.7,334.1,"115.6"
"850",707,"Klefki","Steel","Fairy",470,57,80,91,80,87,75,0.2,3,"75.0"
"851",708,"Phantump","Ghost","Grass",309,43,70,48,50,60,38,0.4,7,"43.8"
"852",709,"Trevenant","Ghost","Grass",474,85,110,76,65,82,56,1.5,71,"31.6"
"853",710,"PumpkabooSuper Size","Ghost","Grass",335,59,66,70,44,55,41,0.8,15,"23.4"
"854",710,"PumpkabooLarge Size","Ghost","Grass",335,54,66,70,44,55,46,0.5,7.5,"30.0"
"855",710,"PumpkabooAverage Size","Ghost","Grass",335,49,66,70,44,55,51,0.4,5,"31.3"
"856",710,"PumpkabooSmall Size","Ghost","Grass",335,44,66,70,44,55,56,0.3,3.5,"38.9"
"857",711,"GourgeistLarge Size","Ghost","Grass",494,75,95,122,58,75,69,1.1,14,"11.6"
"858",711,"GourgeistSuper Size","Ghost","Grass",494,85,100,122,58,75,54,1.7,39,"13.5"
"859",711,"GourgeistAverage Size","Ghost","Grass",494,65,90,122,58,75,84,0.9,12.5,"15.4"
"860",711,"GourgeistSmall Size","Ghost","Grass",494,55,85,122,58,75,99,0.7,9.5,"19.4"
"861",712,"Bergmite","Ice",NA,304,55,69,85,32,35,28,1,99.5,"99.5"
"862",713,"Avalugg","Ice",NA,514,95,117,184,44,46,28,2,505,"126.3"
"863",713,"AvaluggHisuian Avalugg","Ice","Rock",514,95,127,184,34,36,38,1.4,262.4,"133.9"
"864",714,"Noibat","Flying","Dragon",245,40,30,35,45,40,55,0.5,8,"32.0"
"865",715,"Noivern","Flying","Dragon",535,85,70,80,97,80,123,1.5,85,"37.8"
"866",716,"Xerneas","Fairy",NA,680,126,131,95,131,98,99,3,215,"23.9"
"867",717,"Yveltal","Dark","Flying",680,126,131,95,131,98,99,5.8,203,"6.0"
"868",718,"Zygarde50% Forme","Dragon","Ground",600,108,100,121,81,95,95,5,305,"12.2"
"869",718,"Zygarde10% Forme","Dragon","Ground",486,54,100,71,61,85,115,1.2,33.5,"23.3"
"870",718,"ZygardeComplete Forme","Dragon","Ground",708,216,100,121,91,95,85,4.5,610,"30.1"
"871",719,"Diancie","Rock","Fairy",600,50,100,150,100,150,50,0.7,8.8,"18.0"
"872",719,"DiancieMega Diancie","Rock","Fairy",700,50,160,110,160,110,110,1.1,27.8,"23.0"
"873",720,"HoopaHoopa Unbound","Psychic","Dark",680,80,160,60,170,130,80,6.5,490,"11.6"
"874",720,"HoopaHoopa Confined","Psychic","Ghost",600,80,110,60,150,130,70,0.5,9,"36.0"
"875",721,"Volcanion","Fire","Water",600,80,110,120,130,90,70,1.7,195,"67.5"
"876",722,"Rowlet","Grass","Flying",320,68,55,55,50,50,42,0.3,1.5,"16.7"
"877",723,"Dartrix","Grass","Flying",420,78,75,75,70,70,52,0.7,16,"32.7"
"878",724,"Decidueye","Grass","Ghost",530,78,107,75,100,100,70,1.6,36.6,"14.3"
"879",724,"DecidueyeHisuian Decidueye","Grass","Fighting",530,88,112,80,95,95,60,1.6,37,"14.5"
"880",725,"Litten","Fire",NA,320,45,65,40,60,40,70,0.4,4.3,"26.9"
"881",726,"Torracat","Fire",NA,420,65,85,50,80,50,90,0.7,25,"51.0"
"882",727,"Incineroar","Fire","Dark",530,95,115,90,80,90,60,1.8,83,"25.6"
"883",728,"Popplio","Water",NA,320,50,54,54,66,56,40,0.4,7.5,"46.9"
"884",729,"Brionne","Water",NA,420,60,69,69,91,81,50,0.6,17.5,"48.6"
"885",730,"Primarina","Water","Fairy",530,80,74,74,126,116,60,1.8,44,"13.6"
"886",731,"Pikipek","Normal","Flying",265,35,75,30,30,30,65,0.3,1.2,"13.3"
"887",732,"Trumbeak","Normal","Flying",355,55,85,50,40,50,75,0.6,14.8,"41.1"
"888",733,"Toucannon","Normal","Flying",485,80,120,75,75,75,60,1.1,26,"21.5"
"889",734,"Yungoos","Normal",NA,253,48,70,30,30,30,45,0.4,6,"37.5"
"890",735,"Gumshoos","Normal",NA,418,88,110,60,55,60,45,0.7,14.2,"29.0"
"891",736,"Grubbin","Bug",NA,300,47,62,45,55,45,46,0.4,4.4,"27.5"
"892",737,"Charjabug","Bug","Electric",400,57,82,95,55,75,36,0.5,10.5,"42.0"
"893",738,"Vikavolt","Bug","Electric",500,77,70,90,145,75,43,1.5,45,"20.0"
"894",739,"Crabrawler","Fighting",NA,338,47,82,57,42,47,63,0.6,7,"19.4"
"895",740,"Crabominable","Fighting","Ice",478,97,132,77,62,67,43,1.7,180,"62.3"
"896",741,"OricorioBaile Style","Fire","Flying",476,75,70,70,98,70,93,0.6,3.4,"9.4"
"897",741,"OricorioPom-Pom Style","Electric","Flying",476,75,70,70,98,70,93,0.6,3.4,"9.4"
"898",741,"OricorioPa'u Style","Psychic","Flying",476,75,70,70,98,70,93,0.6,3.4,"9.4"
"899",741,"OricorioSensu Style","Ghost","Flying",476,75,70,70,98,70,93,0.6,3.4,"9.4"
"900",742,"Cutiefly","Bug","Fairy",304,40,45,40,55,40,84,0.1,0.2,"20.0"
"901",743,"Ribombee","Bug","Fairy",464,60,55,60,95,70,124,0.2,0.5,"12.5"
"902",744,"Rockruff","Rock",NA,280,45,65,40,30,40,60,0.5,9.2,"36.8"
"903",744,"RockruffOwn Tempo Rockruff","Rock",NA,280,45,65,40,30,40,60,0.5,9.2,"36.8"
"904",745,"LycanrocMidnight Form","Rock",NA,487,85,115,75,55,75,82,1.1,25,"20.7"
"905",745,"LycanrocMidday Form","Rock",NA,487,75,115,65,55,65,112,0.8,25,"39.1"
"906",745,"LycanrocDusk Form","Rock",NA,487,75,117,65,55,65,110,0.8,25,"39.1"
"907",746,"WishiwashiSchool Form","Water",NA,620,45,140,130,140,135,30,8.2,78.6,"1.2"
"908",746,"WishiwashiSolo Form","Water",NA,175,45,20,20,25,25,40,0.2,0.3,"7.5"
"909",747,"Mareanie","Poison","Water",305,50,53,62,43,52,45,0.4,8,"50.0"
"910",748,"Toxapex","Poison","Water",495,50,63,152,53,142,35,0.7,14.5,"29.6"
"911",749,"Mudbray","Ground",NA,385,70,100,70,45,55,45,1,110,"110.0"
"912",750,"Mudsdale","Ground",NA,500,100,125,100,55,85,35,2.5,920,"147.2"
"913",751,"Dewpider","Water","Bug",269,38,40,52,40,72,27,0.3,4,"44.4"
"914",752,"Araquanid","Water","Bug",454,68,70,92,50,132,42,1.8,82,"25.3"
"915",753,"Fomantis","Grass",NA,250,40,55,35,50,35,35,0.3,1.5,"16.7"
"916",754,"Lurantis","Grass",NA,480,70,105,90,80,90,45,0.9,18.5,"22.8"
"917",755,"Morelull","Grass","Fairy",285,40,35,55,65,75,15,0.2,1.5,"37.5"
"918",756,"Shiinotic","Grass","Fairy",405,60,45,80,90,100,30,1,11.5,"11.5"
"919",757,"Salandit","Poison","Fire",320,48,44,40,71,40,77,0.6,4.8,"13.3"
"920",758,"Salazzle","Poison","Fire",480,68,64,60,111,60,117,1.2,22.2,"15.4"
"921",759,"Stufful","Normal","Fighting",340,70,75,50,45,50,50,0.5,6.8,"27.2"
"922",760,"Bewear","Normal","Fighting",500,120,125,80,55,60,60,2.1,135,"30.6"
"923",761,"Bounsweet","Grass",NA,210,42,30,38,30,38,32,0.3,3.2,"35.6"
"924",762,"Steenee","Grass",NA,290,52,40,48,40,48,62,0.7,8.2,"16.7"
"925",763,"Tsareena","Grass",NA,510,72,120,98,50,98,72,1.2,21.4,"14.9"
"926",764,"Comfey","Fairy",NA,485,51,52,90,82,110,100,0.1,0.3,"30.0"
"927",765,"Oranguru","Normal","Psychic",490,90,60,80,90,110,60,1.5,76,"33.8"
"928",766,"Passimian","Fighting",NA,490,100,120,90,40,60,80,2,82.8,"20.7"
"929",767,"Wimpod","Bug","Water",230,25,35,40,20,30,80,0.5,12,"48.0"
"930",768,"Golisopod","Bug","Water",530,75,125,140,60,90,40,2,108,"27.0"
"931",769,"Sandygast","Ghost","Ground",320,55,55,80,70,45,15,0.5,70,"280.0"
"932",770,"Palossand","Ghost","Ground",480,85,75,110,100,75,35,1.3,250,"147.9"
"933",771,"Pyukumuku","Water",NA,410,55,60,130,30,130,5,0.3,1.2,"13.3"
"934",772,"Type: Null","Normal",NA,534,95,95,95,95,95,59,1.9,120.5,"33.4"
"935",773,"Silvally","Normal",NA,570,95,95,95,95,95,95,2.3,100.5,"19.0"
"936",774,"MiniorCore Form","Rock","Flying",500,60,100,60,100,60,120,0.3,0.3,"3.3"
"937",774,"MiniorMeteor Form","Rock","Flying",440,60,60,100,60,100,60,0.3,40,"444.4"
"938",775,"Komala","Normal",NA,480,65,115,65,75,95,65,0.4,19.9,"124.4"
"939",776,"Turtonator","Fire","Dragon",485,60,78,135,91,85,36,2,212,"53.0"
"940",777,"Togedemaru","Electric","Steel",435,65,98,63,40,73,96,0.3,3.3,"36.7"
"941",778,"Mimikyu","Ghost","Fairy",476,55,90,80,50,105,96,0.2,0.7,"17.5"
"942",779,"Bruxish","Water","Psychic",475,68,105,70,70,70,92,0.9,19,"23.5"
"943",780,"Drampa","Normal","Dragon",485,78,60,85,135,91,36,3,185,"20.6"
"944",781,"Dhelmise","Ghost","Grass",517,70,131,100,86,90,40,3.9,210,"13.8"
"945",782,"Jangmo-o","Dragon",NA,300,45,55,65,45,45,45,0.6,29.7,"82.5"
"946",783,"Hakamo-o","Dragon","Fighting",420,55,75,90,65,70,65,1.2,47,"32.6"
"947",784,"Kommo-o","Dragon","Fighting",600,75,110,125,100,105,85,1.6,78.2,"30.5"
"948",785,"Tapu Koko","Electric","Fairy",570,70,115,85,95,75,130,1.8,20.5,"6.3"
"949",786,"Tapu Lele","Psychic","Fairy",570,70,85,75,130,115,95,1.2,18.6,"12.9"
"950",787,"Tapu Bulu","Grass","Fairy",570,70,130,115,85,95,75,1.9,45.5,"12.6"
"951",788,"Tapu Fini","Water","Fairy",570,70,75,115,95,130,85,1.3,21.2,"12.5"
"952",789,"Cosmog","Psychic",NA,200,43,29,31,29,31,37,0.2,0.1,"2.5"
"953",790,"Cosmoem","Psychic",NA,400,43,29,131,29,131,37,0.1,999.9,"99,990.0"
"954",791,"Solgaleo","Psychic","Steel",680,137,137,107,113,89,97,3.4,230,"19.9"
"955",792,"Lunala","Psychic","Ghost",680,137,113,89,137,107,97,4,120,"7.5"
"956",793,"Nihilego","Rock","Poison",570,109,53,47,127,131,103,1.2,55.5,"38.5"
"957",794,"Buzzwole","Bug","Fighting",570,107,139,139,53,53,79,2.4,333.6,"57.9"
"958",795,"Pheromosa","Bug","Fighting",570,71,137,37,137,37,151,1.8,25,"7.7"
"959",796,"Xurkitree","Electric",NA,570,83,89,71,173,71,83,3.8,100,"6.9"
"960",797,"Celesteela","Steel","Flying",570,97,101,103,107,101,61,9.2,999.9,"11.8"
"961",798,"Kartana","Grass","Steel",570,59,181,131,59,31,109,0.3,0.1,"1.1"
"962",799,"Guzzlord","Dark","Dragon",570,223,101,53,97,53,43,5.5,888,"29.4"
"963",800,"NecrozmaUltra Necrozma","Psychic","Dragon",754,97,167,97,167,97,129,7.5,230,"4.1"
"964",800,"NecrozmaDawn Wings Necrozma","Psychic","Ghost",680,97,113,109,157,127,77,4.2,350,"19.8"
"965",800,"NecrozmaDusk Mane Necrozma","Psychic","Steel",680,97,157,127,113,109,77,3.8,460,"31.9"
"966",800,"Necrozma","Psychic",NA,600,97,107,101,127,89,79,2.4,230,"39.9"
"967",801,"Magearna","Steel","Fairy",600,80,95,115,130,115,65,1,80.5,"80.5"
"968",802,"Marshadow","Fighting","Ghost",600,90,125,80,90,90,125,0.7,22.2,"45.3"
"969",803,"Poipole","Poison",NA,420,67,73,67,73,67,73,0.6,1.8,"5.0"
"970",804,"Naganadel","Poison","Dragon",540,73,73,73,127,73,121,3.6,150,"11.6"
"971",805,"Stakataka","Rock","Steel",570,61,131,211,53,101,13,5.5,820,"27.1"
"972",806,"Blacephalon","Fire","Ghost",570,53,127,53,151,79,107,1.8,13,"4.0"
"973",807,"Zeraora","Electric",NA,600,88,112,75,102,80,143,1.5,44.5,"19.8"
"974",808,"Meltan","Steel",NA,300,46,65,65,55,35,34,0.2,8,"200.0"
"975",809,"Melmetal","Steel",NA,600,135,143,143,80,65,34,2.5,800,"128.0"
"976",810,"Grookey","Grass",NA,310,50,65,50,40,40,65,0.3,5,"55.6"
"977",811,"Thwackey","Grass",NA,420,70,85,70,55,60,80,0.7,14,"28.6"
"978",812,"Rillaboom","Grass",NA,530,100,125,90,60,70,85,2.1,90,"20.4"
"979",813,"Scorbunny","Fire",NA,310,50,71,40,40,40,69,0.3,4.5,"50.0"
"980",814,"Raboot","Fire",NA,420,65,86,60,55,60,94,0.6,9,"25.0"
"981",815,"Cinderace","Fire",NA,530,80,116,75,65,75,119,1.4,33,"16.8"
"982",816,"Sobble","Water",NA,310,50,40,40,70,40,70,0.3,4,"44.4"
"983",817,"Drizzile","Water",NA,420,65,60,55,95,55,90,0.7,11.5,"23.5"
"984",818,"Inteleon","Water",NA,530,70,85,65,125,65,120,1.9,45.2,"12.5"
"985",819,"Skwovet","Normal",NA,275,70,55,55,35,35,25,0.3,2.5,"27.8"
"986",820,"Greedent","Normal",NA,460,120,95,95,55,75,20,0.6,6,"16.7"
"987",821,"Rookidee","Flying",NA,245,38,47,35,33,35,57,0.2,1.8,"45.0"
"988",822,"Corvisquire","Flying",NA,365,68,67,55,43,55,77,0.8,16,"25.0"
"989",823,"Corviknight","Flying","Steel",495,98,87,105,53,85,67,2.2,75,"15.5"
"990",824,"Blipbug","Bug",NA,180,25,20,20,25,45,45,0.4,8,"50.0"
"991",825,"Dottler","Bug","Psychic",335,50,35,80,50,90,30,0.4,19.5,"121.9"
"992",826,"Orbeetle","Bug","Psychic",505,60,45,110,80,120,90,0.4,40.8,"255.0"
"993",827,"Nickit","Dark",NA,245,40,28,28,47,52,50,0.6,8.9,"24.7"
"994",828,"Thievul","Dark",NA,455,70,58,58,87,92,90,1.2,19.9,"13.8"
"995",829,"Gossifleur","Grass",NA,250,40,40,60,40,60,10,0.4,2.2,"13.8"
"996",830,"Eldegoss","Grass",NA,460,60,50,90,80,120,60,0.5,2.5,"10.0"
"997",831,"Wooloo","Normal",NA,270,42,40,55,40,45,48,0.6,6,"16.7"
"998",832,"Dubwool","Normal",NA,490,72,80,100,60,90,88,1.3,43,"25.4"
"999",833,"Chewtle","Water",NA,284,50,64,50,38,38,44,0.3,8.5,"94.4"
"1000",834,"Drednaw","Water","Rock",485,90,115,90,48,68,74,1,115.5,"115.5"
"1001",835,"Yamper","Electric",NA,270,59,45,50,40,50,26,0.3,13.5,"150.0"
"1002",836,"Boltund","Electric",NA,490,69,90,60,90,60,121,1,34,"34.0"
"1003",837,"Rolycoly","Rock",NA,240,30,40,50,40,50,30,0.3,12,"133.3"
"1004",838,"Carkol","Rock","Fire",410,80,60,90,60,70,50,1.1,78,"64.5"
"1005",839,"Coalossal","Rock","Fire",510,110,80,120,80,90,30,2.8,310.5,"39.6"
"1006",840,"Applin","Grass","Dragon",260,40,40,80,40,40,20,0.2,0.5,"12.5"
"1007",841,"Flapple","Grass","Dragon",485,70,110,80,95,60,70,0.3,1,"11.1"
"1008",842,"Appletun","Grass","Dragon",485,110,85,80,100,80,30,0.4,13,"81.3"
"1009",843,"Silicobra","Ground",NA,315,52,57,75,35,50,46,2.2,7.6,"1.6"
"1010",844,"Sandaconda","Ground",NA,510,72,107,125,65,70,71,3.8,65.5,"4.5"
"1011",845,"Cramorant","Flying","Water",475,70,85,55,85,95,85,0.8,18,"28.1"
"1012",846,"Arrokuda","Water",NA,280,41,63,40,40,30,66,0.5,1,"4.0"
"1013",847,"Barraskewda","Water",NA,490,61,123,60,60,50,136,1.3,30,"17.8"
"1014",848,"Toxel","Electric","Poison",242,40,38,35,54,35,40,0.4,11,"68.8"
"1015",849,"ToxtricityAmped Form","Electric","Poison",502,75,98,70,114,70,75,1.6,40,"15.6"
"1016",849,"ToxtricityLow Key Form","Electric","Poison",502,75,98,70,114,70,75,1.6,40,"15.6"
"1017",850,"Sizzlipede","Fire","Bug",305,50,65,45,50,50,45,0.7,1,"2.0"
"1018",851,"Centiskorch","Fire","Bug",525,100,115,65,90,90,65,3,120,"13.3"
"1019",852,"Clobbopus","Fighting",NA,310,50,68,60,50,50,32,0.6,4,"11.1"
"1020",853,"Grapploct","Fighting",NA,480,80,118,90,70,80,42,1.6,39,"15.2"
"1021",854,"Sinistea","Ghost",NA,308,40,45,45,74,54,50,0.1,0.2,"20.0"
"1022",855,"Polteageist","Ghost",NA,508,60,65,65,134,114,70,0.2,0.4,"10.0"
"1023",856,"Hatenna","Psychic",NA,265,42,30,45,56,53,39,0.4,3.4,"21.3"
"1024",857,"Hattrem","Psychic",NA,370,57,40,65,86,73,49,0.6,4.8,"13.3"
"1025",858,"Hatterene","Psychic","Fairy",510,57,90,95,136,103,29,2.1,5.1,"1.2"
"1026",859,"Impidimp","Dark","Fairy",265,45,45,30,55,40,50,0.4,5.5,"34.4"
"1027",860,"Morgrem","Dark","Fairy",370,65,60,45,75,55,70,0.8,12.5,"19.5"
"1028",861,"Grimmsnarl","Dark","Fairy",510,95,120,65,95,75,60,1.5,61,"27.1"
"1029",862,"Obstagoon","Dark","Normal",520,93,90,101,60,81,95,1.6,46,"18.0"
"1030",863,"Perrserker","Steel",NA,440,70,110,100,50,60,50,0.8,28,"43.8"
"1031",864,"Cursola","Ghost",NA,510,60,95,50,145,130,30,1,0.4,"0.4"
"1032",865,"Sirfetch'd","Fighting",NA,507,62,135,95,68,82,65,0.8,117,"182.8"
"1033",866,"Mr. Rime","Ice","Psychic",520,80,85,75,110,100,70,1.5,58.2,"25.9"
"1034",867,"Runerigus","Ground","Ghost",483,58,95,145,50,105,30,1.6,66.6,"26.0"
"1035",868,"Milcery","Fairy",NA,270,45,40,40,50,61,34,0.2,0.3,"7.5"
"1036",869,"Alcremie","Fairy",NA,495,65,60,75,110,121,64,0.3,0.5,"5.6"
"1037",870,"Falinks","Fighting",NA,470,65,100,100,70,60,75,3,62,"6.9"
"1038",871,"Pincurchin","Electric",NA,435,48,101,95,91,85,15,0.3,1,"11.1"
"1039",872,"Snom","Ice","Bug",185,30,25,35,45,30,20,0.3,3.8,"42.2"
"1040",873,"Frosmoth","Ice","Bug",475,70,65,60,125,90,65,1.3,42,"24.9"
"1041",874,"Stonjourner","Rock",NA,470,100,125,135,20,20,70,2.5,520,"83.2"
"1042",875,"EiscueIce Face","Ice",NA,470,75,80,110,65,90,50,1.4,89,"45.4"
"1043",875,"EiscueNoice Face","Ice",NA,470,75,80,70,65,50,130,1.4,89,"45.4"
"1044",876,"IndeedeeMale","Psychic","Normal",475,60,65,55,105,95,95,0.9,28,"34.6"
"1045",876,"IndeedeeFemale","Psychic","Normal",475,70,55,65,95,105,85,0.9,28,"34.6"
"1046",877,"MorpekoFull Belly Mode","Electric","Dark",436,58,95,58,70,58,97,0.3,3,"33.3"
"1047",877,"MorpekoHangry Mode","Electric","Dark",436,58,95,58,70,58,97,0.3,3,"33.3"
"1048",878,"Cufant","Steel",NA,330,72,80,49,40,49,40,1.2,100,"69.4"
"1049",879,"Copperajah","Steel",NA,500,122,130,69,80,69,30,3,650,"72.2"
"1050",880,"Dracozolt","Electric","Dragon",505,90,100,90,80,70,75,1.8,190,"58.6"
"1051",881,"Arctozolt","Electric","Ice",505,90,100,90,90,80,55,2.3,150,"28.4"
"1052",882,"Dracovish","Water","Dragon",505,90,90,100,70,80,75,2.3,215,"40.6"
"1053",883,"Arctovish","Water","Ice",505,90,90,100,80,90,55,2,175,"43.8"
"1054",884,"Duraludon","Steel","Dragon",535,70,95,115,120,50,85,1.8,40,"12.3"
"1055",885,"Dreepy","Dragon","Ghost",270,28,60,30,40,30,82,0.5,2,"8.0"
"1056",886,"Drakloak","Dragon","Ghost",410,68,80,50,60,50,102,1.4,11,"5.6"
"1057",887,"Dragapult","Dragon","Ghost",600,88,120,75,100,75,142,3,50,"5.6"
"1058",888,"ZacianHero of Many Battles","Fairy",NA,660,92,120,115,80,115,138,2.8,110,"14.0"
"1059",888,"ZacianCrowned Sword","Fairy","Steel",700,92,150,115,80,115,148,2.8,355,"45.3"
"1060",889,"ZamazentaHero of Many Battles","Fighting",NA,660,92,120,115,80,115,138,2.9,210,"25.0"
"1061",889,"ZamazentaCrowned Shield","Fighting","Steel",700,92,120,140,80,140,128,2.9,785,"93.3"
"1062",890,"Eternatus","Poison","Dragon",690,140,85,95,145,95,130,20,950,"2.4"
"1063",891,"Kubfu","Fighting",NA,385,60,90,60,53,50,72,0.6,12,"33.3"
"1064",892,"UrshifuSingle Strike Style","Fighting","Dark",550,100,130,100,63,60,97,1.9,105,"29.1"
"1065",892,"UrshifuRapid Strike Style","Fighting","Water",550,100,130,100,63,60,97,1.9,105,"29.1"
"1066",893,"Zarude","Dark","Grass",600,105,120,105,70,95,105,1.8,70,"21.6"
"1067",894,"Regieleki","Electric",NA,580,80,100,50,100,50,200,1.2,145,"100.7"
"1068",895,"Regidrago","Dragon",NA,580,200,100,50,100,50,80,2.1,200,"45.4"
"1069",896,"Glastrier","Ice",NA,580,100,145,130,65,110,30,2.2,800,"165.3"
"1070",897,"Spectrier","Ghost",NA,580,100,65,60,145,80,130,2,44.5,"11.1"
"1071",898,"Calyrex","Psychic","Grass",500,100,80,80,80,80,80,1.1,7.7,"6.4"
"1072",898,"CalyrexShadow Rider","Psychic","Ghost",680,100,85,80,165,100,150,2.4,53.6,"9.3"
"1073",898,"CalyrexIce Rider","Psychic","Ice",680,100,165,150,85,130,50,2.4,809.1,"140.5"
"1074",899,"Wyrdeer","Normal","Psychic",525,103,105,72,105,75,65,1.8,95.1,"29.4"
"1075",900,"Kleavor","Bug","Rock",500,70,135,95,45,70,85,1.8,89,"27.5"
"1076",901,"UrsalunaBloodmoon","Ground","Normal",555,113,70,120,135,65,52,2.7,333,"45.7"
"1077",901,"Ursaluna","Ground","Normal",550,130,140,105,45,80,50,2.4,290,"50.3"
"1078",902,"BasculegionMale","Water","Ghost",530,120,112,65,80,75,78,3,110,"12.2"
"1079",902,"BasculegionFemale","Water","Ghost",530,120,92,65,100,75,78,3,110,"12.2"
"1080",903,"Sneasler","Fighting","Poison",510,80,130,60,40,80,120,1.3,43,"25.4"
"1081",904,"Overqwil","Dark","Poison",510,85,115,95,65,65,85,2.5,60.5,"9.7"
"1082",905,"EnamorusIncarnate Forme","Fairy","Flying",580,74,115,70,135,80,106,1.6,48,"18.8"
"1083",905,"EnamorusTherian Forme","Fairy","Flying",580,74,115,110,135,100,46,1.6,48,"18.8"
"1084",906,"Sprigatito","Grass",NA,310,40,61,54,45,45,65,0.4,4.1,"25.6"
"1085",907,"Floragato","Grass",NA,410,61,80,63,60,63,83,0.9,12.2,"15.1"
"1086",908,"Meowscarada","Grass","Dark",530,76,110,70,81,70,123,1.5,31.2,"13.9"
"1087",909,"Fuecoco","Fire",NA,310,67,45,59,63,40,36,0.4,9.8,"61.3"
"1088",910,"Crocalor","Fire",NA,411,81,55,78,90,58,49,1,30.7,"30.7"
"1089",911,"Skeledirge","Fire","Ghost",530,104,75,100,110,75,66,1.6,326.5,"127.5"
"1090",912,"Quaxly","Water",NA,310,55,65,45,50,45,50,0.5,6.1,"24.4"
"1091",913,"Quaxwell","Water",NA,410,70,85,65,65,60,65,1.2,21.5,"14.9"
"1092",914,"Quaquaval","Water","Fighting",530,85,120,80,85,75,85,1.8,61.9,"19.1"
"1093",915,"Lechonk","Normal",NA,254,54,45,40,35,45,35,0.5,10.2,"40.8"
"1094",916,"OinkologneMale","Normal",NA,489,110,100,75,59,80,65,1,120,"120.0"
"1095",916,"OinkologneFemale","Normal",NA,489,115,90,70,59,90,65,1,120,"120.0"
"1096",917,"Tarountula","Bug",NA,210,35,41,45,29,40,20,0.3,4,"44.4"
"1097",918,"Spidops","Bug",NA,404,60,79,92,52,86,35,1,16.5,"16.5"
"1098",919,"Nymble","Bug",NA,210,33,46,40,21,25,45,0.2,1,"25.0"
"1099",920,"Lokix","Bug","Dark",450,71,102,78,52,55,92,1,17.5,"17.5"
"1100",921,"Pawmi","Electric",NA,240,45,50,20,40,25,60,0.3,2.5,"27.8"
"1101",922,"Pawmo","Electric","Fighting",350,60,75,40,50,40,85,0.4,6.5,"40.6"
"1102",923,"Pawmot","Electric","Fighting",490,70,115,70,70,60,105,0.9,41,"50.6"
"1103",924,"Tandemaus","Normal",NA,305,50,50,45,40,45,75,0.3,1.8,"20.0"
"1104",925,"MausholdFamily of Three","Normal",NA,470,74,75,70,65,75,111,0.3,2.3,"25.6"
"1105",925,"MausholdFamily of Four","Normal",NA,470,74,75,70,65,75,111,0.3,2.8,"31.1"
"1106",926,"Fidough","Fairy",NA,312,37,55,70,30,55,65,0.3,10.9,"121.1"
"1107",927,"Dachsbun","Fairy",NA,477,57,80,115,50,80,95,0.5,14.9,"59.6"
"1108",928,"Smoliv","Grass","Normal",260,41,35,45,58,51,30,0.3,6.5,"72.2"
"1109",929,"Dolliv","Grass","Normal",354,52,53,60,78,78,33,0.6,11.9,"33.1"
"1110",930,"Arboliva","Grass","Normal",510,78,69,90,125,109,39,1.4,48.2,"24.6"
"1111",931,"SquawkabillyGreen Plumage","Normal","Flying",417,82,96,51,45,51,92,0.6,2.4,"6.7"
"1112",931,"SquawkabillyBlue Plumage","Normal","Flying",417,82,96,51,45,51,92,0.6,2.4,"6.7"
"1113",931,"SquawkabillyYellow Plumage","Normal","Flying",417,82,96,51,45,51,92,0.6,2.4,"6.7"
"1114",931,"SquawkabillyWhite Plumage","Normal","Flying",417,82,96,51,45,51,92,0.6,2.4,"6.7"
"1115",932,"Nacli","Rock",NA,280,55,55,75,35,35,25,0.4,16,"100.0"
"1116",933,"Naclstack","Rock",NA,355,60,60,100,35,65,35,0.6,105,"291.7"
"1117",934,"Garganacl","Rock",NA,500,100,100,130,45,90,35,2.3,240,"45.4"
"1118",935,"Charcadet","Fire",NA,255,40,50,40,50,40,35,0.6,10.5,"29.2"
"1119",936,"Armarouge","Fire","Psychic",525,85,60,100,125,80,75,1.5,85,"37.8"
"1120",937,"Ceruledge","Fire","Ghost",525,75,125,80,60,100,85,1.6,62,"24.2"
"1121",938,"Tadbulb","Electric",NA,272,61,31,41,59,35,45,0.3,0.4,"4.4"
"1122",939,"Bellibolt","Electric",NA,495,109,64,91,103,83,45,1.2,113,"78.5"
"1123",940,"Wattrel","Electric","Flying",280,40,40,35,55,40,70,0.4,3.6,"22.5"
"1124",941,"Kilowattrel","Electric","Flying",490,70,70,60,105,60,125,1.4,38.6,"19.7"
"1125",942,"Maschiff","Dark",NA,340,60,78,60,40,51,51,0.5,16,"64.0"
"1126",943,"Mabosstiff","Dark",NA,505,80,120,90,60,70,85,1.1,61,"50.4"
"1127",944,"Shroodle","Poison","Normal",290,40,65,35,40,35,75,0.2,0.7,"17.5"
"1128",945,"Grafaiai","Poison","Normal",485,63,95,65,80,72,110,0.7,27.2,"55.5"
"1129",946,"Bramblin","Grass","Ghost",275,40,65,30,45,35,60,0.6,0.6,"1.7"
"1130",947,"Brambleghast","Grass","Ghost",480,55,115,70,80,70,90,1.2,6,"4.2"
"1131",948,"Toedscool","Ground","Grass",335,40,40,35,50,100,70,0.9,33,"40.7"
"1132",949,"Toedscruel","Ground","Grass",515,80,70,65,80,120,100,1.9,58,"16.1"
"1133",950,"Klawf","Rock",NA,450,70,100,115,35,55,75,1.3,79,"46.7"
"1134",951,"Capsakid","Grass",NA,304,50,62,40,62,40,50,0.3,3,"33.3"
"1135",952,"Scovillain","Grass","Fire",486,65,108,65,108,65,75,0.9,15,"18.5"
"1136",953,"Rellor","Bug",NA,270,41,50,60,31,58,30,0.2,1,"25.0"
"1137",954,"Rabsca","Bug","Psychic",470,75,50,85,115,100,45,0.3,3.5,"38.9"
"1138",955,"Flittle","Psychic",NA,255,30,35,30,55,30,75,0.2,1.5,"37.5"
"1139",956,"Espathra","Psychic",NA,481,95,60,60,101,60,105,1.9,90,"24.9"
"1140",957,"Tinkatink","Fairy","Steel",297,50,45,45,35,64,58,0.4,8.9,"55.6"
"1141",958,"Tinkatuff","Fairy","Steel",380,65,55,55,45,82,78,0.7,59.1,"120.6"
"1142",959,"Tinkaton","Fairy","Steel",506,85,75,77,70,105,94,0.7,112.8,"230.2"
"1143",960,"Wiglett","Water",NA,245,10,55,25,35,25,95,1.2,1.8,"1.3"
"1144",961,"Wugtrio","Water",NA,425,35,100,50,50,70,120,1.2,5.4,"3.8"
"1145",962,"Bombirdier","Flying","Dark",485,70,103,85,60,85,82,1.5,42.9,"19.1"
"1146",963,"Finizen","Water",NA,315,70,45,40,45,40,75,1.3,60.2,"35.6"
"1147",964,"PalafinHero Form","Water",NA,650,100,160,97,106,87,100,1.8,97.4,"30.1"
"1148",964,"PalafinZero Form","Water",NA,457,100,70,72,53,62,100,1.3,60.2,"35.6"
"1149",965,"Varoom","Steel","Poison",300,45,70,63,30,45,47,1,35,"35.0"
"1150",966,"Revavroom","Steel","Poison",500,80,119,90,54,67,90,1.8,120,"37.0"
"1151",967,"Cyclizar","Dragon","Normal",501,70,95,65,85,65,121,1.6,63,"24.6"
"1152",968,"Orthworm","Steel",NA,480,70,85,145,60,55,65,2.5,310,"49.6"
"1153",969,"Glimmet","Rock","Poison",350,48,35,42,105,60,60,0.7,8,"16.3"
"1154",970,"Glimmora","Rock","Poison",525,83,55,90,130,81,86,1.5,45,"20.0"
"1155",971,"Greavard","Ghost",NA,290,50,61,60,30,55,34,0.6,35,"97.2"
"1156",972,"Houndstone","Ghost",NA,488,72,101,100,50,97,68,2,15,"3.8"
"1157",973,"Flamigo","Flying","Fighting",500,82,115,74,75,64,90,1.6,37,"14.5"
"1158",974,"Cetoddle","Ice",NA,334,108,68,45,30,40,43,1.2,45,"31.3"
"1159",975,"Cetitan","Ice",NA,521,170,113,65,45,55,73,4.5,700,"34.6"
"1160",976,"Veluza","Water","Psychic",478,90,102,73,78,65,70,2.5,90,"14.4"
"1161",977,"Dondozo","Water",NA,530,150,100,115,65,65,35,12,220,"1.5"
"1162",978,"TatsugiriCurly Form","Dragon","Water",475,68,50,60,120,95,82,0.3,8,"88.9"
"1163",978,"TatsugiriDroopy Form","Dragon","Water",475,68,50,60,120,95,82,0.3,8,"88.9"
"1164",978,"TatsugiriStretchy Form","Dragon","Water",475,68,50,60,120,95,82,0.3,8,"88.9"
"1165",979,"Annihilape","Fighting","Ghost",535,110,115,80,50,90,90,1.2,56,"38.9"
"1166",980,"Clodsire","Poison","Ground",430,130,75,60,45,100,20,1.8,223,"68.8"
"1167",981,"Farigiraf","Normal","Psychic",520,120,90,70,110,70,60,3.2,160,"15.6"
"1168",982,"DudunsparceThree-Segment Form","Normal",NA,520,125,100,80,85,75,55,4.5,47.4,"2.3"
"1169",982,"DudunsparceTwo-Segment Form","Normal",NA,520,125,100,80,85,75,55,3.6,39.2,"3.0"
"1170",983,"Kingambit","Dark","Steel",550,100,135,120,60,85,50,2,120,"30.0"
"1171",984,"Great Tusk","Ground","Fighting",570,115,131,131,53,53,87,2.2,320,"66.1"
"1172",985,"Scream Tail","Fairy","Psychic",570,115,65,99,65,115,111,1.2,8,"5.6"
"1173",986,"Brute Bonnet","Grass","Dark",570,111,127,99,79,99,55,1.2,21,"14.6"
"1174",987,"Flutter Mane","Ghost","Fairy",570,55,55,55,135,135,135,1.4,4,"2.0"
"1175",988,"Slither Wing","Bug","Fighting",570,85,135,79,85,105,81,3.2,92,"9.0"
"1176",989,"Sandy Shocks","Electric","Ground",570,85,81,97,121,85,101,2.3,60,"11.3"
"1177",990,"Iron Treads","Ground","Steel",570,90,112,120,72,70,106,0.9,240,"296.3"
"1178",991,"Iron Bundle","Ice","Water",570,56,80,114,124,60,136,0.6,11,"30.6"
"1179",992,"Iron Hands","Fighting","Electric",570,154,140,108,50,68,50,1.8,380.7,"117.5"
"1180",993,"Iron Jugulis","Dark","Flying",570,94,80,86,122,80,108,1.3,111,"65.7"
"1181",994,"Iron Moth","Fire","Poison",570,80,70,60,140,110,110,1.2,36,"25.0"
"1182",995,"Iron Thorns","Rock","Electric",570,100,134,110,70,84,72,1.6,303,"118.4"
"1183",996,"Frigibax","Dragon","Ice",320,65,75,45,35,45,55,0.5,17,"68.0"
"1184",997,"Arctibax","Dragon","Ice",423,90,95,66,45,65,62,0.8,30,"46.9"
"1185",998,"Baxcalibur","Dragon","Ice",600,115,145,92,75,86,87,2.1,210,"47.6"
"1186",999,"GimmighoulRoaming Form","Ghost",NA,300,45,30,25,75,45,80,0.1,0.1,"10.0"
"1187",999,"GimmighoulChest Form","Ghost",NA,300,45,30,70,75,70,10,0.3,5,"55.6"
"1188",1000,"Gholdengo","Steel","Ghost",550,87,60,95,133,91,84,1.2,30,"20.8"
"1189",1001,"Wo-Chien","Dark","Grass",570,85,85,100,95,135,70,1.5,74.2,"33.0"
"1190",1002,"Chien-Pao","Dark","Ice",570,80,120,80,90,65,135,1.9,152.2,"42.2"
"1191",1003,"Ting-Lu","Dark","Ground",570,155,110,125,55,80,45,2.7,699.7,"96.0"
"1192",1004,"Chi-Yu","Dark","Fire",570,55,80,80,135,120,100,0.4,4.9,"30.6"
"1193",1005,"Roaring Moon","Dragon","Dark",590,105,139,71,55,101,119,2,380,"95.0"
"1194",1006,"Iron Valiant","Fairy","Fighting",590,74,130,90,120,60,116,1.4,35,"17.9"
"1195",1007,"Koraidon","Fighting","Dragon",670,100,135,115,85,100,135,2.5,303,"48.5"
"1196",1008,"Miraidon","Electric","Dragon",670,100,85,100,135,115,135,3.5,240,"19.6"
"1197",1009,"Walking Wake","Water","Dragon",590,99,83,91,125,83,109,3.5,280,"22.9"
"1198",1010,"Iron Leaves","Grass","Psychic",590,90,130,88,70,108,104,1.5,125,"55.6"
"1199",1011,"Dipplin","Grass","Dragon",485,80,80,110,95,80,40,0.4,4.4,"27.5"
"1200",1012,"Poltchageist","Grass","Ghost",308,40,45,45,74,54,50,0.1,1.1,"110.0"
"1201",1013,"Sinistcha","Grass","Ghost",508,71,60,106,121,80,70,0.2,2.2,"55.0"
"1202",1014,"Okidogi","Poison","Fighting",555,88,128,115,58,86,80,1.8,92,"28.4"
"1203",1015,"Munkidori","Poison","Psychic",555,88,75,66,130,90,106,1,12.2,"12.2"
"1204",1016,"Fezandipiti","Poison","Fairy",555,88,91,82,70,125,99,1.4,30.1,"15.4"
"1205",1017,"OgerponTeal Mask","Grass",NA,550,80,120,84,60,96,110,1.2,39.8,"27.6"
"1206",1017,"OgerponWellspring Mask","Grass","Water",550,80,120,84,60,96,110,1.2,39.8,"27.6"
"1207",1017,"OgerponHearthflame Mask","Grass","Fire",550,80,120,84,60,96,110,1.2,39.8,"27.6"
"1208",1017,"OgerponCornerstone Mask","Grass","Rock",550,80,120,84,60,96,110,1.2,39.8,"27.6"
"1209",1018,"Archaludon","Steel","Dragon",600,90,105,130,125,65,85,2,60,"15.0"
"1210",1019,"Hydrapple","Grass","Dragon",540,106,80,110,120,80,44,1.8,93,"28.7"
"1211",1020,"Gouging Fire","Fire","Dragon",590,105,115,121,65,93,91,3.5,590,"48.2"
"1212",1021,"Raging Bolt","Electric","Dragon",590,125,73,91,137,89,75,5.2,480,"17.8"
"1213",1022,"Iron Boulder","Rock","Psychic",590,90,120,80,68,108,124,1.5,162.5,"72.2"
"1214",1023,"Iron Crown","Steel","Psychic",590,90,72,100,122,108,98,1.6,156,"60.9"
"1215",1024,"TerapagosStellar Form","Normal",NA,700,160,105,110,130,110,85,1.7,77,"26.6"
"1216",1024,"TerapagosNormal Form","Normal",NA,450,90,65,85,65,85,60,0.2,6.5,"162.5"
"1217",1024,"TerapagosTerastal Form","Normal",NA,600,95,95,110,105,110,85,0.3,16,"177.8"
"1218",1025,"Pecharunt","Poison","Ghost",600,88,88,160,88,88,88,0.3,0.3,"3.3"
