,dex,name,type_1,type_2,total,hp,attack,defense,sp_atk,sp_def,speed,height_m,weight_kgs,bmi,name_fix
1,1,Bulbasaur,Grass,Poison,318,45,49,49,65,65,45,0.7,6.9,14.1,Bulbasaur
2,2,Ivysaur,Grass,Poison,405,60,62,63,80,80,60,1,13,13,Ivysaur
3,3,Venusaur,Grass,Poison,525,80,82,83,100,100,80,2,100,25,Venusaur
4,3,VenusaurMega Venusaur,Grass,Poison,625,80,100,123,122,120,80,2.4,155.5,27,Mega Venusaur
5,4,Charmander,Fire,,309,39,52,43,60,50,65,0.6,8.5,23.6,Charmander
6,5,Charmeleon,Fire,,405,58,64,58,80,65,80,1.1,19,15.7,Charmeleon
7,6,Charizard,Fire,Flying,534,78,84,78,109,85,100,1.7,90.5,31.3,Charizard
8,6,CharizardMega Charizard Y,Fire,Flying,634,78,104,78,159,115,100,1.7,100.5,34.8,Mega Charizard Y
9,6,CharizardMega Charizard X,Fire,Dragon,634,78,130,111,130,85,100,1.7,110.5,38.2,Mega Charizard X
10,7,Squirtle,Water,,314,44,48,65,50,64,43,0.5,9,36,Squirtle
11,8,Wartortle,Water,,405,59,63,80,65,80,58,1,22.5,22.5,Wartortle
12,9,Blastoise,Water,,530,79,83,100,85,105,78,1.6,85.5,33.4,Blastoise
13,9,BlastoiseMega Blastoise,Water,,630,79,103,120,135,115,78,1.6,101.1,39.5,Mega Blastoise
14,10,Caterpie,Bug,,195,45,30,35,20,20,45,0.3,2.9,32.2,Caterpie
15,11,Metapod,Bug,,205,50,20,55,25,25,30,0.7,9.9,20.2,Metapod
16,12,Butterfree,Bug,Flying,395,60,45,50,90,80,70,1.1,32,26.4,Butterfree
17,13,Weedle,Bug,Poison,195,40,35,30,20,20,50,0.3,3.2,35.6,Weedle
18,14,Kakuna,Bug,Poison,205,45,25,50,25,25,35,0.6,10,27.8,Kakuna
19,15,BeedrillMega Beedrill,Bug,Poison,495,65,150,40,15,80,145,1.4,40.5,20.7,Mega Beedrill
20,15,Beedrill,Bug,Poison,395,65,90,40,45,80,75,1,29.5,29.5,Beedrill
21,16,Pidgey,Normal,Flying,251,40,45,40,35,35,56,0.3,1.8,20,Pidgey
22,17,Pidgeotto,Normal,Flying,349,63,60,55,50,50,71,1.1,30,24.8,Pidgeotto
23,18,PidgeotMega Pidgeot,Normal,Flying,579,83,80,80,135,80,121,2.2,50.5,10.4,Mega Pidgeot
24,18,Pidgeot,Normal,Flying,479,83,80,75,70,70,101,1.5,39.5,17.6,Pidgeot
25,19,Rattata,Normal,,253,30,56,35,25,35,72,0.3,3.5,38.9,Rattata
26,19,RattataAlolan Rattata,Dark,Normal,253,30,56,35,25,35,72,0.3,3.8,42.2,Alolan Rattata
27,20,Raticate,Normal,,413,55,81,60,50,70,97,0.7,18.5,37.8,Raticate
28,20,RaticateAlolan Raticate,Dark,Normal,413,75,71,70,40,80,77,0.7,25.5,52,Alolan Raticate
29,21,Spearow,Normal,Flying,262,40,60,30,31,31,70,0.3,2,22.2,Spearow
30,22,Fearow,Normal,Flying,442,65,90,65,61,61,100,1.2,38,26.4,Fearow
31,23,Ekans,Poison,,288,35,60,44,40,54,55,2,6.9,1.7,Ekans
32,24,Arbok,Poison,,448,60,95,69,65,79,80,3.5,65,5.3,Arbok
33,25,Pikachu,Electric,,320,35,55,40,50,50,90,0.4,6,37.5,Pikachu
34,25,PikachuPartner Pikachu,Electric,,430,45,80,50,75,60,120,0.4,6,37.5,Partner Pikachu
35,26,RaichuAlolan Raichu,Electric,Psychic,485,60,85,50,95,85,110,0.7,21,42.9,Alolan Raichu
36,26,Raichu,Electric,,485,60,90,55,90,80,110,0.8,30,46.9,Raichu
37,27,Sandshrew,Ground,,300,50,75,85,20,30,40,0.6,12,33.3,Sandshrew
38,27,SandshrewAlolan Sandshrew,Ice,Steel,300,50,75,90,10,35,40,0.7,40,81.6,Alolan Sandshrew
39,28,Sandslash,Ground,,450,75,100,110,45,55,65,1,29.5,29.5,Sandslash
40,28,SandslashAlolan Sandslash,Ice,Steel,450,75,100,120,25,65,65,1.2,55,38.2,Alolan Sandslash
41,29,Nidoranâ,Poison,,275,55,47,52,40,40,41,0.4,7,43.8,Nidoranâ
42,30,Nidorina,Poison,,365,70,62,67,55,55,56,0.8,20,31.3,Nidorina
43,31,Nidoqueen,Poison,Ground,505,90,92,87,75,85,76,1.3,60,35.5,Nidoqueen
44,32,Nidoranâ,Poison,,273,46,57,40,40,40,50,0.5,9,36,Nidoranâ
45,33,Nidorino,Poison,,365,61,72,57,55,55,65,0.9,19.5,24.1,Nidorino
46,34,Nidoking,Poison,Ground,505,81,102,77,85,75,85,1.4,62,31.6,Nidoking
47,35,Clefairy,Fairy,,323,70,45,48,60,65,35,0.6,7.5,20.8,Clefairy
48,36,Clefable,Fairy,,483,95,70,73,95,90,60,1.3,40,23.7,Clefable
49,37,Vulpix,Fire,,299,38,41,40,50,65,65,0.6,9.9,27.5,Vulpix
50,37,VulpixAlolan Vulpix,Ice,,299,38,41,40,50,65,65,0.6,9.9,27.5,Alolan Vulpix
51,38,Ninetales,Fire,,505,73,76,75,81,100,100,1.1,19.9,16.4,Ninetales
52,38,NinetalesAlolan Ninetales,Ice,Fairy,505,73,67,75,81,100,109,1.1,19.9,16.4,Alolan Ninetales
53,39,Jigglypuff,Normal,Fairy,270,115,45,20,45,25,20,0.5,5.5,22,Jigglypuff
54,40,Wigglytuff,Normal,Fairy,435,140,70,45,85,50,45,1,12,12,Wigglytuff
55,41,Zubat,Poison,Flying,245,40,45,35,30,40,55,0.8,7.5,11.7,Zubat
56,42,Golbat,Poison,Flying,455,75,80,70,65,75,90,1.6,55,21.5,Golbat
57,43,Oddish,Grass,Poison,320,45,50,55,75,65,30,0.5,5.4,21.6,Oddish
58,44,Gloom,Grass,Poison,395,60,65,70,85,75,40,0.8,8.6,13.4,Gloom
59,45,Vileplume,Grass,Poison,490,75,80,85,110,90,50,1.2,18.6,12.9,Vileplume
60,46,Paras,Bug,Grass,285,35,70,55,45,55,25,0.3,5.4,60,Paras
61,47,Parasect,Bug,Grass,405,60,95,80,60,80,30,1,29.5,29.5,Parasect
62,48,Venonat,Bug,Poison,305,60,55,50,40,55,45,1,30,30,Venonat
63,49,Venomoth,Bug,Poison,450,70,65,60,90,75,90,1.5,12.5,5.6,Venomoth
64,50,Diglett,Ground,,265,10,55,25,35,45,95,0.2,0.8,20,Diglett
65,50,DiglettAlolan Diglett,Ground,Steel,265,10,55,30,35,45,90,0.2,1,25,Alolan Diglett
66,51,Dugtrio,Ground,,425,35,100,50,50,70,120,0.7,33.3,68,Dugtrio
67,51,DugtrioAlolan Dugtrio,Ground,Steel,425,35,100,60,50,70,110,0.7,66.6,135.9,Alolan Dugtrio
68,52,Meowth,Normal,,290,40,45,35,40,40,90,0.4,4.2,26.3,Meowth
69,52,MeowthAlolan Meowth,Dark,,290,40,35,35,50,40,90,0.4,4.2,26.3,Alolan Meowth
70,52,MeowthGalarian Meowth,Steel,,290,50,65,55,40,40,40,0.4,7.5,46.9,Galarian Meowth
71,53,PersianAlolan Persian,Dark,,440,65,60,60,75,65,115,1.1,33,27.3,Alolan Persian
72,53,Persian,Normal,,440,65,70,60,65,65,115,1,32,32,Persian
73,54,Psyduck,Water,,320,50,52,48,65,50,55,0.8,19.6,30.6,Psyduck
74,55,Golduck,Water,,500,80,82,78,95,80,85,1.7,76.6,26.5,Golduck
75,56,Mankey,Fighting,,305,40,80,35,35,45,70,0.5,28,112,Mankey
76,57,Primeape,Fighting,,455,65,105,60,60,70,95,1,32,32,Primeape
77,58,GrowlitheHisuian Growlithe,Fire,Rock,350,60,75,45,65,50,55,0.8,22.7,35.5,Hisuian Growlithe
78,58,Growlithe,Fire,,350,55,70,45,70,50,60,0.7,19,38.8,Growlithe
79,59,ArcanineHisuian Arcanine,Fire,Rock,555,95,115,80,95,80,90,2,168,42,Hisuian Arcanine
80,59,Arcanine,Fire,,555,90,110,80,100,80,95,1.9,155,42.9,Arcanine
81,60,Poliwag,Water,,300,40,50,40,40,40,90,0.6,12.4,34.4,Poliwag
82,61,Poliwhirl,Water,,385,65,65,65,50,50,90,1,20,20,Poliwhirl
83,62,Poliwrath,Water,Fighting,510,90,95,95,70,90,70,1.3,54,32,Poliwrath
84,63,Abra,Psychic,,310,25,20,15,105,55,90,0.9,19.5,24.1,Abra
85,64,Kadabra,Psychic,,400,40,35,30,120,70,105,1.3,56.5,33.4,Kadabra
86,65,Alakazam,Psychic,,500,55,50,45,135,95,120,1.5,48,21.3,Alakazam
87,65,AlakazamMega Alakazam,Psychic,,600,55,50,65,175,105,150,1.2,48,33.3,Mega Alakazam
88,66,Machop,Fighting,,305,70,80,50,35,35,35,0.8,19.5,30.5,Machop
89,67,Machoke,Fighting,,405,80,100,70,50,60,45,1.5,70.5,31.3,Machoke
90,68,Machamp,Fighting,,505,90,130,80,65,85,55,1.6,130,50.8,Machamp
91,69,Bellsprout,Grass,Poison,300,50,75,35,70,30,40,0.7,4,8.2,Bellsprout
92,70,Weepinbell,Grass,Poison,390,65,90,50,85,45,55,1,6.4,6.4,Weepinbell
93,71,Victreebel,Grass,Poison,490,80,105,65,100,70,70,1.7,15.5,5.4,Victreebel
94,71,VictreebelMega Victreebel,Grass,Poison,590,80,125,85,135,95,70,4.5,125.5,6.2,Mega Victreebel
95,72,Tentacool,Water,Poison,335,40,40,35,50,100,70,0.9,45.5,56.2,Tentacool
96,73,Tentacruel,Water,Poison,515,80,70,65,80,120,100,1.6,55,21.5,Tentacruel
97,74,Geodude,Rock,Ground,300,40,80,100,30,30,20,0.4,20,125,Geodude
98,74,GeodudeAlolan Geodude,Rock,Electric,300,40,80,100,30,30,20,0.4,20.3,126.9,Alolan Geodude
99,75,Graveler,Rock,Ground,390,55,95,115,45,45,35,1,105,105,Graveler
100,75,GravelerAlolan Graveler,Rock,Electric,390,55,95,115,45,45,35,1,110,110,Alolan Graveler
101,76,GolemAlolan Golem,Rock,Electric,495,80,120,130,55,65,45,1.7,316,109.3,Alolan Golem
102,76,Golem,Rock,Ground,495,80,120,130,55,65,45,1.4,300,153.1,Golem
103,77,Ponyta,Fire,,410,50,85,55,65,65,90,1,30,30,Ponyta
104,77,PonytaGalarian Ponyta,Psychic,,410,50,85,55,65,65,90,0.8,24,37.5,Galarian Ponyta
105,78,RapidashGalarian Rapidash,Psychic,Fairy,500,65,100,70,80,80,105,1.7,80,27.7,Galarian Rapidash
106,78,Rapidash,Fire,,500,65,100,70,80,80,105,1.7,95,32.9,Rapidash
107,79,Slowpoke,Water,Psychic,315,90,65,65,40,40,15,1.2,36,25,Slowpoke
108,79,SlowpokeGalarian Slowpoke,Psychic,,315,90,65,65,40,40,15,1.2,36,25,Galarian Slowpoke
109,80,SlowbroGalarian Slowbro,Poison,Psychic,490,95,100,95,100,70,30,1.6,70.5,27.5,Galarian Slowbro
110,80,SlowbroMega Slowbro,Water,Psychic,590,95,75,180,130,80,30,2,120,30,Mega Slowbro
111,80,Slowbro,Water,Psychic,490,95,75,110,100,80,30,1.6,78.5,30.7,Slowbro
112,81,Magnemite,Electric,Steel,325,25,35,70,95,55,45,0.3,6,66.7,Magnemite
113,82,Magneton,Electric,Steel,465,50,60,95,120,70,70,1,60,60,Magneton
114,83,Farfetch'd,Normal,Flying,377,52,90,55,58,62,60,0.8,15,23.4,Farfetch'd
115,83,Farfetch'dGalarian Farfetch'd,Fighting,,377,52,95,55,58,62,55,0.8,42,65.6,Galarian Farfetch'd
116,84,Doduo,Normal,Flying,310,35,85,45,35,35,75,1.4,39.2,20,Doduo
117,85,Dodrio,Normal,Flying,470,60,110,70,60,60,110,1.8,85.2,26.3,Dodrio
118,86,Seel,Water,,325,65,45,55,45,70,45,1.1,90,74.4,Seel
119,87,Dewgong,Water,Ice,475,90,70,80,70,95,70,1.7,120,41.5,Dewgong
120,88,Grimer,Poison,,325,80,80,50,40,50,25,0.9,30,37,Grimer
121,88,GrimerAlolan Grimer,Poison,Dark,325,80,80,50,40,50,25,0.7,42,85.7,Alolan Grimer
122,89,Muk,Poison,,500,105,105,75,65,100,50,1.2,30,20.8,Muk
123,89,MukAlolan Muk,Poison,Dark,500,105,105,75,65,100,50,1,52,52,Alolan Muk
124,90,Shellder,Water,,305,30,65,100,45,25,40,0.3,4,44.4,Shellder
125,91,Cloyster,Water,Ice,525,50,95,180,85,45,70,1.5,132.5,58.9,Cloyster
126,92,Gastly,Ghost,Poison,310,30,35,30,100,35,80,1.3,0.1,0.1,Gastly
127,93,Haunter,Ghost,Poison,405,45,50,45,115,55,95,1.6,0.1,0,Haunter
128,94,Gengar,Ghost,Poison,500,60,65,60,130,75,110,1.5,40.5,18,Gengar
129,94,GengarMega Gengar,Ghost,Poison,600,60,65,80,170,95,130,1.4,40.5,20.7,Mega Gengar
130,95,Onix,Rock,Ground,385,35,45,160,30,45,70,8.8,210,2.7,Onix
131,96,Drowzee,Psychic,,328,60,48,45,43,90,42,1,32.4,32.4,Drowzee
132,97,Hypno,Psychic,,483,85,73,70,73,115,67,1.6,75.6,29.5,Hypno
133,98,Krabby,Water,,325,30,105,90,25,25,50,0.4,6.5,40.6,Krabby
134,99,Kingler,Water,,475,55,130,115,50,50,75,1.3,60,35.5,Kingler
135,100,Voltorb,Electric,,330,40,30,50,55,55,100,0.5,10.4,41.6,Voltorb
136,100,VoltorbHisuian Voltorb,Electric,Grass,330,40,30,50,55,55,100,0.5,13,52,Hisuian Voltorb
137,101,Electrode,Electric,,490,60,50,70,80,80,150,1.2,66.6,46.3,Electrode
138,101,ElectrodeHisuian Electrode,Electric,Grass,490,60,50,70,80,80,150,1.2,71,49.3,Hisuian Electrode
139,102,Exeggcute,Grass,Psychic,325,60,40,80,60,45,40,0.4,2.5,15.6,Exeggcute
140,103,ExeggutorAlolan Exeggutor,Grass,Dragon,530,95,105,85,125,75,45,10.9,415.6,3.5,Alolan Exeggutor
141,103,Exeggutor,Grass,Psychic,530,95,95,85,125,75,55,2,120,30,Exeggutor
142,104,Cubone,Ground,,320,50,50,95,40,50,35,0.4,6.5,40.6,Cubone
143,105,MarowakAlolan Marowak,Fire,Ghost,425,60,80,110,50,80,45,1,34,34,Alolan Marowak
144,105,Marowak,Ground,,425,60,80,110,50,80,45,1,45,45,Marowak
145,106,Hitmonlee,Fighting,,455,50,120,53,35,110,87,1.5,49.8,22.1,Hitmonlee
146,107,Hitmonchan,Fighting,,455,50,105,79,35,110,76,1.4,50.2,25.6,Hitmonchan
147,108,Lickitung,Normal,,385,90,55,75,60,75,30,1.2,65.5,45.5,Lickitung
148,109,Koffing,Poison,,340,40,65,95,60,45,35,0.6,1,2.8,Koffing
149,110,WeezingGalarian Weezing,Poison,Fairy,490,65,90,120,85,70,60,3,16,1.8,Galarian Weezing
150,110,Weezing,Poison,,490,65,90,120,85,70,60,1.2,9.5,6.6,Weezing
151,111,Rhyhorn,Ground,Rock,345,80,85,95,30,30,25,1,115,115,Rhyhorn
152,112,Rhydon,Ground,Rock,485,105,130,120,45,45,40,1.9,120,33.2,Rhydon
153,113,Chansey,Normal,,450,250,5,5,35,105,50,1.1,34.6,28.6,Chansey
154,114,Tangela,Grass,,435,65,55,115,100,40,60,1,35,35,Tangela
155,115,Kangaskhan,Normal,,490,105,95,80,40,80,90,2.2,80,16.5,Kangaskhan
156,115,KangaskhanMega Kangaskhan,Normal,,590,105,125,100,60,100,100,2.2,100,20.7,Mega Kangaskhan
157,116,Horsea,Water,,295,30,40,70,70,25,60,0.4,8,50,Horsea
158,117,Seadra,Water,,440,55,65,95,95,45,85,1.2,25,17.4,Seadra
159,118,Goldeen,Water,,320,45,67,60,35,50,63,0.6,15,41.7,Goldeen
160,119,Seaking,Water,,450,80,92,65,65,80,68,1.3,39,23.1,Seaking
161,120,Staryu,Water,,340,30,45,55,70,55,85,0.8,34.5,53.9,Staryu
162,121,Starmie,Water,Psychic,520,60,75,85,100,85,115,1.1,80,66.1,Starmie
163,122,Mr. MimeGalarian Mr. Mime,Ice,Psychic,460,50,65,65,90,90,100,1.4,56.8,29,Mr. MimeGalarian Mr. Mime
164,122,Mr. Mime,Psychic,Fairy,460,40,45,65,100,120,90,1.3,54.5,32.2,Mr. Mime
165,123,Scyther,Bug,Flying,500,70,110,80,55,80,105,1.5,56,24.9,Scyther
166,124,Jynx,Ice,Psychic,455,65,50,35,115,95,95,1.4,40.6,20.7,Jynx
167,125,Electabuzz,Electric,,490,65,83,57,95,85,105,1.1,30,24.8,Electabuzz
168,126,Magmar,Fire,,495,65,95,57,100,85,93,1.3,44.5,26.3,Magmar
169,127,PinsirMega Pinsir,Bug,Flying,600,65,155,120,65,90,105,1.7,59,20.4,Mega Pinsir
170,127,Pinsir,Bug,,500,65,125,100,55,70,85,1.5,55,24.4,Pinsir
171,128,TaurosBlaze Breed,Fighting,Fire,490,75,110,105,30,70,100,1.4,85,43.4,TaurosBlaze Breed
172,128,Tauros,Normal,,490,75,100,95,40,70,110,1.4,88.4,45.1,Tauros
173,128,TaurosAqua Breed,Fighting,Water,490,75,110,105,30,70,100,1.4,110,56.1,TaurosAqua Breed
174,128,TaurosCombat Breed,Fighting,,490,75,110,105,30,70,100,1.4,115,58.7,TaurosCombat Breed
175,129,Magikarp,Water,,200,20,10,55,15,20,80,0.9,10,12.3,Magikarp
176,130,Gyarados,Water,Flying,540,95,125,79,60,100,81,6.5,235,5.6,Gyarados
177,130,GyaradosMega Gyarados,Water,Dark,640,95,155,109,70,130,81,6.5,305,7.2,Mega Gyarados
178,131,Lapras,Water,Ice,535,130,85,80,85,95,60,2.5,220,35.2,Lapras
179,132,Ditto,Normal,,288,48,48,48,48,48,48,0.3,4,44.4,Ditto
180,133,Eevee,Normal,,325,55,55,50,45,65,55,0.3,6.5,72.2,Eevee
181,133,EeveePartner Eevee,Normal,,435,65,75,70,65,85,75,0.3,6.5,72.2,Partner Eevee
182,134,Vaporeon,Water,,525,130,65,60,110,95,65,1,29,29,Vaporeon
183,135,Jolteon,Electric,,525,65,65,60,110,95,130,0.8,24.5,38.3,Jolteon
184,136,Flareon,Fire,,525,65,130,60,95,110,65,0.9,25,30.9,Flareon
185,137,Porygon,Normal,,395,65,60,70,85,75,40,0.8,36.5,57,Porygon
186,138,Omanyte,Rock,Water,355,35,40,100,90,55,35,0.4,7.5,46.9,Omanyte
187,139,Omastar,Rock,Water,495,70,60,125,115,70,55,1,35,35,Omastar
188,140,Kabuto,Rock,Water,355,30,80,90,55,45,55,0.5,11.5,46,Kabuto
189,141,Kabutops,Rock,Water,495,60,115,105,65,70,80,1.3,40.5,24,Kabutops
190,142,AerodactylMega Aerodactyl,Rock,Flying,615,80,135,85,70,95,150,2.1,79,17.9,Mega Aerodactyl
191,142,Aerodactyl,Rock,Flying,515,80,105,65,60,75,130,1.8,59,18.2,Aerodactyl
192,143,Snorlax,Normal,,540,160,110,65,65,110,30,2.1,460,104.3,Snorlax
193,144,ArticunoGalarian Articuno,Psychic,Flying,580,90,85,85,125,100,95,1.7,50.9,17.6,Galarian Articuno
194,144,Articuno,Ice,Flying,580,90,85,100,95,125,85,1.7,55.4,19.2,Articuno
195,145,Zapdos,Electric,Flying,580,90,90,85,125,90,100,1.6,52.6,20.5,Zapdos
196,145,ZapdosGalarian Zapdos,Fighting,Flying,580,90,125,90,85,90,100,1.6,58.2,22.7,Galarian Zapdos
197,146,Moltres,Fire,Flying,580,90,100,90,125,85,90,2,60,15,Moltres
198,146,MoltresGalarian Moltres,Dark,Flying,580,90,85,90,100,125,90,2,66,16.5,Galarian Moltres
199,147,Dratini,Dragon,,300,41,64,45,50,50,50,1.8,3.3,1,Dratini
200,148,Dragonair,Dragon,,420,61,84,65,70,70,70,4,16.5,1,Dragonair
201,149,Dragonite,Dragon,Flying,600,91,134,95,100,100,80,2.2,210,43.4,Dragonite
202,149,DragoniteMega Dragonite,Dragon,Flying,700,91,124,115,145,125,100,2.2,290,59.9,Mega Dragonite
203,150,MewtwoMega Mewtwo Y,Psychic,,780,106,150,70,194,120,140,1.5,33,14.7,Mega Mewtwo Y
204,150,MewtwoMega Mewtwo X,Psychic,Fighting,780,106,190,100,154,100,130,2.3,127,24,Mega Mewtwo X
205,150,Mewtwo,Psychic,,680,106,110,90,154,90,130,2,122,30.5,Mewtwo
206,151,Mew,Psychic,,600,100,100,100,100,100,100,0.4,4,25,Mew
207,152,Chikorita,Grass,,318,45,49,65,49,65,45,0.9,6.4,7.9,Chikorita
208,153,Bayleef,Grass,,405,60,62,80,63,80,60,1.2,15.8,11,Bayleef
209,154,Meganium,Grass,,525,80,82,100,83,100,80,1.8,100.5,31,Meganium
210,155,Cyndaquil,Fire,,309,39,52,43,60,50,65,0.5,7.9,31.6,Cyndaquil
211,156,Quilava,Fire,,405,58,64,58,80,65,80,0.9,19,23.5,Quilava
212,157,TyphlosionHisuian Typhlosion,Fire,Ghost,534,73,84,78,119,85,95,1.6,69.8,27.3,Hisuian Typhlosion
213,157,Typhlosion,Fire,,534,78,84,78,109,85,100,1.7,79.5,27.5,Typhlosion
214,158,Totodile,Water,,314,50,65,64,44,48,43,0.6,9.5,26.4,Totodile
215,159,Croconaw,Water,,405,65,80,80,59,63,58,1.1,25,20.7,Croconaw
216,160,Feraligatr,Water,,530,85,105,100,79,83,78,2.3,88.8,16.8,Feraligatr
217,161,Sentret,Normal,,215,35,46,34,35,45,20,0.8,6,9.4,Sentret
218,162,Furret,Normal,,415,85,76,64,45,55,90,1.8,32.5,10,Furret
219,163,Hoothoot,Normal,Flying,262,60,30,30,36,56,50,0.7,21.2,43.3,Hoothoot
220,164,Noctowl,Normal,Flying,452,100,50,50,86,96,70,1.6,40.8,15.9,Noctowl
221,165,Ledyba,Bug,Flying,265,40,20,30,40,80,55,1,10.8,10.8,Ledyba
222,166,Ledian,Bug,Flying,390,55,35,50,55,110,85,1.4,35.6,18.2,Ledian
223,167,Spinarak,Bug,Poison,250,40,60,40,40,40,30,0.5,8.5,34,Spinarak
224,168,Ariados,Bug,Poison,400,70,90,70,60,70,40,1.1,33.5,27.7,Ariados
225,169,Crobat,Poison,Flying,535,85,90,80,70,80,130,1.8,75,23.1,Crobat
226,170,Chinchou,Water,Electric,330,75,38,38,56,56,67,0.5,12,48,Chinchou
227,171,Lanturn,Water,Electric,460,125,58,58,76,76,67,1.2,22.5,15.6,Lanturn
228,172,Pichu,Electric,,205,20,40,15,35,35,60,0.3,2,22.2,Pichu
229,173,Cleffa,Fairy,,218,50,25,28,45,55,15,0.3,3,33.3,Cleffa
230,174,Igglybuff,Normal,Fairy,210,90,30,15,40,20,15,0.3,1,11.1,Igglybuff
231,175,Togepi,Fairy,,245,35,20,65,40,65,20,0.3,1.5,16.7,Togepi
232,176,Togetic,Fairy,Flying,405,55,40,85,80,105,40,0.6,3.2,8.9,Togetic
233,177,Natu,Psychic,Flying,320,40,50,45,70,45,70,0.2,2,50,Natu
234,178,Xatu,Psychic,Flying,470,65,75,70,95,70,95,1.5,15,6.7,Xatu
235,179,Mareep,Electric,,280,55,40,40,65,45,35,0.6,7.8,21.7,Mareep
236,180,Flaaffy,Electric,,365,70,55,55,80,60,45,0.8,13.3,20.8,Flaaffy
237,181,Ampharos,Electric,,510,90,75,85,115,90,55,1.4,61.5,31.4,Ampharos
238,181,AmpharosMega Ampharos,Electric,Dragon,610,90,95,105,165,110,45,1.4,61.5,31.4,Mega Ampharos
239,182,Bellossom,Grass,,490,75,80,95,90,100,50,0.4,5.8,36.3,Bellossom
240,183,Marill,Water,Fairy,250,70,20,50,20,50,40,0.4,8.5,53.1,Marill
241,184,Azumarill,Water,Fairy,420,100,50,80,60,80,50,0.8,28.5,44.5,Azumarill
242,185,Sudowoodo,Rock,,410,70,100,115,30,65,30,1.2,38,26.4,Sudowoodo
243,186,Politoed,Water,,500,90,75,75,90,100,70,1.1,33.9,28,Politoed
244,187,Hoppip,Grass,Flying,250,35,35,40,35,55,50,0.4,0.5,3.1,Hoppip
245,188,Skiploom,Grass,Flying,340,55,45,50,45,65,80,0.6,1,2.8,Skiploom
246,189,Jumpluff,Grass,Flying,460,75,55,70,55,95,110,0.8,3,4.7,Jumpluff
247,190,Aipom,Normal,,360,55,70,55,40,55,85,0.8,11.5,18,Aipom
248,191,Sunkern,Grass,,180,30,30,30,30,30,30,0.3,1.8,20,Sunkern
249,192,Sunflora,Grass,,425,75,75,55,105,85,30,0.8,8.5,13.3,Sunflora
250,193,Yanma,Bug,Flying,390,65,65,45,75,45,95,1.2,38,26.4,Yanma
251,194,Wooper,Water,Ground,210,55,45,45,25,25,15,0.4,8.5,53.1,Wooper
252,194,WooperPaldean Wooper,Poison,Ground,210,55,45,45,25,25,15,0.4,11,68.8,Paldean Wooper
253,195,Quagsire,Water,Ground,430,95,85,85,65,65,35,1.4,75,38.3,Quagsire
254,196,Espeon,Psychic,,525,65,65,60,130,95,110,0.9,26.5,32.7,Espeon
255,197,Umbreon,Dark,,525,95,65,110,60,130,65,1,27,27,Umbreon
256,198,Murkrow,Dark,Flying,405,60,85,42,85,42,91,0.5,2.1,8.4,Murkrow
257,199,Slowking,Water,Psychic,490,95,75,80,100,110,30,2,79.5,19.9,Slowking
258,199,SlowkingGalarian Slowking,Poison,Psychic,490,95,65,80,110,110,30,1.8,79.5,24.5,Galarian Slowking
259,200,Misdreavus,Ghost,,435,60,60,60,85,85,85,0.7,1,2,Misdreavus
260,201,Unown,Psychic,,336,48,72,48,72,48,48,0.5,5,20,Unown
261,202,Wobbuffet,Psychic,,405,190,33,58,33,58,33,1.3,28.5,16.9,Wobbuffet
262,203,Girafarig,Normal,Psychic,455,70,80,65,90,65,85,1.5,41.5,18.4,Girafarig
263,204,Pineco,Bug,,290,50,65,90,35,35,15,0.6,7.2,20,Pineco
264,205,Forretress,Bug,Steel,465,75,90,140,60,60,40,1.2,125.8,87.4,Forretress
265,206,Dunsparce,Normal,,415,100,70,70,65,65,45,1.5,14,6.2,Dunsparce
266,207,Gligar,Ground,Flying,430,65,75,105,35,65,85,1.1,64.8,53.6,Gligar
267,208,Steelix,Steel,Ground,510,75,85,200,55,65,30,9.2,400,4.7,Steelix
268,208,SteelixMega Steelix,Steel,Ground,610,75,125,230,55,95,30,10.5,740,6.7,Mega Steelix
269,209,Snubbull,Fairy,,300,60,80,50,40,40,30,0.6,7.8,21.7,Snubbull
270,210,Granbull,Fairy,,450,90,120,75,60,60,45,1.4,48.7,24.8,Granbull
271,211,Qwilfish,Water,Poison,440,65,95,85,55,55,85,0.5,3.9,15.6,Qwilfish
272,211,QwilfishHisuian Qwilfish,Dark,Poison,440,65,95,85,55,55,85,0.5,3.9,15.6,Hisuian Qwilfish
273,212,ScizorMega Scizor,Bug,Steel,600,70,150,140,65,100,75,2,125,31.3,Mega Scizor
274,212,Scizor,Bug,Steel,500,70,130,100,55,80,65,1.8,118,36.4,Scizor
275,213,Shuckle,Bug,Rock,505,20,10,230,10,230,5,0.6,20.5,56.9,Shuckle
276,214,HeracrossMega Heracross,Bug,Fighting,600,80,185,115,40,105,75,1.7,62.5,21.6,Mega Heracross
277,214,Heracross,Bug,Fighting,500,80,125,75,40,95,85,1.5,54,24,Heracross
278,215,SneaselHisuian Sneasel,Fighting,Poison,430,55,95,55,35,75,115,0.9,27,33.3,Hisuian Sneasel
279,215,Sneasel,Dark,Ice,430,55,95,55,35,75,115,0.9,28,34.6,Sneasel
280,216,Teddiursa,Normal,,330,60,80,50,50,50,40,0.6,8.8,24.4,Teddiursa
281,217,Ursaring,Normal,,500,90,130,75,75,75,55,1.8,125.8,38.8,Ursaring
282,218,Slugma,Fire,,250,40,40,40,70,40,20,0.7,35,71.4,Slugma
283,219,Magcargo,Fire,Rock,430,60,50,120,90,80,30,0.8,55,85.9,Magcargo
284,220,Swinub,Ice,Ground,250,50,50,40,30,30,50,0.4,6.5,40.6,Swinub
285,221,Piloswine,Ice,Ground,450,100,100,80,60,60,50,1.1,55.8,46.1,Piloswine
286,222,CorsolaGalarian Corsola,Ghost,,410,60,55,100,65,100,30,0.6,0.5,1.4,Galarian Corsola
287,222,Corsola,Water,Rock,410,65,55,95,65,95,35,0.6,5,13.9,Corsola
288,223,Remoraid,Water,,300,35,65,35,65,35,65,0.6,12,33.3,Remoraid
289,224,Octillery,Water,,480,75,105,75,105,75,45,0.9,28.5,35.2,Octillery
290,225,Delibird,Ice,Flying,330,45,55,45,65,45,75,0.9,16,19.8,Delibird
291,226,Mantine,Water,Flying,485,85,40,70,80,140,70,2.1,220,49.9,Mantine
292,227,Skarmory,Steel,Flying,465,65,80,140,40,70,70,1.7,50.5,17.5,Skarmory
293,228,Houndour,Dark,Fire,330,45,60,30,80,50,65,0.6,10.8,30,Houndour
294,229,HoundoomMega Houndoom,Dark,Fire,600,75,90,90,140,90,115,1.9,49.5,13.7,Mega Houndoom
295,229,Houndoom,Dark,Fire,500,75,90,50,110,80,95,1.4,35,17.9,Houndoom
296,230,Kingdra,Water,Dragon,540,75,95,95,95,95,85,1.8,152,46.9,Kingdra
297,231,Phanpy,Ground,,330,90,60,60,40,40,40,0.5,33.5,134,Phanpy
298,232,Donphan,Ground,,500,90,120,120,60,60,50,1.1,120,99.2,Donphan
299,233,Porygon2,Normal,,515,85,80,90,105,95,60,0.6,32.5,90.3,Porygon2
300,234,Stantler,Normal,,465,73,95,62,85,65,85,1.4,71.2,36.3,Stantler
301,235,Smeargle,Normal,,250,55,20,35,20,45,75,1.2,58,40.3,Smeargle
302,236,Tyrogue,Fighting,,210,35,35,35,35,35,35,0.7,21,42.9,Tyrogue
303,237,Hitmontop,Fighting,,455,50,95,95,35,110,70,1.4,48,24.5,Hitmontop
304,238,Smoochum,Ice,Psychic,305,45,30,15,85,65,65,0.4,6,37.5,Smoochum
305,239,Elekid,Electric,,360,45,63,37,65,55,95,0.6,23.5,65.3,Elekid
306,240,Magby,Fire,,365,45,75,37,70,55,83,0.7,21.4,43.7,Magby
307,241,Miltank,Normal,,490,95,80,105,40,70,100,1.2,75.5,52.4,Miltank
308,242,Blissey,Normal,,540,255,10,10,75,135,55,1.5,46.8,20.8,Blissey
309,243,Raikou,Electric,,580,90,85,75,115,100,115,1.9,178,49.3,Raikou
310,244,Entei,Fire,,580,115,115,85,90,75,100,2.1,198,44.9,Entei
311,245,Suicune,Water,,580,100,75,115,90,115,85,2,187,46.8,Suicune
312,246,Larvitar,Rock,Ground,300,50,64,50,45,50,41,0.6,72,200,Larvitar
313,247,Pupitar,Rock,Ground,410,70,84,70,65,70,51,1.2,152,105.6,Pupitar
314,248,TyranitarMega Tyranitar,Rock,Dark,700,100,164,150,95,120,71,2.5,255,40.8,Mega Tyranitar
315,248,Tyranitar,Rock,Dark,600,100,134,110,95,100,61,2,202,50.5,Tyranitar
316,249,Lugia,Psychic,Flying,680,106,90,130,90,154,110,5.2,216,8,Lugia
317,250,Ho-oh,Fire,Flying,680,106,130,90,110,154,90,3.8,199,13.8,Ho-oh
318,251,Celebi,Psychic,Grass,600,100,100,100,100,100,100,0.6,5,13.9,Celebi
319,252,Treecko,Grass,,310,40,45,35,65,55,70,0.5,5,20,Treecko
320,253,Grovyle,Grass,,405,50,65,45,85,65,95,0.9,21.6,26.7,Grovyle
321,254,SceptileMega Sceptile,Grass,Dragon,630,70,110,75,145,85,145,1.9,55.2,15.3,Mega Sceptile
322,254,Sceptile,Grass,,530,70,85,65,105,85,120,1.7,52.2,18.1,Sceptile
323,255,Torchic,Fire,,310,45,60,40,70,50,45,0.4,2.5,15.6,Torchic
324,256,Combusken,Fire,Fighting,405,60,85,60,85,60,55,0.9,19.5,24.1,Combusken
325,257,Blaziken,Fire,Fighting,530,80,120,70,110,70,80,1.9,52,14.4,Blaziken
326,257,BlazikenMega Blaziken,Fire,Fighting,630,80,160,80,130,80,100,1.9,52,14.4,Mega Blaziken
327,258,Mudkip,Water,,310,50,70,50,50,50,40,0.4,7.6,47.5,Mudkip
328,259,Marshtomp,Water,Ground,405,70,85,70,60,70,50,0.7,28,57.1,Marshtomp
329,260,SwampertMega Swampert,Water,Ground,635,100,150,110,95,110,70,1.9,102,28.3,Mega Swampert
330,260,Swampert,Water,Ground,535,100,110,90,85,90,60,1.5,81.9,36.4,Swampert
331,261,Poochyena,Dark,,220,35,55,35,30,30,35,0.5,13.6,54.4,Poochyena
332,262,Mightyena,Dark,,420,70,90,70,60,60,70,1,37,37,Mightyena
333,263,Zigzagoon,Normal,,240,38,30,41,30,41,60,0.4,17.5,109.4,Zigzagoon
334,263,ZigzagoonGalarian Zigzagoon,Dark,Normal,240,38,30,41,30,41,60,0.4,17.5,109.4,Galarian Zigzagoon
335,264,Linoone,Normal,,420,78,70,61,50,61,100,0.5,32.5,130,Linoone
336,264,LinooneGalarian Linoone,Dark,Normal,420,78,70,61,50,61,100,0.5,32.5,130,Galarian Linoone
337,265,Wurmple,Bug,,195,45,45,35,20,30,20,0.3,3.6,40,Wurmple
338,266,Silcoon,Bug,,205,50,35,55,25,25,15,0.6,10,27.8,Silcoon
339,267,Beautifly,Bug,Flying,395,60,70,50,100,50,65,1,28.4,28.4,Beautifly
340,268,Cascoon,Bug,,205,50,35,55,25,25,15,0.7,11.5,23.5,Cascoon
341,269,Dustox,Bug,Poison,385,60,50,70,50,90,65,1.2,31.6,21.9,Dustox
342,270,Lotad,Water,Grass,220,40,30,30,40,50,30,0.5,2.6,10.4,Lotad
343,271,Lombre,Water,Grass,340,60,50,50,60,70,50,1.2,32.5,22.6,Lombre
344,272,Ludicolo,Water,Grass,480,80,70,70,90,100,70,1.5,55,24.4,Ludicolo
345,273,Seedot,Grass,,220,40,40,50,30,30,30,0.5,4,16,Seedot
346,274,Nuzleaf,Grass,Dark,340,70,70,40,60,40,60,1,28,28,Nuzleaf
347,275,Shiftry,Grass,Dark,480,90,100,60,90,60,80,1.3,59.6,35.3,Shiftry
348,276,Taillow,Normal,Flying,270,40,55,30,30,30,85,0.3,2.3,25.6,Taillow
349,277,Swellow,Normal,Flying,455,60,85,60,75,50,125,0.7,19.8,40.4,Swellow
350,278,Wingull,Water,Flying,270,40,30,30,55,30,85,0.6,9.5,26.4,Wingull
351,279,Pelipper,Water,Flying,440,60,50,100,95,70,65,1.2,28,19.4,Pelipper
352,280,Ralts,Psychic,Fairy,198,28,25,25,45,35,40,0.4,6.6,41.3,Ralts
353,281,Kirlia,Psychic,Fairy,278,38,35,35,65,55,50,0.8,20.2,31.6,Kirlia
354,282,Gardevoir,Psychic,Fairy,518,68,65,65,125,115,80,1.6,48.4,18.9,Gardevoir
355,282,GardevoirMega Gardevoir,Psychic,Fairy,618,68,85,65,165,135,100,1.6,48.4,18.9,Mega Gardevoir
356,283,Surskit,Bug,Water,269,40,30,32,50,52,65,0.5,1.7,6.8,Surskit
357,284,Masquerain,Bug,Flying,454,70,60,62,100,82,80,0.8,3.6,5.6,Masquerain
358,285,Shroomish,Grass,,295,60,40,60,40,60,35,0.4,4.5,28.1,Shroomish
359,286,Breloom,Grass,Fighting,460,60,130,80,60,60,70,1.2,39.2,27.2,Breloom
360,287,Slakoth,Normal,,280,60,60,60,35,35,30,0.8,24,37.5,Slakoth
361,288,Vigoroth,Normal,,440,80,80,80,55,55,90,1.4,46.5,23.7,Vigoroth
362,289,Slaking,Normal,,670,150,160,100,95,65,100,2,130.5,32.6,Slaking
363,290,Nincada,Bug,Ground,266,31,45,90,30,30,40,0.5,5.5,22,Nincada
364,291,Ninjask,Bug,Flying,456,61,90,45,50,50,160,0.8,12,18.8,Ninjask
365,292,Shedinja,Bug,Ghost,236,1,90,45,30,30,40,0.8,1.2,1.9,Shedinja
366,293,Whismur,Normal,,240,64,51,23,51,23,28,0.6,16.3,45.3,Whismur
367,294,Loudred,Normal,,360,84,71,43,71,43,48,1,40.5,40.5,Loudred
368,295,Exploud,Normal,,490,104,91,63,91,73,68,1.5,84,37.3,Exploud
369,296,Makuhita,Fighting,,237,72,60,30,20,30,25,1,86.4,86.4,Makuhita
370,297,Hariyama,Fighting,,474,144,120,60,40,60,50,2.3,253.8,48,Hariyama
371,298,Azurill,Normal,Fairy,190,50,20,40,20,40,20,0.2,2,50,Azurill
372,299,Nosepass,Rock,,375,30,45,135,45,90,30,1,97,97,Nosepass
373,300,Skitty,Normal,,260,50,45,45,35,35,50,0.6,11,30.6,Skitty
374,301,Delcatty,Normal,,400,70,65,65,55,55,90,1.1,32.6,26.9,Delcatty
375,302,Sableye,Dark,Ghost,380,50,75,75,65,65,50,0.5,11,44,Sableye
376,302,SableyeMega Sableye,Dark,Ghost,480,50,85,125,85,115,20,0.5,161,644,Mega Sableye
377,303,MawileMega Mawile,Steel,Fairy,480,50,105,125,55,95,50,1,23.5,23.5,Mega Mawile
378,303,Mawile,Steel,Fairy,380,50,85,85,55,55,50,0.6,11.5,31.9,Mawile
379,304,Aron,Steel,Rock,330,50,70,100,40,40,30,0.4,60,375,Aron
380,305,Lairon,Steel,Rock,430,60,90,140,50,50,40,0.9,120,148.1,Lairon
381,306,Aggron,Steel,Rock,530,70,110,180,60,60,50,2.1,360,81.6,Aggron
382,306,AggronMega Aggron,Steel,,630,70,140,230,60,80,50,2.2,395,81.6,Mega Aggron
383,307,Meditite,Fighting,Psychic,280,30,40,55,40,55,60,0.6,11.2,31.1,Meditite
384,308,Medicham,Fighting,Psychic,410,60,60,75,60,75,80,1.3,31.5,18.6,Medicham
385,308,MedichamMega Medicham,Fighting,Psychic,510,60,100,85,80,85,100,1.3,31.5,18.6,Mega Medicham
386,309,Electrike,Electric,,295,40,45,40,65,40,65,0.6,15.2,42.2,Electrike
387,310,ManectricMega Manectric,Electric,,575,70,75,80,135,80,135,1.8,44,13.6,Mega Manectric
388,310,Manectric,Electric,,475,70,75,60,105,60,105,1.5,40.2,17.9,Manectric
389,311,Plusle,Electric,,405,60,50,40,85,75,95,0.4,4.2,26.3,Plusle
390,312,Minun,Electric,,405,60,40,50,75,85,95,0.4,4.2,26.3,Minun
391,313,Volbeat,Bug,,430,65,73,75,47,85,85,0.7,17.7,36.1,Volbeat
392,314,Illumise,Bug,,430,65,47,75,73,85,85,0.6,17.7,49.2,Illumise
393,315,Roselia,Grass,Poison,400,50,60,45,100,80,65,0.3,2,22.2,Roselia
394,316,Gulpin,Poison,,302,70,43,53,43,53,40,0.4,10.3,64.4,Gulpin
395,317,Swalot,Poison,,467,100,73,83,73,83,55,1.7,80,27.7,Swalot
396,318,Carvanha,Water,Dark,305,45,90,20,65,20,65,0.8,20.8,32.5,Carvanha
397,319,SharpedoMega Sharpedo,Water,Dark,560,70,140,70,110,65,105,2.5,130.3,20.8,Mega Sharpedo
398,319,Sharpedo,Water,Dark,460,70,120,40,95,40,95,1.8,88.8,27.4,Sharpedo
399,320,Wailmer,Water,,400,130,70,35,70,35,60,2,130,32.5,Wailmer
400,321,Wailord,Water,,500,170,90,45,90,45,60,14.5,398,1.9,Wailord
401,322,Numel,Fire,Ground,305,60,60,40,65,45,35,0.7,24,49,Numel
402,323,CameruptMega Camerupt,Fire,Ground,560,70,120,100,145,105,20,2.5,320.5,51.3,Mega Camerupt
403,323,Camerupt,Fire,Ground,460,70,100,70,105,75,40,1.9,220,60.9,Camerupt
404,324,Torkoal,Fire,,470,70,85,140,85,70,20,0.5,80.4,321.6,Torkoal
405,325,Spoink,Psychic,,330,60,25,35,70,80,60,0.7,30.6,62.4,Spoink
406,326,Grumpig,Psychic,,470,80,45,65,90,110,80,0.9,71.5,88.3,Grumpig
407,327,Spinda,Normal,,360,60,60,60,60,60,60,1.1,5,4.1,Spinda
408,328,Trapinch,Ground,,290,45,100,45,45,45,10,0.7,15,30.6,Trapinch
409,329,Vibrava,Ground,Dragon,340,50,70,50,50,50,70,1.1,15.3,12.6,Vibrava
410,330,Flygon,Ground,Dragon,520,80,100,80,80,80,100,2,82,20.5,Flygon
411,331,Cacnea,Grass,,335,50,85,40,85,40,35,0.4,51.3,320.6,Cacnea
412,332,Cacturne,Grass,Dark,475,70,115,60,115,60,55,1.3,77.4,45.8,Cacturne
413,333,Swablu,Normal,Flying,310,45,40,60,40,75,50,0.4,1.2,7.5,Swablu
414,334,AltariaMega Altaria,Dragon,Fairy,590,75,110,110,110,105,80,1.5,20.6,9.2,Mega Altaria
415,334,Altaria,Dragon,Flying,490,75,70,90,70,105,80,1.1,20.6,17,Altaria
416,335,Zangoose,Normal,,458,73,115,60,60,60,90,1.3,40.3,23.8,Zangoose
417,336,Seviper,Poison,,458,73,100,60,100,60,65,2.7,52.5,7.2,Seviper
418,337,Lunatone,Rock,Psychic,460,90,55,65,95,85,70,1,168,168,Lunatone
419,338,Solrock,Rock,Psychic,460,90,95,85,55,65,70,1.2,154,106.9,Solrock
420,339,Barboach,Water,Ground,288,50,48,43,46,41,60,0.4,1.9,11.9,Barboach
421,340,Whiscash,Water,Ground,468,110,78,73,76,71,60,0.9,23.6,29.1,Whiscash
422,341,Corphish,Water,,308,43,80,65,50,35,35,0.6,11.5,31.9,Corphish
423,342,Crawdaunt,Water,Dark,468,63,120,85,90,55,55,1.1,32.8,27.1,Crawdaunt
424,343,Baltoy,Ground,Psychic,300,40,40,55,40,70,55,0.5,21.5,86,Baltoy
425,344,Claydol,Ground,Psychic,500,60,70,105,70,120,75,1.5,108,48,Claydol
426,345,Lileep,Rock,Grass,355,66,41,77,61,87,23,1,23.8,23.8,Lileep
427,346,Cradily,Rock,Grass,495,86,81,97,81,107,43,1.5,60.4,26.8,Cradily
428,347,Anorith,Rock,Bug,355,45,95,50,40,50,75,0.7,12.5,25.5,Anorith
429,348,Armaldo,Rock,Bug,495,75,125,100,70,80,45,1.5,68.2,30.3,Armaldo
430,349,Feebas,Water,,200,20,15,20,10,55,80,0.6,7.4,20.6,Feebas
431,350,Milotic,Water,,540,95,60,79,100,125,81,6.2,162,4.2,Milotic
432,351,Castform,Normal,,420,70,70,70,70,70,70,0.3,0.8,8.9,Castform
433,351,CastformSunny Form,Fire,,420,70,70,70,70,70,70,0.3,0.8,8.9,CastformSunny Form
434,351,CastformRainy Form,Water,,420,70,70,70,70,70,70,0.3,0.8,8.9,CastformRainy Form
435,351,CastformSnowy Form,Ice,,420,70,70,70,70,70,70,0.3,0.8,8.9,CastformSnowy Form
436,352,Kecleon,Normal,,440,60,90,70,60,120,40,1,22,22,Kecleon
437,353,Shuppet,Ghost,,295,44,75,35,63,33,45,0.6,2.3,6.4,Shuppet
438,354,BanetteMega Banette,Ghost,,555,64,165,75,93,83,75,1.2,13,9,Mega Banette
439,354,Banette,Ghost,,455,64,115,65,83,63,65,1.1,12.5,10.3,Banette
440,355,Duskull,Ghost,,295,20,40,90,30,90,25,0.8,15,23.4,Duskull
441,356,Dusclops,Ghost,,455,40,70,130,60,130,25,1.6,30.6,12,Dusclops
442,357,Tropius,Grass,Flying,460,99,68,83,72,87,51,2,100,25,Tropius
443,358,Chimecho,Psychic,,455,75,50,80,95,90,65,0.6,1,2.8,Chimecho
444,359,Absol,Dark,,465,65,130,60,75,60,75,1.2,47,32.6,Absol
445,359,AbsolMega Absol,Dark,,565,65,150,60,115,60,115,1.2,49,34,Mega Absol
446,360,Wynaut,Psychic,,260,95,23,48,23,48,23,0.6,14,38.9,Wynaut
447,361,Snorunt,Ice,,300,50,50,50,50,50,50,0.7,16.8,34.3,Snorunt
448,362,GlalieMega Glalie,Ice,,580,80,120,80,120,80,100,2.1,350.2,79.4,Mega Glalie
449,362,Glalie,Ice,,480,80,80,80,80,80,80,1.5,256.5,114,Glalie
450,363,Spheal,Ice,Water,290,70,40,50,55,50,25,0.8,39.5,61.7,Spheal
451,364,Sealeo,Ice,Water,410,90,60,70,75,70,45,1.1,87.6,72.4,Sealeo
452,365,Walrein,Ice,Water,530,110,80,90,95,90,65,1.4,150.6,76.8,Walrein
453,366,Clamperl,Water,,345,35,64,85,74,55,32,0.4,52.5,328.1,Clamperl
454,367,Huntail,Water,,485,55,104,105,94,75,52,1.7,27,9.3,Huntail
455,368,Gorebyss,Water,,485,55,84,105,114,75,52,1.8,22.6,7,Gorebyss
456,369,Relicanth,Water,Rock,485,100,90,130,45,65,55,1,23.4,23.4,Relicanth
457,370,Luvdisc,Water,,330,43,30,55,40,65,97,0.6,8.7,24.2,Luvdisc
458,371,Bagon,Dragon,,300,45,75,60,40,30,50,0.6,42.1,116.9,Bagon
459,372,Shelgon,Dragon,,420,65,95,100,60,50,50,1.1,110.5,91.3,Shelgon
460,373,SalamenceMega Salamence,Dragon,Flying,700,95,145,130,120,90,120,1.8,112.6,34.8,Mega Salamence
461,373,Salamence,Dragon,Flying,600,95,135,80,110,80,100,1.5,102.6,45.6,Salamence
462,374,Beldum,Steel,Psychic,300,40,55,80,35,60,30,0.6,95.2,264.4,Beldum
463,375,Metang,Steel,Psychic,420,60,75,100,55,80,50,1.2,202.5,140.6,Metang
464,376,MetagrossMega Metagross,Steel,Psychic,700,80,145,150,105,110,110,2.5,942.9,150.9,Mega Metagross
465,376,Metagross,Steel,Psychic,600,80,135,130,95,90,70,1.6,550,214.8,Metagross
466,377,Regirock,Rock,,580,80,100,200,50,100,50,1.7,230,79.6,Regirock
467,378,Regice,Ice,,580,80,50,100,100,200,50,1.8,175,54,Regice
468,379,Registeel,Steel,,580,80,75,150,75,150,50,1.9,205,56.8,Registeel
469,380,LatiasMega Latias,Dragon,Psychic,700,80,100,120,140,150,110,1.8,52,16,Mega Latias
470,380,Latias,Dragon,Psychic,600,80,80,90,110,130,110,1.4,40,20.4,Latias
471,381,LatiosMega Latios,Dragon,Psychic,700,80,130,100,160,120,110,2.3,70,13.2,Mega Latios
472,381,Latios,Dragon,Psychic,600,80,90,80,130,110,110,2,60,15,Latios
473,382,KyogrePrimal Kyogre,Water,,770,100,150,90,180,160,90,9.8,430,4.5,Primal Kyogre
474,382,Kyogre,Water,,670,100,100,90,150,140,90,4.5,352,17.4,Kyogre
475,383,GroudonPrimal Groudon,Ground,Fire,770,100,180,160,150,90,90,5,999.7,40,Primal Groudon
476,383,Groudon,Ground,,670,100,150,140,100,90,90,3.5,950,77.6,Groudon
477,384,RayquazaMega Rayquaza,Dragon,Flying,780,105,180,100,180,100,115,10.8,392,3.4,Mega Rayquaza
478,384,Rayquaza,Dragon,Flying,680,105,150,90,150,90,95,7,206.5,4.2,Rayquaza
479,385,Jirachi,Steel,Psychic,600,100,100,100,100,100,100,0.3,1.1,12.2,Jirachi
480,386,DeoxysNormal Forme,Psychic,,600,50,150,50,150,50,150,1.7,60.8,21,DeoxysNormal Forme
481,386,DeoxysAttack Forme,Psychic,,600,50,180,20,180,20,150,1.7,60.8,21,DeoxysAttack Forme
482,386,DeoxysDefense Forme,Psychic,,600,50,70,160,70,160,90,1.7,60.8,21,DeoxysDefense Forme
483,386,DeoxysSpeed Forme,Psychic,,600,50,95,90,95,90,180,1.7,60.8,21,DeoxysSpeed Forme
484,387,Turtwig,Grass,,318,55,68,64,45,55,31,0.4,10.2,63.8,Turtwig
485,388,Grotle,Grass,,405,75,89,85,55,65,36,1.1,97,80.2,Grotle
486,389,Torterra,Grass,Ground,525,95,109,105,75,85,56,2.2,310,64,Torterra
487,390,Chimchar,Fire,,309,44,58,44,58,44,61,0.5,6.2,24.8,Chimchar
488,391,Monferno,Fire,Fighting,405,64,78,52,78,52,81,0.9,22,27.2,Monferno
489,392,Infernape,Fire,Fighting,534,76,104,71,104,71,108,1.2,55,38.2,Infernape
490,393,Piplup,Water,,314,53,51,53,61,56,40,0.4,5.2,32.5,Piplup
491,394,Prinplup,Water,,405,64,66,68,81,76,50,0.8,23,35.9,Prinplup
492,395,Empoleon,Water,Steel,530,84,86,88,111,101,60,1.7,84.5,29.2,Empoleon
493,396,Starly,Normal,Flying,245,40,55,30,30,30,60,0.3,2,22.2,Starly
494,397,Staravia,Normal,Flying,340,55,75,50,40,40,80,0.6,15.5,43.1,Staravia
495,398,Staraptor,Normal,Flying,485,85,120,70,50,60,100,1.2,24.9,17.3,Staraptor
496,399,Bidoof,Normal,,250,59,45,40,35,40,31,0.5,20,80,Bidoof
497,400,Bibarel,Normal,Water,410,79,85,60,55,60,71,1,31.5,31.5,Bibarel
498,401,Kricketot,Bug,,194,37,25,41,25,41,25,0.3,2.2,24.4,Kricketot
499,402,Kricketune,Bug,,384,77,85,51,55,51,65,1,25.5,25.5,Kricketune
500,403,Shinx,Electric,,263,45,65,34,40,34,45,0.5,9.5,38,Shinx
501,404,Luxio,Electric,,363,60,85,49,60,49,60,0.9,30.5,37.7,Luxio
502,405,Luxray,Electric,,523,80,120,79,95,79,70,1.4,42,21.4,Luxray
503,406,Budew,Grass,Poison,280,40,30,35,50,70,55,0.2,1.2,30,Budew
504,407,Roserade,Grass,Poison,515,60,70,65,125,105,90,0.9,14.5,17.9,Roserade
505,408,Cranidos,Rock,,350,67,125,40,30,30,58,0.9,31.5,38.9,Cranidos
506,409,Rampardos,Rock,,495,97,165,60,65,50,58,1.6,102.5,40,Rampardos
507,410,Shieldon,Rock,Steel,350,30,42,118,42,88,30,0.5,57,228,Shieldon
508,411,Bastiodon,Rock,Steel,495,60,52,168,47,138,30,1.3,149.5,88.5,Bastiodon
509,412,BurmyPlant Cloak,Bug,,224,40,29,45,29,45,36,0.2,3.4,85,BurmyPlant Cloak
510,412,BurmySandy Cloak,Bug,,224,40,29,45,29,45,36,0.2,3.4,85,BurmySandy Cloak
511,412,BurmyTrash Cloak,Bug,,224,40,29,45,29,45,36,0.2,3.4,85,BurmyTrash Cloak
512,413,WormadamPlant Cloak,Bug,Grass,424,60,59,85,79,105,36,0.5,6.5,26,WormadamPlant Cloak
513,413,WormadamSandy Cloak,Bug,Ground,424,60,79,105,59,85,36,0.5,6.5,26,WormadamSandy Cloak
514,413,WormadamTrash Cloak,Bug,Steel,424,60,69,95,69,95,36,0.5,6.5,26,WormadamTrash Cloak
515,414,Mothim,Bug,Flying,424,70,94,50,94,50,66,0.9,23.3,28.8,Mothim
516,415,Combee,Bug,Flying,244,30,30,42,30,42,70,0.3,5.5,61.1,Combee
517,416,Vespiquen,Bug,Flying,474,70,80,102,80,102,40,1.2,38.5,26.7,Vespiquen
518,417,Pachirisu,Electric,,405,60,45,70,45,90,95,0.4,3.9,24.4,Pachirisu
519,418,Buizel,Water,,330,55,65,35,60,30,85,0.7,29.5,60.2,Buizel
520,419,Floatzel,Water,,495,85,105,55,85,50,115,1.1,33.5,27.7,Floatzel
521,420,Cherubi,Grass,,275,45,35,45,62,53,35,0.4,3.3,20.6,Cherubi
522,421,Cherrim,Grass,,450,70,60,70,87,78,85,0.5,9.3,37.2,Cherrim
523,422,Shellos,Water,,325,76,48,48,57,62,34,0.3,6.3,70,Shellos
524,423,Gastrodon,Water,Ground,475,111,83,68,92,82,39,0.9,29.9,36.9,Gastrodon
525,424,Ambipom,Normal,,482,75,100,66,60,66,115,1.2,20.3,14.1,Ambipom
526,425,Drifloon,Ghost,Flying,348,90,50,34,60,44,70,0.4,1.2,7.5,Drifloon
527,426,Drifblim,Ghost,Flying,498,150,80,44,90,54,80,1.2,15,10.4,Drifblim
528,427,Buneary,Normal,,350,55,66,44,44,56,85,0.4,5.5,34.4,Buneary
529,428,LopunnyMega Lopunny,Normal,Fighting,580,65,136,94,54,96,135,1.3,28.3,16.7,Mega Lopunny
530,428,Lopunny,Normal,,480,65,76,84,54,96,105,1.2,33.3,23.1,Lopunny
531,429,Mismagius,Ghost,,495,60,60,60,105,105,105,0.9,4.4,5.4,Mismagius
532,430,Honchkrow,Dark,Flying,505,100,125,52,105,52,71,0.9,27.3,33.7,Honchkrow
533,431,Glameow,Normal,,310,49,55,42,42,37,85,0.5,3.9,15.6,Glameow
534,432,Purugly,Normal,,452,71,82,64,64,59,112,1,43.8,43.8,Purugly
535,433,Chingling,Psychic,,285,45,30,50,65,50,45,0.2,0.6,15,Chingling
536,434,Stunky,Poison,Dark,329,63,63,47,41,41,74,0.4,19.2,120,Stunky
537,435,Skuntank,Poison,Dark,479,103,93,67,71,61,84,1,38,38,Skuntank
538,436,Bronzor,Steel,Psychic,300,57,24,86,24,86,23,0.5,60.5,242,Bronzor
539,437,Bronzong,Steel,Psychic,500,67,89,116,79,116,33,1.3,187,110.7,Bronzong
540,438,Bonsly,Rock,,290,50,80,95,10,45,10,0.5,15,60,Bonsly
541,439,Mime Jr.,Psychic,Fairy,310,20,25,45,70,90,60,0.6,13,36.1,Mime Jr.
542,440,Happiny,Normal,,220,100,5,5,15,65,30,0.6,24.4,67.8,Happiny
543,441,Chatot,Normal,Flying,411,76,65,45,92,42,91,0.5,1.9,7.6,Chatot
544,442,Spiritomb,Ghost,Dark,485,50,92,108,92,108,35,1,108,108,Spiritomb
545,443,Gible,Dragon,Ground,300,58,70,45,40,45,42,0.7,20.5,41.8,Gible
546,444,Gabite,Dragon,Ground,410,68,90,65,50,55,82,1.4,56,28.6,Gabite
547,445,Garchomp,Dragon,Ground,600,108,130,95,80,85,102,1.9,95,26.3,Garchomp
548,445,GarchompMega Garchomp,Dragon,Ground,700,108,170,115,120,95,92,1.9,95,26.3,Mega Garchomp
549,446,Munchlax,Normal,,390,135,85,40,40,85,5,0.6,105,291.7,Munchlax
550,447,Riolu,Fighting,,285,40,70,40,35,40,60,0.7,20.2,41.2,Riolu
551,448,LucarioMega Lucario,Fighting,Steel,625,70,145,88,140,70,112,1.3,57.5,34,Mega Lucario
552,448,Lucario,Fighting,Steel,525,70,110,70,115,70,90,1.2,54,37.5,Lucario
553,449,Hippopotas,Ground,,330,68,72,78,38,42,32,0.8,49.5,77.3,Hippopotas
554,450,Hippowdon,Ground,,525,108,112,118,68,72,47,2,300,75,Hippowdon
555,451,Skorupi,Poison,Bug,330,40,50,90,30,55,65,0.8,12,18.8,Skorupi
556,452,Drapion,Poison,Dark,500,70,90,110,60,75,95,1.3,61.5,36.4,Drapion
557,453,Croagunk,Poison,Fighting,300,48,61,40,61,40,50,0.7,23,46.9,Croagunk
558,454,Toxicroak,Poison,Fighting,490,83,106,65,86,65,85,1.3,44.4,26.3,Toxicroak
559,455,Carnivine,Grass,,454,74,100,72,90,72,46,1.4,27,13.8,Carnivine
560,456,Finneon,Water,,330,49,49,56,49,61,66,0.4,7,43.8,Finneon
561,457,Lumineon,Water,,460,69,69,76,69,86,91,1.2,24,16.7,Lumineon
562,458,Mantyke,Water,Flying,345,45,20,50,60,120,50,1,65,65,Mantyke
563,459,Snover,Grass,Ice,334,60,62,50,62,60,40,1,50.5,50.5,Snover
564,460,AbomasnowMega Abomasnow,Grass,Ice,594,90,132,105,132,105,30,2.7,185,25.4,Mega Abomasnow
565,460,Abomasnow,Grass,Ice,494,90,92,75,92,85,60,2.2,135.5,28,Abomasnow
566,461,Weavile,Dark,Ice,510,70,120,65,45,85,125,1.1,34,28.1,Weavile
567,462,Magnezone,Electric,Steel,535,70,70,115,130,90,60,1.2,180,125,Magnezone
568,463,Lickilicky,Normal,,515,110,85,95,80,95,50,1.7,140,48.4,Lickilicky
569,464,Rhyperior,Ground,Rock,535,115,140,130,55,55,40,2.4,282.8,49.1,Rhyperior
570,465,Tangrowth,Grass,,535,100,100,125,110,50,50,2,128.6,32.2,Tangrowth
571,466,Electivire,Electric,,540,75,123,67,95,85,95,1.8,138.6,42.8,Electivire
572,467,Magmortar,Fire,,540,75,95,67,125,95,83,1.6,68,26.6,Magmortar
573,468,Togekiss,Fairy,Flying,545,85,50,95,120,115,80,1.5,38,16.9,Togekiss
574,469,Yanmega,Bug,Flying,515,86,76,86,116,56,95,1.9,51.5,14.3,Yanmega
575,470,Leafeon,Grass,,525,65,110,130,60,65,95,1,25.5,25.5,Leafeon
576,471,Glaceon,Ice,,525,65,60,110,130,95,65,0.8,25.9,40.5,Glaceon
577,472,Gliscor,Ground,Flying,510,75,95,125,45,75,95,2,42.5,10.6,Gliscor
578,473,Mamoswine,Ice,Ground,530,110,130,80,70,60,80,2.5,291,46.6,Mamoswine
579,474,Porygon-Z,Normal,,535,85,80,70,135,75,90,0.9,34,42,Porygon-Z
580,475,Gallade,Psychic,Fighting,518,68,125,65,65,115,80,1.6,52,20.3,Gallade
581,475,GalladeMega Gallade,Psychic,Fighting,618,68,165,95,65,115,110,1.6,56.4,22,Mega Gallade
582,476,Probopass,Rock,Steel,525,60,55,145,75,150,40,1.4,340,173.5,Probopass
583,477,Dusknoir,Ghost,,525,45,100,135,65,135,45,2.2,106.6,22,Dusknoir
584,478,Froslass,Ice,Ghost,480,70,80,70,80,70,110,1.3,26.6,15.7,Froslass
585,479,Rotom,Electric,Ghost,440,50,50,77,95,77,91,0.3,0.3,3.3,Rotom
586,479,RotomHeat Rotom,Electric,Fire,520,50,65,107,105,107,86,0.3,0.3,3.3,Heat Rotom
587,479,RotomWash Rotom,Electric,Water,520,50,65,107,105,107,86,0.3,0.3,3.3,Wash Rotom
588,479,RotomFrost Rotom,Electric,Ice,520,50,65,107,105,107,86,0.3,0.3,3.3,Frost Rotom
589,479,RotomFan Rotom,Electric,Flying,520,50,65,107,105,107,86,0.3,0.3,3.3,Fan Rotom
590,479,RotomMow Rotom,Electric,Grass,520,50,65,107,105,107,86,0.3,0.3,3.3,Mow Rotom
591,480,Uxie,Psychic,,580,75,75,130,75,130,95,0.3,0.3,3.3,Uxie
592,481,Mesprit,Psychic,,580,80,105,105,105,105,80,0.3,0.3,3.3,Mesprit
593,482,Azelf,Psychic,,580,75,125,70,125,70,115,0.3,0.3,3.3,Azelf
594,483,DialgaOrigin Forme,Steel,Dragon,680,100,100,120,150,120,90,7,850,17.3,DialgaOrigin Forme
595,483,Dialga,Steel,Dragon,680,100,120,120,150,100,90,5.4,683,23.4,Dialga
596,484,PalkiaOrigin Forme,Water,Dragon,680,90,100,100,150,120,120,6.3,660,16.6,PalkiaOrigin Forme
597,484,Palkia,Water,Dragon,680,90,120,100,150,120,100,4.2,336,19,Palkia
598,485,Heatran,Fire,Steel,600,91,90,106,130,106,77,1.7,430,148.8,Heatran
599,486,Regigigas,Normal,,670,110,160,110,80,110,100,3.7,420,30.7,Regigigas
600,487,GiratinaOrigin Forme,Ghost,Dragon,680,150,120,100,120,100,90,6.9,650,13.7,GiratinaOrigin Forme
601,487,GiratinaAltered Forme,Ghost,Dragon,680,150,100,120,100,120,90,4.5,750,37,GiratinaAltered Forme
602,488,Cresselia,Psychic,,580,120,70,110,75,120,85,1.5,85.6,38,Cresselia
603,489,Phione,Water,,480,80,80,80,80,80,80,0.4,3.1,19.4,Phione
604,490,Manaphy,Water,,600,100,100,100,100,100,100,0.3,1.4,15.6,Manaphy
605,491,Darkrai,Dark,,600,70,90,90,135,90,125,1.5,50.5,22.4,Darkrai
606,492,ShayminSky Forme,Grass,Flying,600,100,103,75,120,75,127,0.4,5.2,32.5,ShayminSky Forme
607,492,ShayminLand Forme,Grass,,600,100,100,100,100,100,100,0.2,2.1,52.5,ShayminLand Forme
608,493,Arceus,Normal,,720,120,120,120,120,120,120,3.2,320,31.3,Arceus
609,494,Victini,Psychic,Fire,600,100,100,100,100,100,100,0.4,4,25,Victini
610,495,Snivy,Grass,,308,45,45,55,45,55,63,0.6,8.1,22.5,Snivy
611,496,Servine,Grass,,413,60,60,75,60,75,83,0.8,16,25,Servine
612,497,Serperior,Grass,,528,75,75,95,75,95,113,3.3,63,5.8,Serperior
613,498,Tepig,Fire,,308,65,63,45,45,45,45,0.5,9.9,39.6,Tepig
614,499,Pignite,Fire,Fighting,418,90,93,55,70,55,55,1,55.5,55.5,Pignite
615,500,Emboar,Fire,Fighting,528,110,123,65,100,65,65,1.6,150,58.6,Emboar
616,501,Oshawott,Water,,308,55,55,45,63,45,45,0.5,5.9,23.6,Oshawott
617,502,Dewott,Water,,413,75,75,60,83,60,60,0.8,24.5,38.3,Dewott
618,503,SamurottHisuian Samurott,Water,Dark,528,90,108,80,100,65,85,1.5,58.2,25.9,Hisuian Samurott
619,503,Samurott,Water,,528,95,100,85,108,70,70,1.5,94.6,42,Samurott
620,504,Patrat,Normal,,255,45,55,39,35,39,42,0.5,11.6,46.4,Patrat
621,505,Watchog,Normal,,420,60,85,69,60,69,77,1.1,27,22.3,Watchog
622,506,Lillipup,Normal,,275,45,60,45,25,45,55,0.4,4.1,25.6,Lillipup
623,507,Herdier,Normal,,370,65,80,65,35,65,60,0.9,14.7,18.1,Herdier
624,508,Stoutland,Normal,,500,85,110,90,45,90,80,1.2,61,42.4,Stoutland
625,509,Purrloin,Dark,,281,41,50,37,50,37,66,0.4,10.1,63.1,Purrloin
626,510,Liepard,Dark,,446,64,88,50,88,50,106,1.1,37.5,31,Liepard
627,511,Pansage,Grass,,316,50,53,48,53,48,64,0.6,10.5,29.2,Pansage
628,512,Simisage,Grass,,498,75,98,63,98,63,101,1.1,30.5,25.2,Simisage
629,513,Pansear,Fire,,316,50,53,48,53,48,64,0.6,11,30.6,Pansear
630,514,Simisear,Fire,,498,75,98,63,98,63,101,1,28,28,Simisear
631,515,Panpour,Water,,316,50,53,48,53,48,64,0.6,13.5,37.5,Panpour
632,516,Simipour,Water,,498,75,98,63,98,63,101,1,29,29,Simipour
633,517,Munna,Psychic,,292,76,25,45,67,55,24,0.6,23.3,64.7,Munna
634,518,Musharna,Psychic,,487,116,55,85,107,95,29,1.1,60.5,50,Musharna
635,519,Pidove,Normal,Flying,264,50,55,50,36,30,43,0.3,2.1,23.3,Pidove
636,520,Tranquill,Normal,Flying,358,62,77,62,50,42,65,0.6,15,41.7,Tranquill
637,521,Unfezant,Normal,Flying,488,80,115,80,65,55,93,1.2,29,20.1,Unfezant
638,522,Blitzle,Electric,,295,45,60,32,50,32,76,0.8,29.8,46.6,Blitzle
639,523,Zebstrika,Electric,,497,75,100,63,80,63,116,1.6,79.5,31.1,Zebstrika
640,524,Roggenrola,Rock,,280,55,75,85,25,25,15,0.4,18,112.5,Roggenrola
641,525,Boldore,Rock,,390,70,105,105,50,40,20,0.9,102,125.9,Boldore
642,526,Gigalith,Rock,,515,85,135,130,60,80,25,1.7,260,90,Gigalith
643,527,Woobat,Psychic,Flying,323,65,45,43,55,43,72,0.4,2.1,13.1,Woobat
644,528,Swoobat,Psychic,Flying,425,67,57,55,77,55,114,0.9,10.5,13,Swoobat
645,529,Drilbur,Ground,,328,60,85,40,30,45,68,0.3,8.5,94.4,Drilbur
646,530,Excadrill,Ground,Steel,508,110,135,60,50,65,88,0.7,40.4,82.4,Excadrill
647,531,AudinoMega Audino,Normal,Fairy,545,103,60,126,80,126,50,1.5,32,14.2,Mega Audino
648,531,Audino,Normal,,445,103,60,86,60,86,50,1.1,31,25.6,Audino
649,532,Timburr,Fighting,,305,75,80,55,25,35,35,0.6,12.5,34.7,Timburr
650,533,Gurdurr,Fighting,,405,85,105,85,40,50,40,1.2,40,27.8,Gurdurr
651,534,Conkeldurr,Fighting,,505,105,140,95,55,65,45,1.4,87,44.4,Conkeldurr
652,535,Tympole,Water,,294,50,50,40,50,40,64,0.5,4.5,18,Tympole
653,536,Palpitoad,Water,Ground,384,75,65,55,65,55,69,0.8,17,26.6,Palpitoad
654,537,Seismitoad,Water,Ground,509,105,95,75,85,75,74,1.5,62,27.6,Seismitoad
655,538,Throh,Fighting,,465,120,100,85,30,85,45,1.3,55.5,32.8,Throh
656,539,Sawk,Fighting,,465,75,125,75,30,75,85,1.4,51,26,Sawk
657,540,Sewaddle,Bug,Grass,310,45,53,70,40,60,42,0.3,2.5,27.8,Sewaddle
658,541,Swadloon,Bug,Grass,380,55,63,90,50,80,42,0.5,7.3,29.2,Swadloon
659,542,Leavanny,Bug,Grass,500,75,103,80,70,80,92,1.2,20.5,14.2,Leavanny
660,543,Venipede,Bug,Poison,260,30,45,59,30,39,57,0.4,5.3,33.1,Venipede
661,544,Whirlipede,Bug,Poison,360,40,55,99,40,79,47,1.2,58.5,40.6,Whirlipede
662,545,Scolipede,Bug,Poison,485,60,100,89,55,69,112,2.5,200.5,32.1,Scolipede
663,546,Cottonee,Grass,Fairy,280,40,27,60,37,50,66,0.3,0.6,6.7,Cottonee
664,547,Whimsicott,Grass,Fairy,480,60,67,85,77,75,116,0.7,6.6,13.5,Whimsicott
665,548,Petilil,Grass,,280,45,35,50,70,50,30,0.5,6.6,26.4,Petilil
666,549,LilligantHisuian Lilligant,Grass,Fighting,480,70,105,75,50,75,105,1.2,19.2,13.3,Hisuian Lilligant
667,549,Lilligant,Grass,,480,70,60,75,110,75,90,1.1,16.3,13.5,Lilligant
668,550,BasculinRed-Striped Form,Water,,460,70,92,65,80,55,98,1,18,18,BasculinRed-Striped Form
669,550,BasculinBlue-Striped Form,Water,,460,70,92,65,80,55,98,1,18,18,BasculinBlue-Striped Form
670,550,BasculinWhite-Striped Form,Water,,460,70,92,65,80,55,98,1,18,18,BasculinWhite-Striped Form
671,551,Sandile,Ground,Dark,292,50,72,35,35,35,65,0.7,15.2,31,Sandile
672,552,Krokorok,Ground,Dark,351,60,82,45,45,45,74,1,33.4,33.4,Krokorok
673,553,Krookodile,Ground,Dark,519,95,117,80,65,70,92,1.5,96.3,42.8,Krookodile
674,554,DarumakaGalarian Darumaka,Ice,,315,70,90,45,15,45,50,0.7,40,81.6,Galarian Darumaka
675,554,Darumaka,Fire,,315,70,90,45,15,45,50,0.6,37.5,104.2,Darumaka
676,555,DarmanitanGalarian Standard Mode,Ice,,480,105,140,55,30,55,95,1.7,120,41.5,DarmanitanGalarian Standard Mode
677,555,DarmanitanGalarian Zen Mode,Ice,Fire,540,105,160,55,30,55,135,1.7,120,41.5,DarmanitanGalarian Zen Mode
678,555,DarmanitanStandard Mode,Fire,,480,105,140,55,30,55,95,1.3,92.9,55,DarmanitanStandard Mode
679,555,DarmanitanZen Mode,Fire,Psychic,540,105,30,105,140,105,55,1.3,92.9,55,DarmanitanZen Mode
680,556,Maractus,Grass,,461,75,86,67,106,67,60,1,28,28,Maractus
681,557,Dwebble,Bug,Rock,325,50,65,85,35,35,55,0.3,14.5,161.1,Dwebble
682,558,Crustle,Bug,Rock,485,70,105,125,65,75,45,1.4,200,102,Crustle
683,559,Scraggy,Dark,Fighting,348,50,75,70,35,70,48,0.6,11.8,32.8,Scraggy
684,560,Scrafty,Dark,Fighting,488,65,90,115,45,115,58,1.1,30,24.8,Scrafty
685,561,Sigilyph,Psychic,Flying,490,72,58,80,103,80,97,1.4,14,7.1,Sigilyph
686,562,Yamask,Ghost,,303,38,30,85,55,65,30,0.5,1.5,6,Yamask
687,562,YamaskGalarian Yamask,Ground,Ghost,303,38,55,85,30,65,30,0.5,1.5,6,Galarian Yamask
688,563,Cofagrigus,Ghost,,483,58,50,145,95,105,30,1.7,76.5,26.5,Cofagrigus
689,564,Tirtouga,Water,Rock,355,54,78,103,53,45,22,0.7,16.5,33.7,Tirtouga
690,565,Carracosta,Water,Rock,495,74,108,133,83,65,32,1.2,81,56.3,Carracosta
691,566,Archen,Rock,Flying,401,55,112,45,74,45,70,0.5,9.5,38,Archen
692,567,Archeops,Rock,Flying,567,75,140,65,112,65,110,1.4,32,16.3,Archeops
693,568,Trubbish,Poison,,329,50,50,62,40,62,65,0.6,31,86.1,Trubbish
694,569,Garbodor,Poison,,474,80,95,82,60,82,75,1.9,107.3,29.7,Garbodor
695,570,Zorua,Dark,,330,40,65,40,80,40,65,0.7,12.5,25.5,Zorua
696,570,ZoruaHisuian Zorua,Normal,Ghost,330,35,60,40,85,40,70,0.7,12.5,25.5,Hisuian Zorua
697,571,ZoroarkHisuian Zoroark,Normal,Ghost,510,55,100,60,125,60,110,1.6,73,28.5,Hisuian Zoroark
698,571,Zoroark,Dark,,510,60,105,60,120,60,105,1.6,81.1,31.7,Zoroark
699,572,Minccino,Normal,,300,55,50,40,40,40,75,0.4,5.8,36.3,Minccino
700,573,Cinccino,Normal,,470,75,95,60,65,60,115,0.5,7.5,30,Cinccino
701,574,Gothita,Psychic,,290,45,30,50,55,65,45,0.4,5.8,36.3,Gothita
702,575,Gothorita,Psychic,,390,60,45,70,75,85,55,0.7,18,36.7,Gothorita
703,576,Gothitelle,Psychic,,490,70,55,95,95,110,65,1.5,44,19.6,Gothitelle
704,577,Solosis,Psychic,,290,45,30,40,105,50,20,0.3,1,11.1,Solosis
705,578,Duosion,Psychic,,370,65,40,50,125,60,30,0.6,8,22.2,Duosion
706,579,Reuniclus,Psychic,,490,110,65,75,125,85,30,1,20.1,20.1,Reuniclus
707,580,Ducklett,Water,Flying,305,62,44,50,44,50,55,0.5,5.5,22,Ducklett
708,581,Swanna,Water,Flying,473,75,87,63,87,63,98,1.3,24.2,14.3,Swanna
709,582,Vanillite,Ice,,305,36,50,50,65,60,44,0.4,5.7,35.6,Vanillite
710,583,Vanillish,Ice,,395,51,65,65,80,75,59,1.1,41,33.9,Vanillish
711,584,Vanilluxe,Ice,,535,71,95,85,110,95,79,1.3,57.5,34,Vanilluxe
712,585,Deerling,Normal,Grass,335,60,60,50,40,50,75,0.6,19.5,54.2,Deerling
713,586,Sawsbuck,Normal,Grass,475,80,100,70,60,70,95,1.9,92.5,25.6,Sawsbuck
714,587,Emolga,Electric,Flying,428,55,75,60,75,60,103,0.4,5,31.3,Emolga
715,588,Karrablast,Bug,,315,50,75,45,40,45,60,0.5,5.9,23.6,Karrablast
716,589,Escavalier,Bug,Steel,495,70,135,105,60,105,20,1,33,33,Escavalier
717,590,Foongus,Grass,Poison,294,69,55,45,55,55,15,0.2,1,25,Foongus
718,591,Amoonguss,Grass,Poison,464,114,85,70,85,80,30,0.6,10.5,29.2,Amoonguss
719,592,Frillish,Water,Ghost,335,55,40,50,65,85,40,1.2,33,22.9,Frillish
720,593,Jellicent,Water,Ghost,480,100,60,70,85,105,60,2.2,135,27.9,Jellicent
721,594,Alomomola,Water,,470,165,75,80,40,45,65,1.2,31.6,21.9,Alomomola
722,595,Joltik,Bug,Electric,319,50,47,50,57,50,65,0.1,0.6,60,Joltik
723,596,Galvantula,Bug,Electric,472,70,77,60,97,60,108,0.8,14.3,22.3,Galvantula
724,597,Ferroseed,Grass,Steel,305,44,50,91,24,86,10,0.6,18.8,52.2,Ferroseed
725,598,Ferrothorn,Grass,Steel,489,74,94,131,54,116,20,1,110,110,Ferrothorn
726,599,Klink,Steel,,300,40,55,70,45,60,30,0.3,21,233.3,Klink
727,600,Klang,Steel,,440,60,80,95,70,85,50,0.6,51,141.7,Klang
728,601,Klinklang,Steel,,520,60,100,115,70,85,90,0.6,81,225,Klinklang
729,602,Tynamo,Electric,,275,35,55,40,45,40,60,0.2,0.3,7.5,Tynamo
730,603,Eelektrik,Electric,,405,65,85,70,75,70,40,1.2,22,15.3,Eelektrik
731,604,Eelektross,Electric,,515,85,115,80,105,80,50,2.1,80.5,18.3,Eelektross
732,605,Elgyem,Psychic,,335,55,55,55,85,55,30,0.5,9,36,Elgyem
733,606,Beheeyem,Psychic,,485,75,75,75,125,95,40,1,34.5,34.5,Beheeyem
734,607,Litwick,Ghost,Fire,275,50,30,55,65,55,20,0.3,3.1,34.4,Litwick
735,608,Lampent,Ghost,Fire,370,60,40,60,95,60,55,0.6,13,36.1,Lampent
736,609,Chandelure,Ghost,Fire,520,60,55,90,145,90,80,1,34.3,34.3,Chandelure
737,610,Axew,Dragon,,320,46,87,60,30,40,57,0.6,18,50,Axew
738,611,Fraxure,Dragon,,410,66,117,70,40,50,67,1,36,36,Fraxure
739,612,Haxorus,Dragon,,540,76,147,90,60,70,97,1.8,105.5,32.6,Haxorus
740,613,Cubchoo,Ice,,305,55,70,40,60,40,40,0.5,8.5,34,Cubchoo
741,614,Beartic,Ice,,505,95,130,80,70,80,50,2.6,260,38.5,Beartic
742,615,Cryogonal,Ice,,515,80,50,50,95,135,105,1.1,148,122.3,Cryogonal
743,616,Shelmet,Bug,,305,50,40,85,40,65,25,0.4,7.7,48.1,Shelmet
744,617,Accelgor,Bug,,495,80,70,40,100,60,145,0.8,25.3,39.5,Accelgor
745,618,Stunfisk,Ground,Electric,471,109,66,84,81,99,32,0.7,11,22.4,Stunfisk
746,618,StunfiskGalarian Stunfisk,Ground,Steel,471,109,81,99,66,84,32,0.7,20.5,41.8,Galarian Stunfisk
747,619,Mienfoo,Fighting,,350,45,85,50,55,50,65,0.9,20,24.7,Mienfoo
748,620,Mienshao,Fighting,,510,65,125,60,95,60,105,1.4,35.5,18.1,Mienshao
749,621,Druddigon,Dragon,,485,77,120,90,60,90,48,1.6,139,54.3,Druddigon
750,622,Golett,Ground,Ghost,303,59,74,50,35,50,35,1,92,92,Golett
751,623,Golurk,Ground,Ghost,483,89,124,80,55,80,55,2.8,330,42.1,Golurk
752,624,Pawniard,Dark,Steel,340,45,85,70,40,40,60,0.5,10.2,40.8,Pawniard
753,625,Bisharp,Dark,Steel,490,65,125,100,60,70,70,1.6,70,27.3,Bisharp
754,626,Bouffalant,Normal,,490,95,110,95,40,95,55,1.6,94.6,37,Bouffalant
755,627,Rufflet,Normal,Flying,350,70,83,50,37,50,60,0.5,10.5,42,Rufflet
756,628,BraviaryHisuian Braviary,Psychic,Flying,510,110,83,70,112,70,65,1.7,43.4,15,Hisuian Braviary
757,628,Braviary,Normal,Flying,510,100,123,75,57,75,80,1.5,41,18.2,Braviary
758,629,Vullaby,Dark,Flying,370,70,55,75,45,65,60,0.5,9,36,Vullaby
759,630,Mandibuzz,Dark,Flying,510,110,65,105,55,95,80,1.2,39.5,27.4,Mandibuzz
760,631,Heatmor,Fire,,484,85,97,66,105,66,65,1.4,58,29.6,Heatmor
761,632,Durant,Bug,Steel,484,58,109,112,48,48,109,0.3,33,366.7,Durant
762,633,Deino,Dark,Dragon,300,52,65,50,45,50,38,0.8,17.3,27,Deino
763,634,Zweilous,Dark,Dragon,420,72,85,70,65,70,58,1.4,50,25.5,Zweilous
764,635,Hydreigon,Dark,Dragon,600,92,105,90,125,90,98,1.8,160,49.4,Hydreigon
765,636,Larvesta,Bug,Fire,360,55,85,55,50,55,60,1.1,28.8,23.8,Larvesta
766,637,Volcarona,Bug,Fire,550,85,60,65,135,105,100,1.6,46,18,Volcarona
767,638,Cobalion,Steel,Fighting,580,91,90,129,90,72,108,2.1,250,56.7,Cobalion
768,639,Terrakion,Rock,Fighting,580,91,129,90,72,90,108,1.9,260,72,Terrakion
769,640,Virizion,Grass,Fighting,580,91,90,72,90,129,108,2,200,50,Virizion
770,641,TornadusIncarnate Forme,Flying,,580,79,115,70,125,80,111,1.5,63,28,TornadusIncarnate Forme
771,641,TornadusTherian Forme,Flying,,580,79,100,80,110,90,121,1.4,63,32.1,TornadusTherian Forme
772,642,ThundurusTherian Forme,Electric,Flying,580,79,105,70,145,80,101,3,61,6.8,ThundurusTherian Forme
773,642,ThundurusIncarnate Forme,Electric,Flying,580,79,115,70,125,80,111,1.5,61,27.1,ThundurusIncarnate Forme
774,643,Reshiram,Dragon,Fire,680,100,120,100,150,120,90,3.2,330,32.2,Reshiram
775,644,Zekrom,Dragon,Electric,680,100,150,120,120,100,90,2.9,345,41,Zekrom
776,645,LandorusIncarnate Forme,Ground,Flying,600,89,125,90,115,80,101,1.5,68,30.2,LandorusIncarnate Forme
777,645,LandorusTherian Forme,Ground,Flying,600,89,145,90,105,80,91,1.3,68,40.2,LandorusTherian Forme
778,646,KyuremWhite Kyurem,Dragon,Ice,700,125,120,90,170,100,95,3.6,325,25.1,White Kyurem
779,646,KyuremBlack Kyurem,Dragon,Ice,700,125,170,100,120,90,95,3.3,325,29.8,Black Kyurem
780,646,Kyurem,Dragon,Ice,660,125,130,90,130,90,95,3,325,36.1,Kyurem
781,647,KeldeoOrdinary Form,Water,Fighting,580,91,72,90,129,90,108,1.4,48.5,24.7,KeldeoOrdinary Form
782,647,KeldeoResolute Form,Water,Fighting,580,91,72,90,129,90,108,1.4,48.5,24.7,KeldeoResolute Form
783,648,MeloettaAria Forme,Normal,Psychic,600,100,77,77,128,128,90,0.6,6.5,18.1,MeloettaAria Forme
784,648,MeloettaPirouette Forme,Normal,Fighting,600,100,128,90,77,77,128,0.6,6.5,18.1,MeloettaPirouette Forme
785,649,Genesect,Bug,Steel,600,71,120,95,120,95,99,1.5,82.5,36.7,Genesect
786,650,Chespin,Grass,,313,56,61,65,48,45,38,0.4,9,56.3,Chespin
787,651,Quilladin,Grass,,405,61,78,95,56,58,57,0.7,29,59.2,Quilladin
788,652,Chesnaught,Grass,Fighting,530,88,107,122,74,75,64,1.6,90,35.2,Chesnaught
789,653,Fennekin,Fire,,307,40,45,40,62,60,60,0.4,9.4,58.8,Fennekin
790,654,Braixen,Fire,,409,59,59,58,90,70,73,1,14.5,14.5,Braixen
791,655,Delphox,Fire,Psychic,534,75,69,72,114,100,104,1.5,39,17.3,Delphox
792,656,Froakie,Water,,314,41,56,40,62,44,71,0.3,7,77.8,Froakie
793,657,Frogadier,Water,,405,54,63,52,83,56,97,0.6,10.9,30.3,Frogadier
794,658,Greninja,Water,Dark,530,72,95,67,103,71,122,1.5,40,17.8,Greninja
795,658,GreninjaAsh-Greninja,Water,Dark,640,72,145,67,153,71,132,1.5,40,17.8,GreninjaAsh-Greninja
796,659,Bunnelby,Normal,,237,38,36,38,32,36,57,0.4,5,31.3,Bunnelby
797,660,Diggersby,Normal,Ground,423,85,56,77,50,77,78,1,42.4,42.4,Diggersby
798,661,Fletchling,Normal,Flying,278,45,50,43,40,38,62,0.3,1.7,18.9,Fletchling
799,662,Fletchinder,Fire,Flying,382,62,73,55,56,52,84,0.7,16,32.7,Fletchinder
800,663,Talonflame,Fire,Flying,499,78,81,71,74,69,126,1.2,24.5,17,Talonflame
801,664,Scatterbug,Bug,,200,38,35,40,27,25,35,0.3,2.5,27.8,Scatterbug
802,665,Spewpa,Bug,,213,45,22,60,27,30,29,0.3,8.4,93.3,Spewpa
803,666,Vivillon,Bug,Flying,411,80,52,50,90,50,89,1.2,17,11.8,Vivillon
804,667,Litleo,Fire,Normal,369,62,50,58,73,54,72,0.6,13.5,37.5,Litleo
805,668,Pyroar,Fire,Normal,507,86,68,72,109,66,106,1.5,81.5,36.2,Pyroar
806,669,FlabÃ©bÃ©,Fairy,,303,44,38,39,61,79,42,0.1,0.1,10,FlabÃ©bÃ©
807,670,Floette,Fairy,,371,54,45,47,75,98,52,0.2,0.9,22.5,Floette
808,671,Florges,Fairy,,552,78,65,68,112,154,75,1.1,10,8.3,Florges
809,672,Skiddo,Grass,,350,66,65,48,62,57,52,0.9,31,38.3,Skiddo
810,673,Gogoat,Grass,,531,123,100,62,97,81,68,1.7,91,31.5,Gogoat
811,674,Pancham,Fighting,,348,67,82,62,46,48,43,0.6,8,22.2,Pancham
812,675,Pangoro,Fighting,Dark,495,95,124,78,69,71,58,2.1,136,30.8,Pangoro
813,676,Furfrou,Normal,,472,75,80,60,65,90,102,1.2,28,19.4,Furfrou
814,677,Espurr,Psychic,,355,62,48,54,63,60,68,0.3,3.5,38.9,Espurr
815,678,MeowsticMale,Psychic,,466,74,48,76,83,81,104,0.6,8.5,23.6,MeowsticMale
816,678,MeowsticFemale,Psychic,,466,74,48,76,83,81,104,0.6,8.5,23.6,MeowsticFemale
817,679,Honedge,Steel,Ghost,325,45,80,100,35,37,28,0.8,2,3.1,Honedge
818,680,Doublade,Steel,Ghost,448,59,110,150,45,49,35,0.8,4.5,7,Doublade
819,681,AegislashShield Forme,Steel,Ghost,500,60,50,140,50,140,60,1.7,53,18.3,AegislashShield Forme
820,681,AegislashBlade Forme,Steel,Ghost,500,60,140,50,140,50,60,1.7,53,18.3,AegislashBlade Forme
821,682,Spritzee,Fairy,,341,78,52,60,63,65,23,0.2,0.5,12.5,Spritzee
822,683,Aromatisse,Fairy,,462,101,72,72,99,89,29,0.8,15.5,24.2,Aromatisse
823,684,Swirlix,Fairy,,341,62,48,66,59,57,49,0.4,3.5,21.9,Swirlix
824,685,Slurpuff,Fairy,,480,82,80,86,85,75,72,0.8,5,7.8,Slurpuff
825,686,Inkay,Dark,Psychic,288,53,54,53,37,46,45,0.4,3.5,21.9,Inkay
826,687,MalamarMega Malamar,Dark,Psychic,582,86,102,88,98,120,88,2.9,69.8,8.3,Mega Malamar
827,687,Malamar,Dark,Psychic,482,86,92,88,68,75,73,1.5,47,20.9,Malamar
828,688,Binacle,Rock,Water,306,42,52,67,39,56,50,0.5,31,124,Binacle
829,689,Barbaracle,Rock,Water,500,72,105,115,54,86,68,1.3,96,56.8,Barbaracle
830,690,Skrelp,Poison,Water,320,50,60,60,60,60,30,0.5,7.3,29.2,Skrelp
831,691,Dragalge,Poison,Dragon,494,65,75,90,97,123,44,1.8,81.5,25.2,Dragalge
832,692,Clauncher,Water,,330,50,53,62,58,63,44,0.5,8.3,33.2,Clauncher
833,693,Clawitzer,Water,,500,71,73,88,120,89,59,1.3,35.3,20.9,Clawitzer
834,694,Helioptile,Electric,Normal,289,44,38,33,61,43,70,0.5,6,24,Helioptile
835,695,Heliolisk,Electric,Normal,481,62,55,52,109,94,109,1,21,21,Heliolisk
836,696,Tyrunt,Rock,Dragon,362,58,89,77,45,45,48,0.8,26,40.6,Tyrunt
837,697,Tyrantrum,Rock,Dragon,521,82,121,119,69,59,71,2.5,270,43.2,Tyrantrum
838,698,Amaura,Rock,Ice,362,77,59,50,67,63,46,1.3,25.2,14.9,Amaura
839,699,Aurorus,Rock,Ice,521,123,77,72,99,92,58,2.7,225,30.9,Aurorus
840,700,Sylveon,Fairy,,525,95,65,65,110,130,60,1,23.5,23.5,Sylveon
841,701,HawluchaMega Hawlucha,Fighting,Flying,600,78,137,100,74,93,118,1,25,25,Mega Hawlucha
842,701,Hawlucha,Fighting,Flying,500,78,92,75,74,63,118,0.8,21.5,33.6,Hawlucha
843,702,Dedenne,Electric,Fairy,431,67,58,57,81,67,101,0.2,2.2,55,Dedenne
844,703,Carbink,Rock,Fairy,500,50,50,150,50,150,50,0.3,5.7,63.3,Carbink
845,704,Goomy,Dragon,,300,45,50,35,55,75,40,0.3,2.8,31.1,Goomy
846,705,Sliggoo,Dragon,,452,68,75,53,83,113,60,0.8,17.5,27.3,Sliggoo
847,705,SliggooHisuian Sliggoo,Steel,Dragon,452,58,75,83,83,113,40,0.7,68.5,139.8,Hisuian Sliggoo
848,706,Goodra,Dragon,,600,90,100,70,110,150,80,2,150.5,37.6,Goodra
849,706,GoodraHisuian Goodra,Steel,Dragon,600,80,100,100,110,150,60,1.7,334.1,115.6,Hisuian Goodra
850,707,Klefki,Steel,Fairy,470,57,80,91,80,87,75,0.2,3,75,Klefki
851,708,Phantump,Ghost,Grass,309,43,70,48,50,60,38,0.4,7,43.8,Phantump
852,709,Trevenant,Ghost,Grass,474,85,110,76,65,82,56,1.5,71,31.6,Trevenant
853,710,PumpkabooSuper Size,Ghost,Grass,335,59,66,70,44,55,41,0.8,15,23.4,PumpkabooSuper Size
854,710,PumpkabooLarge Size,Ghost,Grass,335,54,66,70,44,55,46,0.5,7.5,30,PumpkabooLarge Size
855,710,PumpkabooAverage Size,Ghost,Grass,335,49,66,70,44,55,51,0.4,5,31.3,PumpkabooAverage Size
856,710,PumpkabooSmall Size,Ghost,Grass,335,44,66,70,44,55,56,0.3,3.5,38.9,PumpkabooSmall Size
857,711,GourgeistLarge Size,Ghost,Grass,494,75,95,122,58,75,69,1.1,14,11.6,GourgeistLarge Size
858,711,GourgeistSuper Size,Ghost,Grass,494,85,100,122,58,75,54,1.7,39,13.5,GourgeistSuper Size
859,711,GourgeistAverage Size,Ghost,Grass,494,65,90,122,58,75,84,0.9,12.5,15.4,GourgeistAverage Size
860,711,GourgeistSmall Size,Ghost,Grass,494,55,85,122,58,75,99,0.7,9.5,19.4,GourgeistSmall Size
861,712,Bergmite,Ice,,304,55,69,85,32,35,28,1,99.5,99.5,Bergmite
862,713,Avalugg,Ice,,514,95,117,184,44,46,28,2,505,126.3,Avalugg
863,713,AvaluggHisuian Avalugg,Ice,Rock,514,95,127,184,34,36,38,1.4,262.4,133.9,Hisuian Avalugg
864,714,Noibat,Flying,Dragon,245,40,30,35,45,40,55,0.5,8,32,Noibat
865,715,Noivern,Flying,Dragon,535,85,70,80,97,80,123,1.5,85,37.8,Noivern
866,716,Xerneas,Fairy,,680,126,131,95,131,98,99,3,215,23.9,Xerneas
867,717,Yveltal,Dark,Flying,680,126,131,95,131,98,99,5.8,203,6,Yveltal
868,718,Zygarde50% Forme,Dragon,Ground,600,108,100,121,81,95,95,5,305,12.2,Zygarde50% Forme
869,718,Zygarde10% Forme,Dragon,Ground,486,54,100,71,61,85,115,1.2,33.5,23.3,Zygarde10% Forme
870,718,ZygardeComplete Forme,Dragon,Ground,708,216,100,121,91,95,85,4.5,610,30.1,ZygardeComplete Forme
871,719,Diancie,Rock,Fairy,600,50,100,150,100,150,50,0.7,8.8,18,Diancie
872,719,DiancieMega Diancie,Rock,Fairy,700,50,160,110,160,110,110,1.1,27.8,23,Mega Diancie
873,720,HoopaHoopa Unbound,Psychic,Dark,680,80,160,60,170,130,80,6.5,490,11.6,HoopaHoopa Unbound
874,720,HoopaHoopa Confined,Psychic,Ghost,600,80,110,60,150,130,70,0.5,9,36,HoopaHoopa Confined
875,721,Volcanion,Fire,Water,600,80,110,120,130,90,70,1.7,195,67.5,Volcanion
876,722,Rowlet,Grass,Flying,320,68,55,55,50,50,42,0.3,1.5,16.7,Rowlet
877,723,Dartrix,Grass,Flying,420,78,75,75,70,70,52,0.7,16,32.7,Dartrix
878,724,Decidueye,Grass,Ghost,530,78,107,75,100,100,70,1.6,36.6,14.3,Decidueye
879,724,DecidueyeHisuian Decidueye,Grass,Fighting,530,88,112,80,95,95,60,1.6,37,14.5,Hisuian Decidueye
880,725,Litten,Fire,,320,45,65,40,60,40,70,0.4,4.3,26.9,Litten
881,726,Torracat,Fire,,420,65,85,50,80,50,90,0.7,25,51,Torracat
882,727,Incineroar,Fire,Dark,530,95,115,90,80,90,60,1.8,83,25.6,Incineroar
883,728,Popplio,Water,,320,50,54,54,66,56,40,0.4,7.5,46.9,Popplio
884,729,Brionne,Water,,420,60,69,69,91,81,50,0.6,17.5,48.6,Brionne
885,730,Primarina,Water,Fairy,530,80,74,74,126,116,60,1.8,44,13.6,Primarina
886,731,Pikipek,Normal,Flying,265,35,75,30,30,30,65,0.3,1.2,13.3,Pikipek
887,732,Trumbeak,Normal,Flying,355,55,85,50,40,50,75,0.6,14.8,41.1,Trumbeak
888,733,Toucannon,Normal,Flying,485,80,120,75,75,75,60,1.1,26,21.5,Toucannon
889,734,Yungoos,Normal,,253,48,70,30,30,30,45,0.4,6,37.5,Yungoos
890,735,Gumshoos,Normal,,418,88,110,60,55,60,45,0.7,14.2,29,Gumshoos
891,736,Grubbin,Bug,,300,47,62,45,55,45,46,0.4,4.4,27.5,Grubbin
892,737,Charjabug,Bug,Electric,400,57,82,95,55,75,36,0.5,10.5,42,Charjabug
893,738,Vikavolt,Bug,Electric,500,77,70,90,145,75,43,1.5,45,20,Vikavolt
894,739,Crabrawler,Fighting,,338,47,82,57,42,47,63,0.6,7,19.4,Crabrawler
895,740,Crabominable,Fighting,Ice,478,97,132,77,62,67,43,1.7,180,62.3,Crabominable
896,741,OricorioBaile Style,Fire,Flying,476,75,70,70,98,70,93,0.6,3.4,9.4,OricorioBaile Style
897,741,OricorioPom-Pom Style,Electric,Flying,476,75,70,70,98,70,93,0.6,3.4,9.4,OricorioPom-Pom Style
898,741,OricorioPa'u Style,Psychic,Flying,476,75,70,70,98,70,93,0.6,3.4,9.4,OricorioPa'u Style
899,741,OricorioSensu Style,Ghost,Flying,476,75,70,70,98,70,93,0.6,3.4,9.4,OricorioSensu Style
900,742,Cutiefly,Bug,Fairy,304,40,45,40,55,40,84,0.1,0.2,20,Cutiefly
901,743,Ribombee,Bug,Fairy,464,60,55,60,95,70,124,0.2,0.5,12.5,Ribombee
902,744,Rockruff,Rock,,280,45,65,40,30,40,60,0.5,9.2,36.8,Rockruff
903,744,RockruffOwn Tempo Rockruff,Rock,,280,45,65,40,30,40,60,0.5,9.2,36.8,RockruffOwn Tempo Rockruff
904,745,LycanrocMidnight Form,Rock,,487,85,115,75,55,75,82,1.1,25,20.7,LycanrocMidnight Form
905,745,LycanrocMidday Form,Rock,,487,75,115,65,55,65,112,0.8,25,39.1,LycanrocMidday Form
906,745,LycanrocDusk Form,Rock,,487,75,117,65,55,65,110,0.8,25,39.1,LycanrocDusk Form
907,746,WishiwashiSchool Form,Water,,620,45,140,130,140,135,30,8.2,78.6,1.2,WishiwashiSchool Form
908,746,WishiwashiSolo Form,Water,,175,45,20,20,25,25,40,0.2,0.3,7.5,WishiwashiSolo Form
909,747,Mareanie,Poison,Water,305,50,53,62,43,52,45,0.4,8,50,Mareanie
910,748,Toxapex,Poison,Water,495,50,63,152,53,142,35,0.7,14.5,29.6,Toxapex
911,749,Mudbray,Ground,,385,70,100,70,45,55,45,1,110,110,Mudbray
912,750,Mudsdale,Ground,,500,100,125,100,55,85,35,2.5,920,147.2,Mudsdale
913,751,Dewpider,Water,Bug,269,38,40,52,40,72,27,0.3,4,44.4,Dewpider
914,752,Araquanid,Water,Bug,454,68,70,92,50,132,42,1.8,82,25.3,Araquanid
915,753,Fomantis,Grass,,250,40,55,35,50,35,35,0.3,1.5,16.7,Fomantis
916,754,Lurantis,Grass,,480,70,105,90,80,90,45,0.9,18.5,22.8,Lurantis
917,755,Morelull,Grass,Fairy,285,40,35,55,65,75,15,0.2,1.5,37.5,Morelull
918,756,Shiinotic,Grass,Fairy,405,60,45,80,90,100,30,1,11.5,11.5,Shiinotic
919,757,Salandit,Poison,Fire,320,48,44,40,71,40,77,0.6,4.8,13.3,Salandit
920,758,Salazzle,Poison,Fire,480,68,64,60,111,60,117,1.2,22.2,15.4,Salazzle
921,759,Stufful,Normal,Fighting,340,70,75,50,45,50,50,0.5,6.8,27.2,Stufful
922,760,Bewear,Normal,Fighting,500,120,125,80,55,60,60,2.1,135,30.6,Bewear
923,761,Bounsweet,Grass,,210,42,30,38,30,38,32,0.3,3.2,35.6,Bounsweet
924,762,Steenee,Grass,,290,52,40,48,40,48,62,0.7,8.2,16.7,Steenee
925,763,Tsareena,Grass,,510,72,120,98,50,98,72,1.2,21.4,14.9,Tsareena
926,764,Comfey,Fairy,,485,51,52,90,82,110,100,0.1,0.3,30,Comfey
927,765,Oranguru,Normal,Psychic,490,90,60,80,90,110,60,1.5,76,33.8,Oranguru
928,766,Passimian,Fighting,,490,100,120,90,40,60,80,2,82.8,20.7,Passimian
929,767,Wimpod,Bug,Water,230,25,35,40,20,30,80,0.5,12,48,Wimpod
930,768,Golisopod,Bug,Water,530,75,125,140,60,90,40,2,108,27,Golisopod
931,769,Sandygast,Ghost,Ground,320,55,55,80,70,45,15,0.5,70,280,Sandygast
932,770,Palossand,Ghost,Ground,480,85,75,110,100,75,35,1.3,250,147.9,Palossand
933,771,Pyukumuku,Water,,410,55,60,130,30,130,5,0.3,1.2,13.3,Pyukumuku
934,772,Type: Null,Normal,,534,95,95,95,95,95,59,1.9,120.5,33.4,Type: Null
935,773,Silvally,Normal,,570,95,95,95,95,95,95,2.3,100.5,19,Silvally
936,774,MiniorCore Form,Rock,Flying,500,60,100,60,100,60,120,0.3,0.3,3.3,MiniorCore Form
937,774,MiniorMeteor Form,Rock,Flying,440,60,60,100,60,100,60,0.3,40,444.4,MiniorMeteor Form
938,775,Komala,Normal,,480,65,115,65,75,95,65,0.4,19.9,124.4,Komala
939,776,Turtonator,Fire,Dragon,485,60,78,135,91,85,36,2,212,53,Turtonator
940,777,Togedemaru,Electric,Steel,435,65,98,63,40,73,96,0.3,3.3,36.7,Togedemaru
941,778,Mimikyu,Ghost,Fairy,476,55,90,80,50,105,96,0.2,0.7,17.5,Mimikyu
942,779,Bruxish,Water,Psychic,475,68,105,70,70,70,92,0.9,19,23.5,Bruxish
943,780,Drampa,Normal,Dragon,485,78,60,85,135,91,36,3,185,20.6,Drampa
944,781,Dhelmise,Ghost,Grass,517,70,131,100,86,90,40,3.9,210,13.8,Dhelmise
945,782,Jangmo-o,Dragon,,300,45,55,65,45,45,45,0.6,29.7,82.5,Jangmo-o
946,783,Hakamo-o,Dragon,Fighting,420,55,75,90,65,70,65,1.2,47,32.6,Hakamo-o
947,784,Kommo-o,Dragon,Fighting,600,75,110,125,100,105,85,1.6,78.2,30.5,Kommo-o
948,785,Tapu Koko,Electric,Fairy,570,70,115,85,95,75,130,1.8,20.5,6.3,Tapu Koko
949,786,Tapu Lele,Psychic,Fairy,570,70,85,75,130,115,95,1.2,18.6,12.9,Tapu Lele
950,787,Tapu Bulu,Grass,Fairy,570,70,130,115,85,95,75,1.9,45.5,12.6,Tapu Bulu
951,788,Tapu Fini,Water,Fairy,570,70,75,115,95,130,85,1.3,21.2,12.5,Tapu Fini
952,789,Cosmog,Psychic,,200,43,29,31,29,31,37,0.2,0.1,2.5,Cosmog
953,790,Cosmoem,Psychic,,400,43,29,131,29,131,37,0.1,999.9,"99,990.00",Cosmoem
954,791,Solgaleo,Psychic,Steel,680,137,137,107,113,89,97,3.4,230,19.9,Solgaleo
955,792,Lunala,Psychic,Ghost,680,137,113,89,137,107,97,4,120,7.5,Lunala
956,793,Nihilego,Rock,Poison,570,109,53,47,127,131,103,1.2,55.5,38.5,Nihilego
957,794,Buzzwole,Bug,Fighting,570,107,139,139,53,53,79,2.4,333.6,57.9,Buzzwole
958,795,Pheromosa,Bug,Fighting,570,71,137,37,137,37,151,1.8,25,7.7,Pheromosa
959,796,Xurkitree,Electric,,570,83,89,71,173,71,83,3.8,100,6.9,Xurkitree
960,797,Celesteela,Steel,Flying,570,97,101,103,107,101,61,9.2,999.9,11.8,Celesteela
961,798,Kartana,Grass,Steel,570,59,181,131,59,31,109,0.3,0.1,1.1,Kartana
962,799,Guzzlord,Dark,Dragon,570,223,101,53,97,53,43,5.5,888,29.4,Guzzlord
963,800,NecrozmaUltra Necrozma,Psychic,Dragon,754,97,167,97,167,97,129,7.5,230,4.1,Ultra Necrozma
964,800,NecrozmaDawn Wings Necrozma,Psychic,Ghost,680,97,113,109,157,127,77,4.2,350,19.8,NecrozmaDawn Wings Necrozma
965,800,NecrozmaDusk Mane Necrozma,Psychic,Steel,680,97,157,127,113,109,77,3.8,460,31.9,NecrozmaDusk Mane Necrozma
966,800,Necrozma,Psychic,,600,97,107,101,127,89,79,2.4,230,39.9,Necrozma
967,801,Magearna,Steel,Fairy,600,80,95,115,130,115,65,1,80.5,80.5,Magearna
968,802,Marshadow,Fighting,Ghost,600,90,125,80,90,90,125,0.7,22.2,45.3,Marshadow
969,803,Poipole,Poison,,420,67,73,67,73,67,73,0.6,1.8,5,Poipole
970,804,Naganadel,Poison,Dragon,540,73,73,73,127,73,121,3.6,150,11.6,Naganadel
971,805,Stakataka,Rock,Steel,570,61,131,211,53,101,13,5.5,820,27.1,Stakataka
972,806,Blacephalon,Fire,Ghost,570,53,127,53,151,79,107,1.8,13,4,Blacephalon
973,807,Zeraora,Electric,,600,88,112,75,102,80,143,1.5,44.5,19.8,Zeraora
974,808,Meltan,Steel,,300,46,65,65,55,35,34,0.2,8,200,Meltan
975,809,Melmetal,Steel,,600,135,143,143,80,65,34,2.5,800,128,Melmetal
976,810,Grookey,Grass,,310,50,65,50,40,40,65,0.3,5,55.6,Grookey
977,811,Thwackey,Grass,,420,70,85,70,55,60,80,0.7,14,28.6,Thwackey
978,812,Rillaboom,Grass,,530,100,125,90,60,70,85,2.1,90,20.4,Rillaboom
979,813,Scorbunny,Fire,,310,50,71,40,40,40,69,0.3,4.5,50,Scorbunny
980,814,Raboot,Fire,,420,65,86,60,55,60,94,0.6,9,25,Raboot
981,815,Cinderace,Fire,,530,80,116,75,65,75,119,1.4,33,16.8,Cinderace
982,816,Sobble,Water,,310,50,40,40,70,40,70,0.3,4,44.4,Sobble
983,817,Drizzile,Water,,420,65,60,55,95,55,90,0.7,11.5,23.5,Drizzile
984,818,Inteleon,Water,,530,70,85,65,125,65,120,1.9,45.2,12.5,Inteleon
985,819,Skwovet,Normal,,275,70,55,55,35,35,25,0.3,2.5,27.8,Skwovet
986,820,Greedent,Normal,,460,120,95,95,55,75,20,0.6,6,16.7,Greedent
987,821,Rookidee,Flying,,245,38,47,35,33,35,57,0.2,1.8,45,Rookidee
988,822,Corvisquire,Flying,,365,68,67,55,43,55,77,0.8,16,25,Corvisquire
989,823,Corviknight,Flying,Steel,495,98,87,105,53,85,67,2.2,75,15.5,Corviknight
990,824,Blipbug,Bug,,180,25,20,20,25,45,45,0.4,8,50,Blipbug
991,825,Dottler,Bug,Psychic,335,50,35,80,50,90,30,0.4,19.5,121.9,Dottler
992,826,Orbeetle,Bug,Psychic,505,60,45,110,80,120,90,0.4,40.8,255,Orbeetle
993,827,Nickit,Dark,,245,40,28,28,47,52,50,0.6,8.9,24.7,Nickit
994,828,Thievul,Dark,,455,70,58,58,87,92,90,1.2,19.9,13.8,Thievul
995,829,Gossifleur,Grass,,250,40,40,60,40,60,10,0.4,2.2,13.8,Gossifleur
996,830,Eldegoss,Grass,,460,60,50,90,80,120,60,0.5,2.5,10,Eldegoss
997,831,Wooloo,Normal,,270,42,40,55,40,45,48,0.6,6,16.7,Wooloo
998,832,Dubwool,Normal,,490,72,80,100,60,90,88,1.3,43,25.4,Dubwool
999,833,Chewtle,Water,,284,50,64,50,38,38,44,0.3,8.5,94.4,Chewtle
1000,834,Drednaw,Water,Rock,485,90,115,90,48,68,74,1,115.5,115.5,Drednaw
1001,835,Yamper,Electric,,270,59,45,50,40,50,26,0.3,13.5,150,Yamper
1002,836,Boltund,Electric,,490,69,90,60,90,60,121,1,34,34,Boltund
1003,837,Rolycoly,Rock,,240,30,40,50,40,50,30,0.3,12,133.3,Rolycoly
1004,838,Carkol,Rock,Fire,410,80,60,90,60,70,50,1.1,78,64.5,Carkol
1005,839,Coalossal,Rock,Fire,510,110,80,120,80,90,30,2.8,310.5,39.6,Coalossal
1006,840,Applin,Grass,Dragon,260,40,40,80,40,40,20,0.2,0.5,12.5,Applin
1007,841,Flapple,Grass,Dragon,485,70,110,80,95,60,70,0.3,1,11.1,Flapple
1008,842,Appletun,Grass,Dragon,485,110,85,80,100,80,30,0.4,13,81.3,Appletun
1009,843,Silicobra,Ground,,315,52,57,75,35,50,46,2.2,7.6,1.6,Silicobra
1010,844,Sandaconda,Ground,,510,72,107,125,65,70,71,3.8,65.5,4.5,Sandaconda
1011,845,Cramorant,Flying,Water,475,70,85,55,85,95,85,0.8,18,28.1,Cramorant
1012,846,Arrokuda,Water,,280,41,63,40,40,30,66,0.5,1,4,Arrokuda
1013,847,Barraskewda,Water,,490,61,123,60,60,50,136,1.3,30,17.8,Barraskewda
1014,848,Toxel,Electric,Poison,242,40,38,35,54,35,40,0.4,11,68.8,Toxel
1015,849,ToxtricityAmped Form,Electric,Poison,502,75,98,70,114,70,75,1.6,40,15.6,ToxtricityAmped Form
1016,849,ToxtricityLow Key Form,Electric,Poison,502,75,98,70,114,70,75,1.6,40,15.6,ToxtricityLow Key Form
1017,850,Sizzlipede,Fire,Bug,305,50,65,45,50,50,45,0.7,1,2,Sizzlipede
1018,851,Centiskorch,Fire,Bug,525,100,115,65,90,90,65,3,120,13.3,Centiskorch
1019,852,Clobbopus,Fighting,,310,50,68,60,50,50,32,0.6,4,11.1,Clobbopus
1020,853,Grapploct,Fighting,,480,80,118,90,70,80,42,1.6,39,15.2,Grapploct
1021,854,Sinistea,Ghost,,308,40,45,45,74,54,50,0.1,0.2,20,Sinistea
1022,855,Polteageist,Ghost,,508,60,65,65,134,114,70,0.2,0.4,10,Polteageist
1023,856,Hatenna,Psychic,,265,42,30,45,56,53,39,0.4,3.4,21.3,Hatenna
1024,857,Hattrem,Psychic,,370,57,40,65,86,73,49,0.6,4.8,13.3,Hattrem
1025,858,Hatterene,Psychic,Fairy,510,57,90,95,136,103,29,2.1,5.1,1.2,Hatterene
1026,859,Impidimp,Dark,Fairy,265,45,45,30,55,40,50,0.4,5.5,34.4,Impidimp
1027,860,Morgrem,Dark,Fairy,370,65,60,45,75,55,70,0.8,12.5,19.5,Morgrem
1028,861,Grimmsnarl,Dark,Fairy,510,95,120,65,95,75,60,1.5,61,27.1,Grimmsnarl
1029,862,Obstagoon,Dark,Normal,520,93,90,101,60,81,95,1.6,46,18,Obstagoon
1030,863,Perrserker,Steel,,440,70,110,100,50,60,50,0.8,28,43.8,Perrserker
1031,864,Cursola,Ghost,,510,60,95,50,145,130,30,1,0.4,0.4,Cursola
1032,865,Sirfetch'd,Fighting,,507,62,135,95,68,82,65,0.8,117,182.8,Sirfetch'd
1033,866,Mr. Rime,Ice,Psychic,520,80,85,75,110,100,70,1.5,58.2,25.9,Mr. Rime
1034,867,Runerigus,Ground,Ghost,483,58,95,145,50,105,30,1.6,66.6,26,Runerigus
1035,868,Milcery,Fairy,,270,45,40,40,50,61,34,0.2,0.3,7.5,Milcery
1036,869,Alcremie,Fairy,,495,65,60,75,110,121,64,0.3,0.5,5.6,Alcremie
1037,870,Falinks,Fighting,,470,65,100,100,70,60,75,3,62,6.9,Falinks
1038,871,Pincurchin,Electric,,435,48,101,95,91,85,15,0.3,1,11.1,Pincurchin
1039,872,Snom,Ice,Bug,185,30,25,35,45,30,20,0.3,3.8,42.2,Snom
1040,873,Frosmoth,Ice,Bug,475,70,65,60,125,90,65,1.3,42,24.9,Frosmoth
1041,874,Stonjourner,Rock,,470,100,125,135,20,20,70,2.5,520,83.2,Stonjourner
1042,875,EiscueIce Face,Ice,,470,75,80,110,65,90,50,1.4,89,45.4,EiscueIce Face
1043,875,EiscueNoice Face,Ice,,470,75,80,70,65,50,130,1.4,89,45.4,EiscueNoice Face
1044,876,IndeedeeMale,Psychic,Normal,475,60,65,55,105,95,95,0.9,28,34.6,IndeedeeMale
1045,876,IndeedeeFemale,Psychic,Normal,475,70,55,65,95,105,85,0.9,28,34.6,IndeedeeFemale
1046,877,MorpekoFull Belly Mode,Electric,Dark,436,58,95,58,70,58,97,0.3,3,33.3,MorpekoFull Belly Mode
1047,877,MorpekoHangry Mode,Electric,Dark,436,58,95,58,70,58,97,0.3,3,33.3,MorpekoHangry Mode
1048,878,Cufant,Steel,,330,72,80,49,40,49,40,1.2,100,69.4,Cufant
1049,879,Copperajah,Steel,,500,122,130,69,80,69,30,3,650,72.2,Copperajah
1050,880,Dracozolt,Electric,Dragon,505,90,100,90,80,70,75,1.8,190,58.6,Dracozolt
1051,881,Arctozolt,Electric,Ice,505,90,100,90,90,80,55,2.3,150,28.4,Arctozolt
1052,882,Dracovish,Water,Dragon,505,90,90,100,70,80,75,2.3,215,40.6,Dracovish
1053,883,Arctovish,Water,Ice,505,90,90,100,80,90,55,2,175,43.8,Arctovish
1054,884,Duraludon,Steel,Dragon,535,70,95,115,120,50,85,1.8,40,12.3,Duraludon
1055,885,Dreepy,Dragon,Ghost,270,28,60,30,40,30,82,0.5,2,8,Dreepy
1056,886,Drakloak,Dragon,Ghost,410,68,80,50,60,50,102,1.4,11,5.6,Drakloak
1057,887,Dragapult,Dragon,Ghost,600,88,120,75,100,75,142,3,50,5.6,Dragapult
1058,888,ZacianHero of Many Battles,Fairy,,660,92,120,115,80,115,138,2.8,110,14,ZacianHero of Many Battles
1059,888,ZacianCrowned Sword,Fairy,Steel,700,92,150,115,80,115,148,2.8,355,45.3,ZacianCrowned Sword
1060,889,ZamazentaHero of Many Battles,Fighting,,660,92,120,115,80,115,138,2.9,210,25,ZamazentaHero of Many Battles
1061,889,ZamazentaCrowned Shield,Fighting,Steel,700,92,120,140,80,140,128,2.9,785,93.3,ZamazentaCrowned Shield
1062,890,Eternatus,Poison,Dragon,690,140,85,95,145,95,130,20,950,2.4,Eternatus
1063,891,Kubfu,Fighting,,385,60,90,60,53,50,72,0.6,12,33.3,Kubfu
1064,892,UrshifuSingle Strike Style,Fighting,Dark,550,100,130,100,63,60,97,1.9,105,29.1,UrshifuSingle Strike Style
1065,892,UrshifuRapid Strike Style,Fighting,Water,550,100,130,100,63,60,97,1.9,105,29.1,UrshifuRapid Strike Style
1066,893,Zarude,Dark,Grass,600,105,120,105,70,95,105,1.8,70,21.6,Zarude
1067,894,Regieleki,Electric,,580,80,100,50,100,50,200,1.2,145,100.7,Regieleki
1068,895,Regidrago,Dragon,,580,200,100,50,100,50,80,2.1,200,45.4,Regidrago
1069,896,Glastrier,Ice,,580,100,145,130,65,110,30,2.2,800,165.3,Glastrier
1070,897,Spectrier,Ghost,,580,100,65,60,145,80,130,2,44.5,11.1,Spectrier
1071,898,Calyrex,Psychic,Grass,500,100,80,80,80,80,80,1.1,7.7,6.4,Calyrex
1072,898,CalyrexShadow Rider,Psychic,Ghost,680,100,85,80,165,100,150,2.4,53.6,9.3,CalyrexShadow Rider
1073,898,CalyrexIce Rider,Psychic,Ice,680,100,165,150,85,130,50,2.4,809.1,140.5,CalyrexIce Rider
1074,899,Wyrdeer,Normal,Psychic,525,103,105,72,105,75,65,1.8,95.1,29.4,Wyrdeer
1075,900,Kleavor,Bug,Rock,500,70,135,95,45,70,85,1.8,89,27.5,Kleavor
1076,901,UrsalunaBloodmoon,Ground,Normal,555,113,70,120,135,65,52,2.7,333,45.7,UrsalunaBloodmoon
1077,901,Ursaluna,Ground,Normal,550,130,140,105,45,80,50,2.4,290,50.3,Ursaluna
1078,902,BasculegionMale,Water,Ghost,530,120,112,65,80,75,78,3,110,12.2,BasculegionMale
1079,902,BasculegionFemale,Water,Ghost,530,120,92,65,100,75,78,3,110,12.2,BasculegionFemale
1080,903,Sneasler,Fighting,Poison,510,80,130,60,40,80,120,1.3,43,25.4,Sneasler
1081,904,Overqwil,Dark,Poison,510,85,115,95,65,65,85,2.5,60.5,9.7,Overqwil
1082,905,EnamorusIncarnate Forme,Fairy,Flying,580,74,115,70,135,80,106,1.6,48,18.8,EnamorusIncarnate Forme
1083,905,EnamorusTherian Forme,Fairy,Flying,580,74,115,110,135,100,46,1.6,48,18.8,EnamorusTherian Forme
1084,906,Sprigatito,Grass,,310,40,61,54,45,45,65,0.4,4.1,25.6,Sprigatito
1085,907,Floragato,Grass,,410,61,80,63,60,63,83,0.9,12.2,15.1,Floragato
1086,908,Meowscarada,Grass,Dark,530,76,110,70,81,70,123,1.5,31.2,13.9,Meowscarada
1087,909,Fuecoco,Fire,,310,67,45,59,63,40,36,0.4,9.8,61.3,Fuecoco
1088,910,Crocalor,Fire,,411,81,55,78,90,58,49,1,30.7,30.7,Crocalor
1089,911,Skeledirge,Fire,Ghost,530,104,75,100,110,75,66,1.6,326.5,127.5,Skeledirge
1090,912,Quaxly,Water,,310,55,65,45,50,45,50,0.5,6.1,24.4,Quaxly
1091,913,Quaxwell,Water,,410,70,85,65,65,60,65,1.2,21.5,14.9,Quaxwell
1092,914,Quaquaval,Water,Fighting,530,85,120,80,85,75,85,1.8,61.9,19.1,Quaquaval
1093,915,Lechonk,Normal,,254,54,45,40,35,45,35,0.5,10.2,40.8,Lechonk
1094,916,OinkologneMale,Normal,,489,110,100,75,59,80,65,1,120,120,OinkologneMale
1095,916,OinkologneFemale,Normal,,489,115,90,70,59,90,65,1,120,120,OinkologneFemale
1096,917,Tarountula,Bug,,210,35,41,45,29,40,20,0.3,4,44.4,Tarountula
1097,918,Spidops,Bug,,404,60,79,92,52,86,35,1,16.5,16.5,Spidops
1098,919,Nymble,Bug,,210,33,46,40,21,25,45,0.2,1,25,Nymble
1099,920,Lokix,Bug,Dark,450,71,102,78,52,55,92,1,17.5,17.5,Lokix
1100,921,Pawmi,Electric,,240,45,50,20,40,25,60,0.3,2.5,27.8,Pawmi
1101,922,Pawmo,Electric,Fighting,350,60,75,40,50,40,85,0.4,6.5,40.6,Pawmo
1102,923,Pawmot,Electric,Fighting,490,70,115,70,70,60,105,0.9,41,50.6,Pawmot
1103,924,Tandemaus,Normal,,305,50,50,45,40,45,75,0.3,1.8,20,Tandemaus
1104,925,MausholdFamily of Three,Normal,,470,74,75,70,65,75,111,0.3,2.3,25.6,MausholdFamily of Three
1105,925,MausholdFamily of Four,Normal,,470,74,75,70,65,75,111,0.3,2.8,31.1,MausholdFamily of Four
1106,926,Fidough,Fairy,,312,37,55,70,30,55,65,0.3,10.9,121.1,Fidough
1107,927,Dachsbun,Fairy,,477,57,80,115,50,80,95,0.5,14.9,59.6,Dachsbun
1108,928,Smoliv,Grass,Normal,260,41,35,45,58,51,30,0.3,6.5,72.2,Smoliv
1109,929,Dolliv,Grass,Normal,354,52,53,60,78,78,33,0.6,11.9,33.1,Dolliv
1110,930,Arboliva,Grass,Normal,510,78,69,90,125,109,39,1.4,48.2,24.6,Arboliva
1111,931,SquawkabillyGreen Plumage,Normal,Flying,417,82,96,51,45,51,92,0.6,2.4,6.7,SquawkabillyGreen Plumage
1112,931,SquawkabillyBlue Plumage,Normal,Flying,417,82,96,51,45,51,92,0.6,2.4,6.7,SquawkabillyBlue Plumage
1113,931,SquawkabillyYellow Plumage,Normal,Flying,417,82,96,51,45,51,92,0.6,2.4,6.7,SquawkabillyYellow Plumage
1114,931,SquawkabillyWhite Plumage,Normal,Flying,417,82,96,51,45,51,92,0.6,2.4,6.7,SquawkabillyWhite Plumage
1115,932,Nacli,Rock,,280,55,55,75,35,35,25,0.4,16,100,Nacli
1116,933,Naclstack,Rock,,355,60,60,100,35,65,35,0.6,105,291.7,Naclstack
1117,934,Garganacl,Rock,,500,100,100,130,45,90,35,2.3,240,45.4,Garganacl
1118,935,Charcadet,Fire,,255,40,50,40,50,40,35,0.6,10.5,29.2,Charcadet
1119,936,Armarouge,Fire,Psychic,525,85,60,100,125,80,75,1.5,85,37.8,Armarouge
1120,937,Ceruledge,Fire,Ghost,525,75,125,80,60,100,85,1.6,62,24.2,Ceruledge
1121,938,Tadbulb,Electric,,272,61,31,41,59,35,45,0.3,0.4,4.4,Tadbulb
1122,939,Bellibolt,Electric,,495,109,64,91,103,83,45,1.2,113,78.5,Bellibolt
1123,940,Wattrel,Electric,Flying,280,40,40,35,55,40,70,0.4,3.6,22.5,Wattrel
1124,941,Kilowattrel,Electric,Flying,490,70,70,60,105,60,125,1.4,38.6,19.7,Kilowattrel
1125,942,Maschiff,Dark,,340,60,78,60,40,51,51,0.5,16,64,Maschiff
1126,943,Mabosstiff,Dark,,505,80,120,90,60,70,85,1.1,61,50.4,Mabosstiff
1127,944,Shroodle,Poison,Normal,290,40,65,35,40,35,75,0.2,0.7,17.5,Shroodle
1128,945,Grafaiai,Poison,Normal,485,63,95,65,80,72,110,0.7,27.2,55.5,Grafaiai
1129,946,Bramblin,Grass,Ghost,275,40,65,30,45,35,60,0.6,0.6,1.7,Bramblin
1130,947,Brambleghast,Grass,Ghost,480,55,115,70,80,70,90,1.2,6,4.2,Brambleghast
1131,948,Toedscool,Ground,Grass,335,40,40,35,50,100,70,0.9,33,40.7,Toedscool
1132,949,Toedscruel,Ground,Grass,515,80,70,65,80,120,100,1.9,58,16.1,Toedscruel
1133,950,Klawf,Rock,,450,70,100,115,35,55,75,1.3,79,46.7,Klawf
1134,951,Capsakid,Grass,,304,50,62,40,62,40,50,0.3,3,33.3,Capsakid
1135,952,Scovillain,Grass,Fire,486,65,108,65,108,65,75,0.9,15,18.5,Scovillain
1136,953,Rellor,Bug,,270,41,50,60,31,58,30,0.2,1,25,Rellor
1137,954,Rabsca,Bug,Psychic,470,75,50,85,115,100,45,0.3,3.5,38.9,Rabsca
1138,955,Flittle,Psychic,,255,30,35,30,55,30,75,0.2,1.5,37.5,Flittle
1139,956,Espathra,Psychic,,481,95,60,60,101,60,105,1.9,90,24.9,Espathra
1140,957,Tinkatink,Fairy,Steel,297,50,45,45,35,64,58,0.4,8.9,55.6,Tinkatink
1141,958,Tinkatuff,Fairy,Steel,380,65,55,55,45,82,78,0.7,59.1,120.6,Tinkatuff
1142,959,Tinkaton,Fairy,Steel,506,85,75,77,70,105,94,0.7,112.8,230.2,Tinkaton
1143,960,Wiglett,Water,,245,10,55,25,35,25,95,1.2,1.8,1.3,Wiglett
1144,961,Wugtrio,Water,,425,35,100,50,50,70,120,1.2,5.4,3.8,Wugtrio
1145,962,Bombirdier,Flying,Dark,485,70,103,85,60,85,82,1.5,42.9,19.1,Bombirdier
1146,963,Finizen,Water,,315,70,45,40,45,40,75,1.3,60.2,35.6,Finizen
1147,964,PalafinHero Form,Water,,650,100,160,97,106,87,100,1.8,97.4,30.1,PalafinHero Form
1148,964,PalafinZero Form,Water,,457,100,70,72,53,62,100,1.3,60.2,35.6,PalafinZero Form
1149,965,Varoom,Steel,Poison,300,45,70,63,30,45,47,1,35,35,Varoom
1150,966,Revavroom,Steel,Poison,500,80,119,90,54,67,90,1.8,120,37,Revavroom
1151,967,Cyclizar,Dragon,Normal,501,70,95,65,85,65,121,1.6,63,24.6,Cyclizar
1152,968,Orthworm,Steel,,480,70,85,145,60,55,65,2.5,310,49.6,Orthworm
1153,969,Glimmet,Rock,Poison,350,48,35,42,105,60,60,0.7,8,16.3,Glimmet
1154,970,Glimmora,Rock,Poison,525,83,55,90,130,81,86,1.5,45,20,Glimmora
1155,971,Greavard,Ghost,,290,50,61,60,30,55,34,0.6,35,97.2,Greavard
1156,972,Houndstone,Ghost,,488,72,101,100,50,97,68,2,15,3.8,Houndstone
1157,973,Flamigo,Flying,Fighting,500,82,115,74,75,64,90,1.6,37,14.5,Flamigo
1158,974,Cetoddle,Ice,,334,108,68,45,30,40,43,1.2,45,31.3,Cetoddle
1159,975,Cetitan,Ice,,521,170,113,65,45,55,73,4.5,700,34.6,Cetitan
1160,976,Veluza,Water,Psychic,478,90,102,73,78,65,70,2.5,90,14.4,Veluza
1161,977,Dondozo,Water,,530,150,100,115,65,65,35,12,220,1.5,Dondozo
1162,978,TatsugiriCurly Form,Dragon,Water,475,68,50,60,120,95,82,0.3,8,88.9,TatsugiriCurly Form
1163,978,TatsugiriDroopy Form,Dragon,Water,475,68,50,60,120,95,82,0.3,8,88.9,TatsugiriDroopy Form
1164,978,TatsugiriStretchy Form,Dragon,Water,475,68,50,60,120,95,82,0.3,8,88.9,TatsugiriStretchy Form
1165,979,Annihilape,Fighting,Ghost,535,110,115,80,50,90,90,1.2,56,38.9,Annihilape
1166,980,Clodsire,Poison,Ground,430,130,75,60,45,100,20,1.8,223,68.8,Clodsire
1167,981,Farigiraf,Normal,Psychic,520,120,90,70,110,70,60,3.2,160,15.6,Farigiraf
1168,982,DudunsparceThree-Segment Form,Normal,,520,125,100,80,85,75,55,4.5,47.4,2.3,DudunsparceThree-Segment Form
1169,982,DudunsparceTwo-Segment Form,Normal,,520,125,100,80,85,75,55,3.6,39.2,3,DudunsparceTwo-Segment Form
1170,983,Kingambit,Dark,Steel,550,100,135,120,60,85,50,2,120,30,Kingambit
1171,984,Great Tusk,Ground,Fighting,570,115,131,131,53,53,87,2.2,320,66.1,Great Tusk
1172,985,Scream Tail,Fairy,Psychic,570,115,65,99,65,115,111,1.2,8,5.6,Scream Tail
1173,986,Brute Bonnet,Grass,Dark,570,111,127,99,79,99,55,1.2,21,14.6,Brute Bonnet
1174,987,Flutter Mane,Ghost,Fairy,570,55,55,55,135,135,135,1.4,4,2,Flutter Mane
1175,988,Slither Wing,Bug,Fighting,570,85,135,79,85,105,81,3.2,92,9,Slither Wing
1176,989,Sandy Shocks,Electric,Ground,570,85,81,97,121,85,101,2.3,60,11.3,Sandy Shocks
1177,990,Iron Treads,Ground,Steel,570,90,112,120,72,70,106,0.9,240,296.3,Iron Treads
1178,991,Iron Bundle,Ice,Water,570,56,80,114,124,60,136,0.6,11,30.6,Iron Bundle
1179,992,Iron Hands,Fighting,Electric,570,154,140,108,50,68,50,1.8,380.7,117.5,Iron Hands
1180,993,Iron Jugulis,Dark,Flying,570,94,80,86,122,80,108,1.3,111,65.7,Iron Jugulis
1181,994,Iron Moth,Fire,Poison,570,80,70,60,140,110,110,1.2,36,25,Iron Moth
1182,995,Iron Thorns,Rock,Electric,570,100,134,110,70,84,72,1.6,303,118.4,Iron Thorns
1183,996,Frigibax,Dragon,Ice,320,65,75,45,35,45,55,0.5,17,68,Frigibax
1184,997,Arctibax,Dragon,Ice,423,90,95,66,45,65,62,0.8,30,46.9,Arctibax
1185,998,Baxcalibur,Dragon,Ice,600,115,145,92,75,86,87,2.1,210,47.6,Baxcalibur
1186,999,GimmighoulRoaming Form,Ghost,,300,45,30,25,75,45,80,0.1,0.1,10,GimmighoulRoaming Form
1187,999,GimmighoulChest Form,Ghost,,300,45,30,70,75,70,10,0.3,5,55.6,GimmighoulChest Form
1188,1000,Gholdengo,Steel,Ghost,550,87,60,95,133,91,84,1.2,30,20.8,Gholdengo
1189,1001,Wo-Chien,Dark,Grass,570,85,85,100,95,135,70,1.5,74.2,33,Wo-Chien
1190,1002,Chien-Pao,Dark,Ice,570,80,120,80,90,65,135,1.9,152.2,42.2,Chien-Pao
1191,1003,Ting-Lu,Dark,Ground,570,155,110,125,55,80,45,2.7,699.7,96,Ting-Lu
1192,1004,Chi-Yu,Dark,Fire,570,55,80,80,135,120,100,0.4,4.9,30.6,Chi-Yu
1193,1005,Roaring Moon,Dragon,Dark,590,105,139,71,55,101,119,2,380,95,Roaring Moon
1194,1006,Iron Valiant,Fairy,Fighting,590,74,130,90,120,60,116,1.4,35,17.9,Iron Valiant
1195,1007,Koraidon,Fighting,Dragon,670,100,135,115,85,100,135,2.5,303,48.5,Koraidon
1196,1008,Miraidon,Electric,Dragon,670,100,85,100,135,115,135,3.5,240,19.6,Miraidon
1197,1009,Walking Wake,Water,Dragon,590,99,83,91,125,83,109,3.5,280,22.9,Walking Wake
1198,1010,Iron Leaves,Grass,Psychic,590,90,130,88,70,108,104,1.5,125,55.6,Iron Leaves
1199,1011,Dipplin,Grass,Dragon,485,80,80,110,95,80,40,0.4,4.4,27.5,Dipplin
1200,1012,Poltchageist,Grass,Ghost,308,40,45,45,74,54,50,0.1,1.1,110,Poltchageist
1201,1013,Sinistcha,Grass,Ghost,508,71,60,106,121,80,70,0.2,2.2,55,Sinistcha
1202,1014,Okidogi,Poison,Fighting,555,88,128,115,58,86,80,1.8,92,28.4,Okidogi
1203,1015,Munkidori,Poison,Psychic,555,88,75,66,130,90,106,1,12.2,12.2,Munkidori
1204,1016,Fezandipiti,Poison,Fairy,555,88,91,82,70,125,99,1.4,30.1,15.4,Fezandipiti
1205,1017,OgerponTeal Mask,Grass,,550,80,120,84,60,96,110,1.2,39.8,27.6,OgerponTeal Mask
1206,1017,OgerponWellspring Mask,Grass,Water,550,80,120,84,60,96,110,1.2,39.8,27.6,OgerponWellspring Mask
1207,1017,OgerponHearthflame Mask,Grass,Fire,550,80,120,84,60,96,110,1.2,39.8,27.6,OgerponHearthflame Mask
1208,1017,OgerponCornerstone Mask,Grass,Rock,550,80,120,84,60,96,110,1.2,39.8,27.6,OgerponCornerstone Mask
1209,1018,Archaludon,Steel,Dragon,600,90,105,130,125,65,85,2,60,15,Archaludon
1210,1019,Hydrapple,Grass,Dragon,540,106,80,110,120,80,44,1.8,93,28.7,Hydrapple
1211,1020,Gouging Fire,Fire,Dragon,590,105,115,121,65,93,91,3.5,590,48.2,Gouging Fire
1212,1021,Raging Bolt,Electric,Dragon,590,125,73,91,137,89,75,5.2,480,17.8,Raging Bolt
1213,1022,Iron Boulder,Rock,Psychic,590,90,120,80,68,108,124,1.5,162.5,72.2,Iron Boulder
1214,1023,Iron Crown,Steel,Psychic,590,90,72,100,122,108,98,1.6,156,60.9,Iron Crown
1215,1024,TerapagosStellar Form,Normal,,700,160,105,110,130,110,85,1.7,77,26.6,TerapagosStellar Form
1216,1024,TerapagosNormal Form,Normal,,450,90,65,85,65,85,60,0.2,6.5,162.5,TerapagosNormal Form
1217,1024,TerapagosTerastal Form,Normal,,600,95,95,110,105,110,85,0.3,16,177.8,TerapagosTerastal Form
1218,1025,Pecharunt,Poison,Ghost,600,88,88,160,88,88,88,0.3,0.3,3.3,Pecharunt
